;TLC_ID;COMPOUND_ID;SMILES;H;EA;DCM;MeOH;Rf
0;1;1;O=C(C1=CC=CC=C1)CCCl;1;0;0;0;0.049175
1;2;1;O=C(C1=CC=CC=C1)CCCl;0.980392;0.019608;0;0;0.262708
2;3;1;O=C(C1=CC=CC=C1)CCCl;0.952381;0.047619;0;0;0.4102
3;4;1;O=C(C1=CC=CC=C1)CCCl;0.833333;0.166667;0;0;0.719773
4;5;1;O=C(C1=CC=CC=C1)CCCl;0.75;0.25;0;0;0.794856
5;6;1;O=C(C1=CC=CC=C1)CCCl;0.5;0.5;0;0;0.974462
6;7;1;O=C(C1=CC=CC=C1)CCCl;0.333333;0.666667;0;0;0.976829
7;8;1;O=C(C1=CC=CC=C1)CCCl;0;1;0;0;0.980526
8;9;3;CC(C1=CC=C(C(C)=O)C=C1)=O;1;0;0;0;0.013357
9;10;3;CC(C1=CC=C(C(C)=O)C=C1)=O;0.980392;0.019608;0;0;0.043513
10;11;3;CC(C1=CC=C(C(C)=O)C=C1)=O;0.952381;0.047619;0;0;0.060319
11;12;3;CC(C1=CC=C(C(C)=O)C=C1)=O;0.833333;0.166667;0;0;0.284939
12;13;3;CC(C1=CC=C(C(C)=O)C=C1)=O;0.75;0.25;0;0;0.420388
13;14;3;CC(C1=CC=C(C(C)=O)C=C1)=O;0.5;0.5;0;0;0.770158
14;15;3;CC(C1=CC=C(C(C)=O)C=C1)=O;0.333333;0.666667;0;0;0.857664
15;16;3;CC(C1=CC=C(C(C)=O)C=C1)=O;0;1;0;0;0.912367
16;17;4;O=C(C1=NC=CC=C1)C2=CC=CC=C2;1;0;0;0;0.015686
17;18;4;O=C(C1=NC=CC=C1)C2=CC=CC=C2;0.980392;0.019608;0;0;0.090994
18;19;4;O=C(C1=NC=CC=C1)C2=CC=CC=C2;0.952381;0.047619;0;0;0.184601
19;20;4;O=C(C1=NC=CC=C1)C2=CC=CC=C2;0.833333;0.166667;0;0;0.408376
20;21;4;O=C(C1=NC=CC=C1)C2=CC=CC=C2;0.75;0.25;0;0;0.567808
21;22;4;O=C(C1=NC=CC=C1)C2=CC=CC=C2;0.5;0.5;0;0;0.827728
22;23;4;O=C(C1=NC=CC=C1)C2=CC=CC=C2;0.333333;0.666667;0;0;0.890663
23;24;4;O=C(C1=NC=CC=C1)C2=CC=CC=C2;0;1;0;0;0.929798
24;25;5;COC1=CC=C2C=CC=CC2=C1;1;0;0;0;0.264465
25;26;5;COC1=CC=C2C=CC=CC2=C1;0.980392;0.019608;0;0;0.514159
26;27;5;COC1=CC=C2C=CC=CC2=C1;0.952381;0.047619;0;0;0.625546
27;28;5;COC1=CC=C2C=CC=CC2=C1;0.833333;0.166667;0;0;0.850549
28;29;5;COC1=CC=C2C=CC=CC2=C1;0.75;0.25;0;0;0.8958
29;30;5;COC1=CC=C2C=CC=CC2=C1;0.5;0.5;0;0;1
30;31;5;COC1=CC=C2C=CC=CC2=C1;0.333333;0.666667;0;0;1
31;32;5;COC1=CC=C2C=CC=CC2=C1;0;1;0;0;1
32;33;6;BrC1=CC=C2C=CC=CC2=C1;1;0;0;0;0.772653
33;34;6;BrC1=CC=C2C=CC=CC2=C1;0.980392;0.019608;0;0;0.811256
34;35;6;BrC1=CC=C2C=CC=CC2=C1;0.952381;0.047619;0;0;0.82949
35;36;6;BrC1=CC=C2C=CC=CC2=C1;0.833333;0.166667;0;0;0.926935
36;37;6;BrC1=CC=C2C=CC=CC2=C1;0.75;0.25;0;0;0.938131
37;38;6;BrC1=CC=C2C=CC=CC2=C1;0.5;0.5;0;0;0.996529
38;39;6;BrC1=CC=C2C=CC=CC2=C1;0.333333;0.666667;0;0;1
39;40;6;BrC1=CC=C2C=CC=CC2=C1;0;1;0;0;1
40;41;7;CC1=CC=C(OC)C(OC)=C1;1;0;0;0;0.097297
41;42;7;CC1=CC=C(OC)C(OC)=C1;0.980392;0.019608;0;0;0.185605
42;43;7;CC1=CC=C(OC)C(OC)=C1;0.952381;0.047619;0;0;0.321301
43;44;7;CC1=CC=C(OC)C(OC)=C1;0.833333;0.166667;0;0;0.651281
44;45;7;CC1=CC=C(OC)C(OC)=C1;0.75;0.25;0;0;0.752525
45;46;7;CC1=CC=C(OC)C(OC)=C1;0.5;0.5;0;0;0.927109
46;47;7;CC1=CC=C(OC)C(OC)=C1;0.333333;0.666667;0;0;0.962851
47;48;7;CC1=CC=C(OC)C(OC)=C1;0;1;0;0;0.970598
48;49;8;O=C(OCC)/C=C\C1=CC=CC=C1;1;0;0;0;0.110671
49;50;8;O=C(OCC)/C=C\C1=CC=CC=C1;0.980392;0.019608;0;0;0.259005
50;51;8;O=C(OCC)/C=C\C1=CC=CC=C1;0.952381;0.047619;0;0;0.468409
51;52;8;O=C(OCC)/C=C\C1=CC=CC=C1;0.833333;0.166667;0;0;0.760878
52;53;8;O=C(OCC)/C=C\C1=CC=CC=C1;0.75;0.25;0;0;0.850213
53;54;8;O=C(OCC)/C=C\C1=CC=CC=C1;0.5;0.5;0;0;0.96529
54;55;8;O=C(OCC)/C=C\C1=CC=CC=C1;0.333333;0.666667;0;0;1
55;56;8;O=C(OCC)/C=C\C1=CC=CC=C1;0;1;0;0;1
56;57;9;OCCC1=C2C=CC=CC2=CC=C1;1;0;0;0;0.017709
57;58;9;OCCC1=C2C=CC=CC2=CC=C1;0.980392;0.019608;0;0;0.031592
58;59;9;OCCC1=C2C=CC=CC2=CC=C1;0.952381;0.047619;0;0;0.041716
59;60;9;OCCC1=C2C=CC=CC2=CC=C1;0.833333;0.166667;0;0;0.211486
60;61;9;OCCC1=C2C=CC=CC2=CC=C1;0.75;0.25;0;0;0.320612
61;62;9;OCCC1=C2C=CC=CC2=CC=C1;0.5;0.5;0;0;0.710098
62;63;9;OCCC1=C2C=CC=CC2=CC=C1;0.333333;0.666667;0;0;0.841271
63;64;9;OCCC1=C2C=CC=CC2=CC=C1;0;1;0;0;0.880588
64;65;10;CC(C1=CC=C(Br)C=C1)C;1;0;0;0;0.89587
65;66;10;CC(C1=CC=C(Br)C=C1)C;0.980392;0.019608;0;0;0.89587
66;67;10;CC(C1=CC=C(Br)C=C1)C;0.952381;0.047619;0;0;0.9414
67;68;10;CC(C1=CC=C(Br)C=C1)C;0.833333;0.166667;0;0;1
68;69;10;CC(C1=CC=C(Br)C=C1)C;0.75;0.25;0;0;1
69;70;10;CC(C1=CC=C(Br)C=C1)C;0.5;0.5;0;0;1
70;71;10;CC(C1=CC=C(Br)C=C1)C;0.333333;0.666667;0;0;1
71;72;10;CC(C1=CC=C(Br)C=C1)C;0;1;0;0;1
72;73;11;NC1=C2N=CC=CC2=CC=C1;1;0;0;0;0.014238
73;74;11;NC1=C2N=CC=CC2=CC=C1;0.980392;0.019608;0;0;0.048947
74;75;11;NC1=C2N=CC=CC2=CC=C1;0.952381;0.047619;0;0;0.089975
75;76;11;NC1=C2N=CC=CC2=CC=C1;0.833333;0.166667;0;0;0.353353
76;77;11;NC1=C2N=CC=CC2=CC=C1;0.75;0.25;0;0;0.479136
77;78;11;NC1=C2N=CC=CC2=CC=C1;0.5;0.5;0;0;0.790071
78;79;11;NC1=C2N=CC=CC2=CC=C1;0.333333;0.666667;0;0;0.905438
79;80;11;NC1=C2N=CC=CC2=CC=C1;0;1;0;0;0.914705
80;81;12;CC(C1=CC=C2C=CC=CC2=C1)=O;1;0;0;0;0.038534
81;82;12;CC(C1=CC=C2C=CC=CC2=C1)=O;0.980392;0.019608;0;0;0.107954
82;83;12;CC(C1=CC=C2C=CC=CC2=C1)=O;0.952381;0.047619;0;0;0.269222
83;84;12;CC(C1=CC=C2C=CC=CC2=C1)=O;0.833333;0.166667;0;0;0.604093
84;85;12;CC(C1=CC=C2C=CC=CC2=C1)=O;0.75;0.25;0;0;0.72501
85;86;12;CC(C1=CC=C2C=CC=CC2=C1)=O;0.5;0.5;0;0;0.910031
86;87;12;CC(C1=CC=C2C=CC=CC2=C1)=O;0.333333;0.666667;0;0;0.976359
87;88;12;CC(C1=CC=C2C=CC=CC2=C1)=O;0;1;0;0;1
88;89;13;OCCOCC1=CC=CC=C1;1;0;0;0;0.035412
89;90;13;OCCOCC1=CC=CC=C1;0.980392;0.019608;0;0;0.038963
90;91;13;OCCOCC1=CC=CC=C1;0.952381;0.047619;0;0;0.046679
91;92;13;OCCOCC1=CC=CC=C1;0.833333;0.166667;0;0;0.239318
92;93;13;OCCOCC1=CC=CC=C1;0.75;0.25;0;0;0.321766
93;94;13;OCCOCC1=CC=CC=C1;0.333333;0.666667;0;0;0.742661
94;95;13;OCCOCC1=CC=CC=C1;0;1;0;0;0.814498
95;96;14;BrC1=CC=CC=C1C2=CC=CC=C2;1;0;0;0;0.624318
96;97;14;BrC1=CC=CC=C1C2=CC=CC=C2;0.980392;0.019608;0;0;0.699408
97;98;14;BrC1=CC=CC=C1C2=CC=CC=C2;0.952381;0.047619;0;0;0.745119
98;99;14;BrC1=CC=CC=C1C2=CC=CC=C2;0.833333;0.166667;0;0;0.912488
99;100;14;BrC1=CC=CC=C1C2=CC=CC=C2;0.75;0.25;0;0;0.954999
100;101;14;BrC1=CC=CC=C1C2=CC=CC=C2;0.5;0.5;0;0;0.975361
101;102;14;BrC1=CC=CC=C1C2=CC=CC=C2;0.333333;0.666667;0;0;0.990102
102;103;14;BrC1=CC=CC=C1C2=CC=CC=C2;0;1;0;0;0.996565
103;104;15;IC1=CC=CC=C1CBr;1;0;0;0;0.548167
104;105;15;IC1=CC=CC=C1CBr;0.980392;0.019608;0;0;0.639988
105;106;15;IC1=CC=CC=C1CBr;0.952381;0.047619;0;0;0.698777
106;107;15;IC1=CC=CC=C1CBr;0.833333;0.166667;0;0;0.862
107;108;15;IC1=CC=CC=C1CBr;0.75;0.25;0;0;0.922855
108;109;15;IC1=CC=CC=C1CBr;0.5;0.5;0;0;0.975361
109;110;15;IC1=CC=CC=C1CBr;0.333333;0.666667;0;0;0.986803
110;111;15;IC1=CC=CC=C1CBr;0;1;0;0;0.996565
111;112;16;C=CCCC1=CC=CC=C1;1;0;0;0;0.751238
112;113;16;C=CCCC1=CC=CC=C1;0.980392;0.019608;0;0;0.853199
113;114;16;C=CCCC1=CC=CC=C1;0.952381;0.047619;0;0;0.943728
114;115;16;C=CCCC1=CC=CC=C1;0.833333;0.166667;0;0;0.993268
115;116;16;C=CCCC1=CC=CC=C1;0.75;0.25;0;0;1
116;117;16;C=CCCC1=CC=CC=C1;0.5;0.5;0;0;1
117;118;16;C=CCCC1=CC=CC=C1;0.333333;0.666667;0;0;1
118;119;16;C=CCCC1=CC=CC=C1;0;1;0;0;1
119;120;17;C1(C2=NC=CC=C2)=NC=CC=C1;1;0;0;0;0.02163
120;121;17;C1(C2=NC=CC=C2)=NC=CC=C1;0.980392;0.019608;0;0;0.021106
121;122;17;C1(C2=NC=CC=C2)=NC=CC=C1;0.952381;0.047619;0;0;0.0139
122;123;17;C1(C2=NC=CC=C2)=NC=CC=C1;0.833333;0.166667;0;0;0.095698
123;124;17;C1(C2=NC=CC=C2)=NC=CC=C1;0;1;0;0;0.195486
124;125;18;BrC1=CC=C(C2=CC=C(Br)C=C2)C=C1;1;0;0;0;0.647368
125;126;18;BrC1=CC=C(C2=CC=C(Br)C=C2)C=C1;0.980392;0.019608;0;0;0.677778
126;127;18;BrC1=CC=C(C2=CC=C(Br)C=C2)C=C1;0.952381;0.047619;0;0;0.779737
127;128;18;BrC1=CC=C(C2=CC=C(Br)C=C2)C=C1;0.833333;0.166667;0;0;0.917791
128;129;18;BrC1=CC=C(C2=CC=C(Br)C=C2)C=C1;0.75;0.25;0;0;0.963468
129;130;18;BrC1=CC=C(C2=CC=C(Br)C=C2)C=C1;0;1;0;0;0.986306
130;131;19;C12=CC=C3C=CC=NC3=C1N=CC=C2;1;0;0;0;0
131;132;19;C12=CC=C3C=CC=NC3=C1N=CC=C2;0.980392;0.019608;0;0;0
132;133;19;C12=CC=C3C=CC=NC3=C1N=CC=C2;0.952381;0.047619;0;0;0
133;134;19;C12=CC=C3C=CC=NC3=C1N=CC=C2;0.833333;0.166667;0;0;0.020065
134;135;19;C12=CC=C3C=CC=NC3=C1N=CC=C2;0.75;0.25;0;0;0.000338
135;136;19;C12=CC=C3C=CC=NC3=C1N=CC=C2;0.333333;0.666667;0;0;0.039532
136;137;19;C12=CC=C3C=CC=NC3=C1N=CC=C2;0;1;0;0;0.035176
137;138;20;BrCCCC1=CC=CC=C1;1;0;0;0;0.624249
138;139;20;BrCCCC1=CC=CC=C1;0.980392;0.019608;0;0;0.697842
139;140;20;BrCCCC1=CC=CC=C1;0.952381;0.047619;0;0;0.861065
140;141;20;BrCCCC1=CC=CC=C1;0.833333;0.166667;0;0;0.934233
141;142;20;BrCCCC1=CC=CC=C1;0.75;0.25;0;0;0.983394
142;143;20;BrCCCC1=CC=CC=C1;0;1;0;0;0.993153
143;144;21;COC1=CC=C(CCBr)C=C1;1;0;0;0;0.113634
144;145;21;COC1=CC=C(CCBr)C=C1;0.980392;0.019608;0;0;0.11104
145;146;21;COC1=CC=C(CCBr)C=C1;0.952381;0.047619;0;0;0.55716
146;147;21;COC1=CC=C(CCBr)C=C1;0.833333;0.166667;0;0;0.833314
147;148;21;COC1=CC=C(CCBr)C=C1;0.75;0.25;0;0;0.876176
148;149;21;COC1=CC=C(CCBr)C=C1;0.333333;0.666667;0;0;0.989898
149;150;21;COC1=CC=C(CCBr)C=C1;0;1;0;0;0.989898
150;151;22;O=C(OCC)C1=CC=C(C#N)C=C1;1;0;0;0;0.020333
151;152;22;O=C(OCC)C1=CC=C(C#N)C=C1;0.980392;0.019608;0;0;0.028024
152;153;22;O=C(OCC)C1=CC=C(C#N)C=C1;0.952381;0.047619;0;0;0.198907
153;154;22;O=C(OCC)C1=CC=C(C#N)C=C1;0.833333;0.166667;0;0;0.619003
154;155;22;O=C(OCC)C1=CC=C(C#N)C=C1;0.75;0.25;0;0;0.742827
155;156;22;O=C(OCC)C1=CC=C(C#N)C=C1;0.333333;0.666667;0;0;0.984847
156;157;22;O=C(OCC)C1=CC=C(C#N)C=C1;0;1;0;0;0.989898
157;158;23;CC1=CC(C2=NC=CC(C)=C2)=NC=C1;1;0;0;0;0.023665
158;159;23;CC1=CC(C2=NC=CC(C)=C2)=NC=C1;0.980392;0.019608;0;0;0.028024
159;160;23;CC1=CC(C2=NC=CC(C)=C2)=NC=C1;0.952381;0.047619;0;0;0.029732
160;161;23;CC1=CC(C2=NC=CC(C)=C2)=NC=C1;0.833333;0.166667;0;0;0.137994
161;162;23;CC1=CC(C2=NC=CC(C)=C2)=NC=C1;0.75;0.25;0;0;0.137994
162;163;23;CC1=CC(C2=NC=CC(C)=C2)=NC=C1;0.333333;0.666667;0;0;0.131205
163;164;23;CC1=CC(C2=NC=CC(C)=C2)=NC=C1;0;1;0;0;0.15646
164;165;25;C1(C2=CC=CC=C2)=CC=CC=C1;1;0;0;0;0.555503
165;166;25;C1(C2=CC=CC=C2)=CC=CC=C1;0.980392;0.019608;0;0;0.71756
166;167;25;C1(C2=CC=CC=C2)=CC=CC=C1;0.952381;0.047619;0;0;0.733915
167;168;25;C1(C2=CC=CC=C2)=CC=CC=C1;0.833333;0.166667;0;0;0.935178
168;169;25;C1(C2=CC=CC=C2)=CC=CC=C1;0.75;0.25;0;0;0.956726
169;170;25;C1(C2=CC=CC=C2)=CC=CC=C1;0.5;0.5;0;0;0.995327
170;171;25;C1(C2=CC=CC=C2)=CC=CC=C1;0.333333;0.666667;0;0;0.995327
171;172;25;C1(C2=CC=CC=C2)=CC=CC=C1;0;1;0;0;1
172;173;26;ClCCC1=CC=C(Cl)C=C1;1;0;0;0;0.526514
173;174;26;ClCCC1=CC=C(Cl)C=C1;0.952381;0.047619;0;0;0.660512
174;175;26;ClCCC1=CC=C(Cl)C=C1;0.833333;0.166667;0;0;0.856465
175;176;26;ClCCC1=CC=C(Cl)C=C1;0.75;0.25;0;0;0.91826
176;177;26;ClCCC1=CC=C(Cl)C=C1;0.5;0.5;0;0;0.995327
177;178;26;ClCCC1=CC=C(Cl)C=C1;0.333333;0.666667;0;0;0.995327
178;179;26;ClCCC1=CC=C(Cl)C=C1;0;1;0;0;0.990697
179;180;27;CC(C1=CC=C(O)C=C1)=O;1;0;0;0;0
180;181;27;CC(C1=CC=C(O)C=C1)=O;0.980392;0.019608;0;0;0
181;182;27;CC(C1=CC=C(O)C=C1)=O;0.952381;0.047619;0;0;0
182;183;27;CC(C1=CC=C(O)C=C1)=O;0.833333;0.166667;0;0;0.106379
183;184;27;CC(C1=CC=C(O)C=C1)=O;0.75;0.25;0;0;0.221061
184;185;27;CC(C1=CC=C(O)C=C1)=O;0.5;0.5;0;0;0.570044
185;186;27;CC(C1=CC=C(O)C=C1)=O;0.333333;0.666667;0;0;0.752308
186;187;27;CC(C1=CC=C(O)C=C1)=O;0;1;0;0;0.874404
187;188;28;BrCC1=CC(CBr)=CC=C1;1;0;0;0;0.270444
188;189;28;BrCC1=CC(CBr)=CC=C1;0.980392;0.019608;0;0;0.481422
189;190;28;BrCC1=CC(CBr)=CC=C1;0.952381;0.047619;0;0;0.591697
190;191;28;BrCC1=CC(CBr)=CC=C1;0.833333;0.166667;0;0;0.805533
191;192;28;BrCC1=CC(CBr)=CC=C1;0.75;0.25;0;0;0.899026
192;193;28;BrCC1=CC(CBr)=CC=C1;0.5;0.5;0;0;0.995327
193;194;28;BrCC1=CC(CBr)=CC=C1;0.333333;0.666667;0;0;0.990653
194;195;28;BrCC1=CC(CBr)=CC=C1;0;1;0;0;0.995348
195;196;29;O=C(OC(C)(C)C)NC1=CC=C(Br)C=C1;1;0;0;0;0.008939
196;197;29;O=C(OC(C)(C)C)NC1=CC=C(Br)C=C1;0.980392;0.019608;0;0;0.235725
197;198;29;O=C(OC(C)(C)C)NC1=CC=C(Br)C=C1;0.952381;0.047619;0;0;0.35104
198;199;29;O=C(OC(C)(C)C)NC1=CC=C(Br)C=C1;0.833333;0.166667;0;0;0.67449
199;200;29;O=C(OC(C)(C)C)NC1=CC=C(Br)C=C1;0.75;0.25;0;0;0.787013
200;201;29;O=C(OC(C)(C)C)NC1=CC=C(Br)C=C1;0.5;0.5;0;0;0.953483
201;202;29;O=C(OC(C)(C)C)NC1=CC=C(Br)C=C1;0.333333;0.666667;0;0;0.99537
202;203;29;O=C(OC(C)(C)C)NC1=CC=C(Br)C=C1;0;1;0;0;1
203;204;30;OC1=CC=C(C(F)(F)F)C=C1;1;0;0;0;0.004414
204;205;30;OC1=CC=C(C(F)(F)F)C=C1;0.980392;0.019608;0;0;0.10034
205;206;30;OC1=CC=C(C(F)(F)F)C=C1;0.952381;0.047619;0;0;0.137683
206;207;30;OC1=CC=C(C(F)(F)F)C=C1;0.833333;0.166667;0;0;0.415026
207;208;30;OC1=CC=C(C(F)(F)F)C=C1;0.75;0.25;0;0;0.550875
208;209;30;OC1=CC=C(C(F)(F)F)C=C1;0.5;0.5;0;0;0.855797
209;210;30;OC1=CC=C(C(F)(F)F)C=C1;0.333333;0.666667;0;0;0.935178
210;211;30;OC1=CC=C(C(F)(F)F)C=C1;0;1;0;0;0.968465
211;212;31;COC1=CC=C(OC)C=C1;1;0;0;0;0.054193
212;213;31;COC1=CC=C(OC)C=C1;0.980392;0.019608;0;0;0.419151
213;214;31;COC1=CC=C(OC)C=C1;0.952381;0.047619;0;0;0.542172
214;215;31;COC1=CC=C(OC)C=C1;0.833333;0.166667;0;0;0.735818
215;216;31;COC1=CC=C(OC)C=C1;0.75;0.25;0;0;0.828684
216;217;31;COC1=CC=C(OC)C=C1;0.5;0.5;0;0;0.96
217;218;31;COC1=CC=C(OC)C=C1;0.333333;0.666667;0;0;0.978677
218;219;31;COC1=CC=C(OC)C=C1;0;1;0;0;1
219;220;32;O=C(OC)C1=CC=C(I)C=C1;1;0;0;0;0.063244
220;221;32;O=C(OC)C1=CC=C(I)C=C1;0.980392;0.019608;0;0;0.43662
221;222;32;O=C(OC)C1=CC=C(I)C=C1;0.952381;0.047619;0;0;0.559952
222;223;32;O=C(OC)C1=CC=C(I)C=C1;0.833333;0.166667;0;0;0.773559
223;224;32;O=C(OC)C1=CC=C(I)C=C1;0.75;0.25;0;0;0.874986
224;225;32;O=C(OC)C1=CC=C(I)C=C1;0.5;0.5;0;0;0.97209
225;226;32;O=C(OC)C1=CC=C(I)C=C1;0.333333;0.666667;0;0;0.98611
226;227;32;O=C(OC)C1=CC=C(I)C=C1;0;1;0;0;1
227;228;33;CC(O)C1=CC=CC=C1;1;0;0;0;0.026642
228;229;33;CC(O)C1=CC=CC=C1;0.980392;0.019608;0;0;0.077722
229;230;33;CC(O)C1=CC=CC=C1;0.952381;0.047619;0;0;0.116721
230;231;33;CC(O)C1=CC=CC=C1;0.833333;0.166667;0;0;0.404583
231;232;33;CC(O)C1=CC=CC=C1;0.75;0.25;0;0;0.545919
232;233;33;CC(O)C1=CC=CC=C1;0.5;0.5;0;0;0.786956
233;234;33;CC(O)C1=CC=CC=C1;0.333333;0.666667;0;0;0.915854
234;235;33;CC(O)C1=CC=CC=C1;0;1;0;0;0.930944
235;236;34;O=C(OCC)C1=CC=C(N)C=C1;1;0;0;0;0
236;237;34;O=C(OCC)C1=CC=C(N)C=C1;0.980392;0.019608;0;0;0.006778
237;238;34;O=C(OCC)C1=CC=C(N)C=C1;0.952381;0.047619;0;0;0.027925
238;239;34;O=C(OCC)C1=CC=C(N)C=C1;0.833333;0.166667;0;0;0.218515
239;240;34;O=C(OCC)C1=CC=C(N)C=C1;0.75;0.25;0;0;0.356154
240;241;34;O=C(OCC)C1=CC=C(N)C=C1;0.5;0.5;0;0;0.711572
241;242;34;O=C(OCC)C1=CC=C(N)C=C1;0.333333;0.666667;0;0;0.878829
242;243;34;O=C(OCC)C1=CC=C(N)C=C1;0;1;0;0;0.944098
243;244;35;O=C1C2=C(OC3=C1C=CC=C3)C=CC=C2;1;0;0;0;0.003623
244;245;35;O=C1C2=C(OC3=C1C=CC=C3)C=CC=C2;0.980392;0.019608;0;0;0.193813
245;246;35;O=C1C2=C(OC3=C1C=CC=C3)C=CC=C2;0.952381;0.047619;0;0;0.298985
246;247;35;O=C1C2=C(OC3=C1C=CC=C3)C=CC=C2;0.833333;0.166667;0;0;0.613909
247;248;35;O=C1C2=C(OC3=C1C=CC=C3)C=CC=C2;0.75;0.25;0;0;0.739073
248;249;35;O=C1C2=C(OC3=C1C=CC=C3)C=CC=C2;0.5;0.5;0;0;0.914783
249;250;35;O=C1C2=C(OC3=C1C=CC=C3)C=CC=C2;0.333333;0.666667;0;0;0.966342
250;251;35;O=C1C2=C(OC3=C1C=CC=C3)C=CC=C2;0;1;0;0;0.967116
251;252;36;CC(CC/C=C(C)\C)C(/C=C/C1=CC=CC=C1)C(O)=O;1;0;0;0;0
252;253;36;CC(CC/C=C(C)\C)C(/C=C/C1=CC=CC=C1)C(O)=O;0.980392;0.019608;0;0;0
253;254;36;CC(CC/C=C(C)\C)C(/C=C/C1=CC=CC=C1)C(O)=O;0.952381;0.047619;0;0;0
254;255;36;CC(CC/C=C(C)\C)C(/C=C/C1=CC=CC=C1)C(O)=O;0.833333;0.166667;0;0;0.074312
255;256;36;CC(CC/C=C(C)\C)C(/C=C/C1=CC=CC=C1)C(O)=O;0.75;0.25;0;0;0.149446
256;257;36;CC(CC/C=C(C)\C)C(/C=C/C1=CC=CC=C1)C(O)=O;0.5;0.5;0;0;0.491973
257;258;36;CC(CC/C=C(C)\C)C(/C=C/C1=CC=CC=C1)C(O)=O;0.333333;0.666667;0;0;0.724
258;259;36;CC(CC/C=C(C)\C)C(/C=C/C1=CC=CC=C1)C(O)=O;0;1;0;0;0.881619
259;260;37;BrCC1=CC=C(Br)C=C1;1;0;0;0;0.547161
260;261;37;BrCC1=CC=C(Br)C=C1;0.980392;0.019608;0;0;0.680283
261;262;37;BrCC1=CC=C(Br)C=C1;0.952381;0.047619;0;0;0.685313
262;263;37;BrCC1=CC=C(Br)C=C1;0.833333;0.166667;0;0;0.896703
263;264;37;BrCC1=CC=C(Br)C=C1;0.75;0.25;0;0;0.916315
264;265;37;BrCC1=CC=C(Br)C=C1;0.5;0.5;0;0;0.994778
265;266;37;BrCC1=CC=C(Br)C=C1;0.333333;0.666667;0;0;0.989925
266;267;37;BrCC1=CC=C(Br)C=C1;0;1;0;0;0.987066
267;268;38;O=CC1=CC=C([N+]([O-])=O)C=C1;1;0;0;0;0.007983
268;269;38;O=CC1=CC=C([N+]([O-])=O)C=C1;0.980392;0.019608;0;0;0.09247
269;270;38;O=CC1=CC=C([N+]([O-])=O)C=C1;0.952381;0.047619;0;0;0.119565
270;271;38;O=CC1=CC=C([N+]([O-])=O)C=C1;0.833333;0.166667;0;0;0.432714
271;272;38;O=CC1=CC=C([N+]([O-])=O)C=C1;0.75;0.25;0;0;0.579868
272;273;38;O=CC1=CC=C([N+]([O-])=O)C=C1;0.5;0.5;0;0;0.869459
273;274;38;O=CC1=CC=C([N+]([O-])=O)C=C1;0.333333;0.666667;0;0;0.937871
274;275;38;O=CC1=CC=C([N+]([O-])=O)C=C1;0;1;0;0;0.974132
275;276;39;BrCC1=CC=CC=C1Br;1;0;0;0;0.555971
276;277;39;BrCC1=CC=CC=C1Br;0.980392;0.019608;0;0;0.633657
277;278;39;BrCC1=CC=CC=C1Br;0.952381;0.047619;0;0;0.668117
278;279;39;BrCC1=CC=CC=C1Br;0.833333;0.166667;0;0;0.849288
279;280;39;BrCC1=CC=CC=C1Br;0.75;0.25;0;0;0.906068
280;281;39;BrCC1=CC=CC=C1Br;0.5;0.5;0;0;0.987816
281;282;39;BrCC1=CC=CC=C1Br;0.333333;0.666667;0;0;0.989925
282;283;39;BrCC1=CC=CC=C1Br;0;1;0;0;0.995449
283;284;40;CC(NC1=CC=CC=C1)=O;1;0;0;0;0
284;285;40;CC(NC1=CC=CC=C1)=O;0.980392;0.019608;0;0;0
285;286;40;CC(NC1=CC=CC=C1)=O;0.952381;0.047619;0;0;0
286;287;40;CC(NC1=CC=CC=C1)=O;0.833333;0.166667;0;0;0.044927
287;288;40;CC(NC1=CC=CC=C1)=O;0.75;0.25;0;0;0.115333
288;289;40;CC(NC1=CC=CC=C1)=O;0.5;0.5;0;0;0.392548
289;290;40;CC(NC1=CC=CC=C1)=O;0.333333;0.666667;0;0;0.565094
290;291;40;CC(NC1=CC=CC=C1)=O;0;1;0;0;0.755873
291;292;41;NC1=C(C)C=C(Br)C=C1C;1;0;0;0;0.020909
292;293;41;NC1=C(C)C=C(Br)C=C1C;0.980392;0.019608;0;0;0.097571
293;294;41;NC1=C(C)C=C(Br)C=C1C;0.952381;0.047619;0;0;0.160331
294;295;41;NC1=C(C)C=C(Br)C=C1C;0.833333;0.166667;0;0;0.447785
295;296;41;NC1=C(C)C=C(Br)C=C1C;0.75;0.25;0;0;0.565096
296;297;41;NC1=C(C)C=C(Br)C=C1C;0.5;0.5;0;0;0.849497
297;298;41;NC1=C(C)C=C(Br)C=C1C;0.333333;0.666667;0;0;0.941239
298;299;41;NC1=C(C)C=C(Br)C=C1C;0;1;0;0;0.950836
299;300;42;N#CC1=CC=C(C#N)C=C1;1;0;0;0;0
300;301;42;N#CC1=CC=C(C#N)C=C1;0.980392;0.019608;0;0;0.053512
301;302;42;N#CC1=CC=C(C#N)C=C1;0.952381;0.047619;0;0;0.08368
302;303;42;N#CC1=CC=C(C#N)C=C1;0.833333;0.166667;0;0;0.399627
303;304;42;N#CC1=CC=C(C#N)C=C1;0.75;0.25;0;0;0.574094
304;305;42;N#CC1=CC=C(C#N)C=C1;0.5;0.5;0;0;0.898046
305;306;42;N#CC1=CC=C(C#N)C=C1;0.333333;0.666667;0;0;0.986942
306;307;42;N#CC1=CC=C(C#N)C=C1;0;1;0;0;1
307;308;43;CC(C1=CC=C(N)C=C1)=O;1;0;0;0;0
308;309;43;CC(C1=CC=C(N)C=C1)=O;0.980392;0.019608;0;0;0
309;310;43;CC(C1=CC=C(N)C=C1)=O;0.952381;0.047619;0;0;0
310;311;43;CC(C1=CC=C(N)C=C1)=O;0.833333;0.166667;0;0;0.06894
311;312;43;CC(C1=CC=C(N)C=C1)=O;0.75;0.25;0;0;0.139189
312;313;43;CC(C1=CC=C(N)C=C1)=O;0.5;0.5;0;0;0.504795
313;314;43;CC(C1=CC=C(N)C=C1)=O;0.333333;0.666667;0;0;0.699667
314;315;43;CC(C1=CC=C(N)C=C1)=O;0;1;0;0;0.859065
315;316;45;N#CC1=CC=CC(N)=C1;1;0;0;0;0
316;317;45;N#CC1=CC=CC(N)=C1;0.980392;0.019608;0;0;0.013109
317;318;45;N#CC1=CC=CC(N)=C1;0.952381;0.047619;0;0;0.014036
318;319;45;N#CC1=CC=CC(N)=C1;0.833333;0.166667;0;0;0.170519
319;320;45;N#CC1=CC=CC(N)=C1;0.75;0.25;0;0;0.297892
320;321;45;N#CC1=CC=CC(N)=C1;0.5;0.5;0;0;0.68313
321;322;45;N#CC1=CC=CC(N)=C1;0.333333;0.666667;0;0;0.864983
322;323;45;N#CC1=CC=CC(N)=C1;0;1;0;0;0.933325
323;324;46;O=[N+](C1=CC=C(CBr)C=C1)[O-];1;0;0;0;0.052091
324;325;46;O=[N+](C1=CC=C(CBr)C=C1)[O-];0.980392;0.019608;0;0;0.242208
325;326;46;O=[N+](C1=CC=C(CBr)C=C1)[O-];0.952381;0.047619;0;0;0.344263
326;327;46;O=[N+](C1=CC=C(CBr)C=C1)[O-];0.833333;0.166667;0;0;0.625549
327;328;46;O=[N+](C1=CC=C(CBr)C=C1)[O-];0.75;0.25;0;0;0.747443
328;329;46;O=[N+](C1=CC=C(CBr)C=C1)[O-];0.5;0.5;0;0;0.945538
329;330;46;O=[N+](C1=CC=C(CBr)C=C1)[O-];0.333333;0.666667;0;0;0.994999
330;331;46;O=[N+](C1=CC=C(CBr)C=C1)[O-];0;1;0;0;1
331;332;47;N#CC1=CC=C(I)C=C1;1;0;0;0;0.043006
332;333;47;N#CC1=CC=C(I)C=C1;0.980392;0.019608;0;0;0.321512
333;334;47;N#CC1=CC=C(I)C=C1;0.952381;0.047619;0;0;0.457484
334;335;47;N#CC1=CC=C(I)C=C1;0.833333;0.166667;0;0;0.729826
335;336;47;N#CC1=CC=C(I)C=C1;0.75;0.25;0;0;0.838364
336;337;47;N#CC1=CC=C(I)C=C1;0.5;0.5;0;0;0.980196
337;338;47;N#CC1=CC=C(I)C=C1;0.333333;0.666667;0;0;1
338;339;47;N#CC1=CC=C(I)C=C1;0;1;0;0;1
339;340;48;N#CC1=CC=C(N)C=C1;1;0;0;0;0
340;341;48;N#CC1=CC=C(N)C=C1;0.980392;0.019608;0;0;0.008703
341;342;48;N#CC1=CC=C(N)C=C1;0.952381;0.047619;0;0;0
342;343;48;N#CC1=CC=C(N)C=C1;0.833333;0.166667;0;0;0.094681
343;344;48;N#CC1=CC=C(N)C=C1;0.75;0.25;0;0;0.217074
344;345;48;N#CC1=CC=C(N)C=C1;0.5;0.5;0;0;0.589059
345;346;48;N#CC1=CC=C(N)C=C1;0.333333;0.666667;0;0;0.789974
346;347;48;N#CC1=CC=C(N)C=C1;0;1;0;0;0.923801
347;348;77;CC1=CC=C(I)C=C1;1;0;0;0;0.827996
348;349;77;CC1=CC=C(I)C=C1;0.980392;0.019608;0;0;0.870764
349;350;77;CC1=CC=C(I)C=C1;0.952381;0.047619;0;0;0.89861
350;351;77;CC1=CC=C(I)C=C1;0.833333;0.166667;0;0;0.98564
351;352;77;CC1=CC=C(I)C=C1;0.75;0.25;0;0;1
352;353;77;CC1=CC=C(I)C=C1;0.5;0.5;0;0;1
353;354;77;CC1=CC=C(I)C=C1;0.333333;0.666667;0;0;1
354;355;77;CC1=CC=C(I)C=C1;0;1;0;0;1
355;356;78;CC1=CC=C(I)C(C)=C1;1;0;0;0;0.836892
356;357;78;CC1=CC=C(I)C(C)=C1;0.980392;0.019608;0;0;0.891248
357;358;78;CC1=CC=C(I)C(C)=C1;0.952381;0.047619;0;0;0.9073
358;359;78;CC1=CC=C(I)C(C)=C1;0.833333;0.166667;0;0;0.982769
359;360;78;CC1=CC=C(I)C(C)=C1;0.75;0.25;0;0;1
360;361;78;CC1=CC=C(I)C(C)=C1;0.5;0.5;0;0;1
361;362;78;CC1=CC=C(I)C(C)=C1;0.333333;0.666667;0;0;1
362;363;78;CC1=CC=C(I)C(C)=C1;0;1;0;0;1
363;364;79;C[Si](C)(CI)C;1;0;0;0;0.905101
364;365;79;C[Si](C)(CI)C;0.980392;0.019608;0;0;0.912355
365;366;79;C[Si](C)(CI)C;0.952381;0.047619;0;0;0.947856
366;367;79;C[Si](C)(CI)C;0.833333;0.166667;0;0;0.98564
367;368;79;C[Si](C)(CI)C;0.75;0.25;0;0;1
368;369;79;C[Si](C)(CI)C;0.5;0.5;0;0;1
369;370;79;C[Si](C)(CI)C;0.333333;0.666667;0;0;1
370;371;79;C[Si](C)(CI)C;0;1;0;0;1
371;372;80;IC1=CC=C(Cl)C=C1Br;1;0;0;0;0.85172
372;373;80;IC1=CC=C(Cl)C=C1Br;0.980392;0.019608;0;0;0.859277
373;374;80;IC1=CC=C(Cl)C=C1Br;0.952381;0.047619;0;0;0.927578
374;375;80;IC1=CC=C(Cl)C=C1Br;0.833333;0.166667;0;0;0.982769
375;376;80;IC1=CC=C(Cl)C=C1Br;0.75;0.25;0;0;1
376;377;80;IC1=CC=C(Cl)C=C1Br;0.5;0.5;0;0;1
377;378;80;IC1=CC=C(Cl)C=C1Br;0.333333;0.666667;0;0;1
378;379;80;IC1=CC=C(Cl)C=C1Br;0;1;0;0;1
379;380;81;CC(C1=CC=CC=C1I)=O;1;0;0;0;0.188944
380;381;81;CC(C1=CC=CC=C1I)=O;0.980392;0.019608;0;0;0.340628
381;382;81;CC(C1=CC=CC=C1I)=O;0.952381;0.047619;0;0;0.350847
382;383;81;CC(C1=CC=CC=C1I)=O;0.833333;0.166667;0;0;0.716107
383;384;81;CC(C1=CC=CC=C1I)=O;0.75;0.25;0;0;0.821649
384;385;81;CC(C1=CC=CC=C1I)=O;0.5;0.5;0;0;0.963768
385;386;81;CC(C1=CC=CC=C1I)=O;0.333333;0.666667;0;0;0.970432
386;387;81;CC(C1=CC=CC=C1I)=O;0;1;0;0;0.985303
387;388;82;CC1=CC=C(F)C=C1I;1;0;0;0;0.89672
388;389;82;CC1=CC=C(F)C=C1I;0.980392;0.019608;0;0;0.911295
389;390;82;CC1=CC=C(F)C=C1I;0.952381;0.047619;0;0;0.915459
390;391;82;CC1=CC=C(F)C=C1I;0.833333;0.166667;0;0;1
391;392;82;CC1=CC=C(F)C=C1I;0.75;0.25;0;0;1
392;393;82;CC1=CC=C(F)C=C1I;0.5;0.5;0;0;1
393;394;82;CC1=CC=C(F)C=C1I;0.333333;0.666667;0;0;1
394;395;82;CC1=CC=C(F)C=C1I;0;1;0;0;1
395;396;84;CC1=C(C)C(I)=CC=C1;1;0;0;0;0.899757
396;397;84;CC1=C(C)C(I)=CC=C1;0.980392;0.019608;0;0;0.904781
397;398;84;CC1=C(C)C(I)=CC=C1;0.952381;0.047619;0;0;0.948672
398;399;84;CC1=C(C)C(I)=CC=C1;0.833333;0.166667;0;0;1
399;400;84;CC1=C(C)C(I)=CC=C1;0.75;0.25;0;0;1
400;401;84;CC1=C(C)C(I)=CC=C1;0.5;0.5;0;0;1
401;402;84;CC1=C(C)C(I)=CC=C1;0.333333;0.666667;0;0;1
402;403;84;CC1=C(C)C(I)=CC=C1;0;1;0;0;1
403;404;85;O=[N+](C1=CC=C(I)C(Cl)=C1)[O-];1;0;0;0;0.376529
404;405;85;O=[N+](C1=CC=C(I)C(Cl)=C1)[O-];0.980392;0.019608;0;0;0.597807
405;406;85;O=[N+](C1=CC=C(I)C(Cl)=C1)[O-];0.952381;0.047619;0;0;0.604124
406;407;85;O=[N+](C1=CC=C(I)C(Cl)=C1)[O-];0.833333;0.166667;0;0;0.833938
407;408;85;O=[N+](C1=CC=C(I)C(Cl)=C1)[O-];0.75;0.25;0;0;0.922631
408;409;85;O=[N+](C1=CC=C(I)C(Cl)=C1)[O-];0.5;0.5;0;0;0.990631
409;410;85;O=[N+](C1=CC=C(I)C(Cl)=C1)[O-];0.333333;0.666667;0;0;1
410;411;85;O=[N+](C1=CC=C(I)C(Cl)=C1)[O-];0;1;0;0;0.997043
411;412;86;CC1=CC=C(C)C(I)=C1;1;0;0;0;0.896088
412;413;86;CC1=CC=C(C)C(I)=C1;0.980392;0.019608;0;0;0.932968
413;414;86;CC1=CC=C(C)C(I)=C1;0.952381;0.047619;0;0;0.934547
414;415;86;CC1=CC=C(C)C(I)=C1;0.833333;0.166667;0;0;0.981884
415;416;86;CC1=CC=C(C)C(I)=C1;0.75;0.25;0;0;0.993553
416;417;86;CC1=CC=C(C)C(I)=C1;0.5;0.5;0;0;0.984385
417;418;86;CC1=CC=C(C)C(I)=C1;0.333333;0.666667;0;0;1
418;419;86;CC1=CC=C(C)C(I)=C1;0;1;0;0;1
419;420;87;COC1=CC=C(I)C=C1;1;0;0;0;0.495722
420;421;87;COC1=CC=C(I)C=C1;0.980392;0.019608;0;0;0.637996
421;422;87;COC1=CC=C(I)C=C1;0.952381;0.047619;0;0;0.649605
422;423;87;COC1=CC=C(I)C=C1;0.833333;0.166667;0;0;0.836957
423;424;87;COC1=CC=C(I)C=C1;0.75;0.25;0;0;0.929078
424;425;87;COC1=CC=C(I)C=C1;0.5;0.5;0;0;0.987508
425;426;87;COC1=CC=C(I)C=C1;0.333333;0.666667;0;0;0.996896
426;427;87;COC1=CC=C(I)C=C1;0;1;0;0;0.994086
427;428;88;CC1=CC(I)=CC=C1C;1;0;0;0;0.883863
428;429;88;CC1=CC(I)=CC=C1C;0.980392;0.019608;0;0;0.899452
429;430;88;CC1=CC(I)=CC=C1C;0.952381;0.047619;0;0;0.935025
430;431;88;CC1=CC(I)=CC=C1C;0.833333;0.166667;0;0;0.963768
431;432;88;CC1=CC(I)=CC=C1C;0.75;0.25;0;0;0.996776
432;433;88;CC1=CC(I)=CC=C1C;0.5;0.5;0;0;1
433;434;88;CC1=CC(I)=CC=C1C;0.333333;0.666667;0;0;0.993793
434;435;88;CC1=CC(I)=CC=C1C;0;1;0;0;0.997043
435;436;89;IC1=CC=CC=C1C2=CC=CC=C2;1;0;0;0;0.702115
436;437;89;IC1=CC=CC=C1C2=CC=CC=C2;0.980392;0.019608;0;0;0.741249
437;438;89;IC1=CC=CC=C1C2=CC=CC=C2;0.952381;0.047619;0;0;0.742431
438;439;89;IC1=CC=CC=C1C2=CC=CC=C2;0.833333;0.166667;0;0;0.923123
439;440;89;IC1=CC=CC=C1C2=CC=CC=C2;0.75;0.25;0;0;0.958226
440;441;89;IC1=CC=CC=C1C2=CC=CC=C2;0.5;0.5;0;0;1
441;442;89;IC1=CC=CC=C1C2=CC=CC=C2;0.333333;0.666667;0;0;1
442;443;89;IC1=CC=CC=C1C2=CC=CC=C2;0;1;0;0;1
443;444;90;IC1=CC(Cl)=CC(Cl)=C1;1;0;0;0;0.964766
444;445;90;IC1=CC(Cl)=CC(Cl)=C1;0.980392;0.019608;0;0;0.953244
445;446;90;IC1=CC(Cl)=CC(Cl)=C1;0.952381;0.047619;0;0;0.95095
446;447;90;IC1=CC(Cl)=CC(Cl)=C1;0.833333;0.166667;0;0;1
447;448;90;IC1=CC(Cl)=CC(Cl)=C1;0.75;0.25;0;0;1
448;449;90;IC1=CC(Cl)=CC(Cl)=C1;0.5;0.5;0;0;1
449;450;90;IC1=CC(Cl)=CC(Cl)=C1;0.333333;0.666667;0;0;1
450;451;90;IC1=CC(Cl)=CC(Cl)=C1;0;1;0;0;1
451;452;91;O=C(OC(C1=CC=C(F)C=C1)=C)OC(C)(C)C;1;0;0;0;0.23767
452;453;91;O=C(OC(C1=CC=C(F)C=C1)=C)OC(C)(C)C;0.980392;0.019608;0;0;0.427237
453;454;91;O=C(OC(C1=CC=C(F)C=C1)=C)OC(C)(C)C;0.952381;0.047619;0;0;0.429799
454;455;91;O=C(OC(C1=CC=C(F)C=C1)=C)OC(C)(C)C;0.833333;0.166667;0;0;0.739799
455;456;91;O=C(OC(C1=CC=C(F)C=C1)=C)OC(C)(C)C;0.75;0.25;0;0;0.855399
456;457;91;O=C(OC(C1=CC=C(F)C=C1)=C)OC(C)(C)C;0.5;0.5;0;0;1
457;458;91;O=C(OC(C1=CC=C(F)C=C1)=C)OC(C)(C)C;0.333333;0.666667;0;0;1
458;459;91;O=C(OC(C1=CC=C(F)C=C1)=C)OC(C)(C)C;0;1;0;0;1
459;460;93;CC1=CC=C(F)C(I)=C1;1;0;0;0;0.858612
460;461;93;CC1=CC=C(F)C(I)=C1;0.980392;0.019608;0;0;0.844869
461;462;93;CC1=CC=C(F)C(I)=C1;0.952381;0.047619;0;0;0.862708
462;463;93;CC1=CC=C(F)C(I)=C1;0.833333;0.166667;0;0;0.963877
463;464;93;CC1=CC=C(F)C(I)=C1;0.75;0.25;0;0;0.981993
464;465;93;CC1=CC=C(F)C(I)=C1;0.5;0.5;0;0;1
465;466;93;CC1=CC=C(F)C(I)=C1;0.333333;0.666667;0;0;1
466;467;93;CC1=CC=C(F)C(I)=C1;0;1;0;0;1
467;468;95;FC(C1=CC=C(I)C=C1)(F)F;1;0;0;0;0.913239
468;469;95;FC(C1=CC=C(I)C=C1)(F)F;0.980392;0.019608;0;0;0.862769
469;470;95;FC(C1=CC=C(I)C=C1)(F)F;0.952381;0.047619;0;0;0.916986
470;471;95;FC(C1=CC=C(I)C=C1)(F)F;0.833333;0.166667;0;0;0.972908
471;472;95;FC(C1=CC=C(I)C=C1)(F)F;0.75;0.25;0;0;0.981993
472;473;95;FC(C1=CC=C(I)C=C1)(F)F;0.5;0.5;0;0;1
473;474;95;FC(C1=CC=C(I)C=C1)(F)F;0.333333;0.666667;0;0;1
474;475;95;FC(C1=CC=C(I)C=C1)(F)F;0;1;0;0;1
475;476;96;O=C(OCC)C1=CC=C(I)C=C1;1;0;0;0;0.302701
476;477;96;O=C(OCC)C1=CC=C(I)C=C1;0.980392;0.019608;0;0;0.501791
477;478;96;O=C(OCC)C1=CC=C(I)C=C1;0.952381;0.047619;0;0;0.530652
478;479;96;O=C(OCC)C1=CC=C(I)C=C1;0.833333;0.166667;0;0;0.852499
479;480;96;O=C(OCC)C1=CC=C(I)C=C1;0.75;0.25;0;0;0.852941
480;481;96;O=C(OCC)C1=CC=C(I)C=C1;0.5;0.5;0;0;1
481;482;96;O=C(OCC)C1=CC=C(I)C=C1;0.333333;0.666667;0;0;1
482;483;96;O=C(OCC)C1=CC=C(I)C=C1;0;1;0;0;1
483;484;97;FC(F)(F)OC1=CC=C(I)C=C1;1;0;0;0;0.904126
484;485;97;FC(F)(F)OC1=CC=C(I)C=C1;0.980392;0.019608;0;0;0.985259
485;486;97;FC(F)(F)OC1=CC=C(I)C=C1;0.952381;0.047619;0;0;0.982363
486;487;97;FC(F)(F)OC1=CC=C(I)C=C1;0.833333;0.166667;0;0;0.976275
487;488;97;FC(F)(F)OC1=CC=C(I)C=C1;0.75;0.25;0;0;0.96063
488;489;97;FC(F)(F)OC1=CC=C(I)C=C1;0.5;0.5;0;0;0.987812
489;490;97;FC(F)(F)OC1=CC=C(I)C=C1;0.333333;0.666667;0;0;1
490;491;97;FC(F)(F)OC1=CC=C(I)C=C1;0;1;0;0;1
491;492;98;IC1=CC=CC=C1Br;1;0;0;0;0.848925
492;493;98;IC1=CC=CC=C1Br;0.980392;0.019608;0;0;0.917453
493;494;98;IC1=CC=CC=C1Br;0.952381;0.047619;0;0;0.920635
494;495;98;IC1=CC=CC=C1Br;0.833333;0.166667;0;0;0.928826
495;496;98;IC1=CC=CC=C1Br;0.75;0.25;0;0;0.918232
496;497;98;IC1=CC=CC=C1Br;0.5;0.5;0;0;0.981718
497;498;98;IC1=CC=CC=C1Br;0.333333;0.666667;0;0;1
498;499;98;IC1=CC=CC=C1Br;0;1;0;0;1
499;500;100;CC(OC1=CC=CC=C1)=O;1;0;0;0;0.253342
500;501;100;CC(OC1=CC=CC=C1)=O;0.980392;0.019608;0;0;0.498822
501;502;100;CC(OC1=CC=CC=C1)=O;0.952381;0.047619;0;0;0.500295
502;503;100;CC(OC1=CC=CC=C1)=O;0.833333;0.166667;0;0;0.747925
503;504;100;CC(OC1=CC=CC=C1)=O;0.75;0.25;0;0;0.797093
504;505;100;CC(OC1=CC=CC=C1)=O;0.5;0.5;0;0;0.936015
505;506;100;CC(OC1=CC=CC=C1)=O;0.333333;0.666667;0;0;1
506;507;100;CC(OC1=CC=CC=C1)=O;0;1;0;0;1
507;508;101;O=C(OC)CC1=CC=C(C(C)(C)C)C=C1;1;0;0;0;0.257077
508;509;101;O=C(OC)CC1=CC=C(C(C)(C)C)C=C1;0.980392;0.019608;0;0;0.511071
509;510;101;O=C(OC)CC1=CC=C(C(C)(C)C)C=C1;0.952381;0.047619;0;0;0.525967
510;511;101;O=C(OC)CC1=CC=C(C(C)(C)C)C=C1;0.833333;0.166667;0;0;0.78605
511;512;101;O=C(OC)CC1=CC=C(C(C)(C)C)C=C1;0.75;0.25;0;0;0.837523
512;513;101;O=C(OC)CC1=CC=C(C(C)(C)C)C=C1;0.5;0.5;0;0;0.955384
513;514;102;O=C(OCC)C1=CC=CC([N+]([O-])=O)=C1;1;0;0;0;0.153893
514;515;102;O=C(OCC)C1=CC=CC([N+]([O-])=O)=C1;0.980392;0.019608;0;0;0.354245
515;516;102;O=C(OCC)C1=CC=CC([N+]([O-])=O)=C1;0.952381;0.047619;0;0;0.371982
516;517;102;O=C(OCC)C1=CC=CC([N+]([O-])=O)=C1;0.833333;0.166667;0;0;0.654162
517;518;102;O=C(OCC)C1=CC=CC([N+]([O-])=O)=C1;0.75;0.25;0;0;0.739424
518;519;102;O=C(OCC)C1=CC=CC([N+]([O-])=O)=C1;0.5;0.5;0;0;0.892921
519;520;103;CC(C1=NC(C(C)=O)=CC=C1)=O;1;0;0;0;0.050709
520;521;103;CC(C1=NC(C(C)=O)=CC=C1)=O;0.980392;0.019608;0;0;0.224035
521;522;103;CC(C1=NC(C(C)=O)=CC=C1)=O;0.952381;0.047619;0;0;0.234319
522;523;103;CC(C1=NC(C(C)=O)=CC=C1)=O;0.833333;0.166667;0;0;0.572099
523;524;103;CC(C1=NC(C(C)=O)=CC=C1)=O;0.75;0.25;0;0;0.671981
524;525;103;CC(C1=NC(C(C)=O)=CC=C1)=O;0.5;0.5;0;0;0.84533
525;526;104;O=C1C(C)=CC(C2=C1C=CC=C2)=O;1;0;0;0;0.142101
526;527;104;O=C1C(C)=CC(C2=C1C=CC=C2)=O;0.980392;0.019608;0;0;0.408214
527;528;104;O=C1C(C)=CC(C2=C1C=CC=C2)=O;0.952381;0.047619;0;0;0.41267
528;529;104;O=C1C(C)=CC(C2=C1C=CC=C2)=O;0.833333;0.166667;0;0;0.701056
529;530;104;O=C1C(C)=CC(C2=C1C=CC=C2)=O;0.75;0.25;0;0;0.785408
530;531;104;O=C1C(C)=CC(C2=C1C=CC=C2)=O;0.5;0.5;0;0;0.919691
531;532;105;CC(C1=CC=NC=C1)=O;1;0;0;0;0.015242
532;533;105;CC(C1=CC=NC=C1)=O;0.980392;0.019608;0;0;0.038802
533;534;105;CC(C1=CC=NC=C1)=O;0.952381;0.047619;0;0;0.03108
534;535;105;CC(C1=CC=NC=C1)=O;0.833333;0.166667;0;0;0.13525
535;536;105;CC(C1=CC=NC=C1)=O;0.75;0.25;0;0;0.184062
536;537;105;CC(C1=CC=NC=C1)=O;0.5;0.5;0;0;0.285283
537;538;105;CC(C1=CC=NC=C1)=O;0.333333;0.666667;0;0;0.440212
538;539;105;CC(C1=CC=NC=C1)=O;0;1;0;0;0.569454
539;540;108;CC(C1=C2C=CC=CC2=CC=C1)=O;1;0;0;0;0.176438
540;541;108;CC(C1=C2C=CC=CC2=CC=C1)=O;0.980392;0.019608;0;0;0.403293
541;542;108;CC(C1=C2C=CC=CC2=CC=C1)=O;0.952381;0.047619;0;0;0.421086
542;543;108;CC(C1=C2C=CC=CC2=CC=C1)=O;0.833333;0.166667;0;0;0.676841
543;544;108;CC(C1=C2C=CC=CC2=CC=C1)=O;0.75;0.25;0;0;0.765971
544;545;108;CC(C1=C2C=CC=CC2=CC=C1)=O;0.5;0.5;0;0;0.869776
545;546;108;CC(C1=C2C=CC=CC2=CC=C1)=O;0.333333;0.666667;0;0;0.944314
546;547;108;CC(C1=C2C=CC=CC2=CC=C1)=O;0;1;0;0;0.968573
547;548;109;CC1=CC=C(C=C1)NC;1;0;0;0;0.150501
548;549;109;CC1=CC=C(C=C1)NC;0.980392;0.019608;0;0;0.350689
549;550;109;CC1=CC=C(C=C1)NC;0.952381;0.047619;0;0;0.35732
550;551;109;CC1=CC=C(C=C1)NC;0.75;0.25;0;0;0.754934
551;552;109;CC1=CC=C(C=C1)NC;0.5;0.5;0;0;0.744059
552;553;109;CC1=CC=C(C=C1)NC;0.333333;0.666667;0;0;0.934563
553;554;109;CC1=CC=C(C=C1)NC;0;1;0;0;0.95695
554;555;110;NC1=CC=C(C2=CC=CC=C2)C=C1;1;0;0;0;0.032924
555;556;110;NC1=CC=C(C2=CC=CC=C2)C=C1;0.980392;0.019608;0;0;0.090367
556;557;110;NC1=CC=C(C2=CC=CC=C2)C=C1;0.952381;0.047619;0;0;0.089793
557;558;110;NC1=CC=C(C2=CC=CC=C2)C=C1;0.833333;0.166667;0;0;0.295238
558;559;110;NC1=CC=C(C2=CC=CC=C2)C=C1;0.75;0.25;0;0;0.455446
559;560;110;NC1=CC=C(C2=CC=CC=C2)C=C1;0.5;0.5;0;0;0.717224
560;561;110;NC1=CC=C(C2=CC=CC=C2)C=C1;0.333333;0.666667;0;0;0.883998
561;562;110;NC1=CC=C(C2=CC=CC=C2)C=C1;0;1;0;0;0.9385
562;563;112;O=S(C1=CC=CC=C1C)(Cl)=O;1;0;0;0;0.300413
563;564;112;O=S(C1=CC=CC=C1C)(Cl)=O;0.980392;0.019608;0;0;0.572113
564;565;112;O=S(C1=CC=CC=C1C)(Cl)=O;0.952381;0.047619;0;0;0.584872
565;566;112;O=S(C1=CC=CC=C1C)(Cl)=O;0.833333;0.166667;0;0;0.751174
566;567;112;O=S(C1=CC=CC=C1C)(Cl)=O;0.75;0.25;0;0;0.850414
567;568;112;O=S(C1=CC=CC=C1C)(Cl)=O;0.5;0.5;0;0;0.923827
568;569;112;O=S(C1=CC=CC=C1C)(Cl)=O;0.333333;0.666667;0;0;0.979179
569;570;112;O=S(C1=CC=CC=C1C)(Cl)=O;0;1;0;0;0.972325
570;571;114;N#CC1=C2C=CC=CC2=CC=C1;1;0;0;0;0.231911
571;572;114;N#CC1=C2C=CC=CC2=CC=C1;0.980392;0.019608;0;0;0.464605
572;573;114;N#CC1=C2C=CC=CC2=CC=C1;0.952381;0.047619;0;0;0.476524
573;574;114;N#CC1=C2C=CC=CC2=CC=C1;0.833333;0.166667;0;0;0.706602
574;575;114;N#CC1=C2C=CC=CC2=CC=C1;0.75;0.25;0;0;0.800784
575;576;114;N#CC1=C2C=CC=CC2=CC=C1;0.5;0.5;0;0;0.926093
576;577;114;N#CC1=C2C=CC=CC2=CC=C1;0.333333;0.666667;0;0;0.98155
577;578;114;N#CC1=C2C=CC=CC2=CC=C1;0;1;0;0;0.993869
578;579;116;N#CC1=CC=C(F)C=C1;1;0;0;0;0.193359
579;580;116;N#CC1=CC=C(F)C=C1;0.980392;0.019608;0;0;0.417015
580;581;116;N#CC1=CC=C(F)C=C1;0.952381;0.047619;0;0;0.460661
581;582;116;N#CC1=CC=C(F)C=C1;0.833333;0.166667;0;0;0.746333
582;583;116;N#CC1=CC=C(F)C=C1;0.75;0.25;0;0;0.879164
583;584;116;N#CC1=CC=C(F)C=C1;0.5;0.5;0;0;0.958226
584;585;116;N#CC1=CC=C(F)C=C1;0.333333;0.666667;0;0;1
585;586;116;N#CC1=CC=C(F)C=C1;0;1;0;0;1
586;587;117;OC1=C2C=CC=CC2=CC=C1;1;0;0;0;0.039618
587;588;117;OC1=C2C=CC=CC2=CC=C1;0.980392;0.019608;0;0;0.164145
588;589;117;OC1=C2C=CC=CC2=CC=C1;0.952381;0.047619;0;0;0.177737
589;590;117;OC1=C2C=CC=CC2=CC=C1;0.833333;0.166667;0;0;0.462334
590;591;117;OC1=C2C=CC=CC2=CC=C1;0.75;0.25;0;0;0.570313
591;592;117;OC1=C2C=CC=CC2=CC=C1;0.5;0.5;0;0;0.924099
592;593;117;OC1=C2C=CC=CC2=CC=C1;0.333333;0.666667;0;0;0.978865
593;594;117;OC1=C2C=CC=CC2=CC=C1;0;1;0;0;0.996944
594;595;118;NC1=CC=C(Cl)C=C1I;1;0;0;0;0.138657
595;596;118;NC1=CC=C(Cl)C=C1I;0.980392;0.019608;0;0;0.264084
596;597;118;NC1=CC=C(Cl)C=C1I;0.952381;0.047619;0;0;0.256801
597;598;118;NC1=CC=C(Cl)C=C1I;0.833333;0.166667;0;0;0.501824
598;599;118;NC1=CC=C(Cl)C=C1I;0.75;0.25;0;0;0.609376
599;600;118;NC1=CC=C(Cl)C=C1I;0.5;0.5;0;0;0.901961
600;601;118;NC1=CC=C(Cl)C=C1I;0.333333;0.666667;0;0;0.960749
601;602;118;NC1=CC=C(Cl)C=C1I;0;1;0;0;0.984719
602;603;119;N#CCC1=CC=CC=C1Br;1;0;0;0;0.141658
603;604;119;N#CCC1=CC=CC=C1Br;0.980392;0.019608;0;0;0.360995
604;605;119;N#CCC1=CC=CC=C1Br;0.952381;0.047619;0;0;0.36749
605;606;119;N#CCC1=CC=CC=C1Br;0.833333;0.166667;0;0;0.589916
606;607;119;N#CCC1=CC=CC=C1Br;0.75;0.25;0;0;0.687501
607;608;119;N#CCC1=CC=CC=C1Br;0.5;0.5;0;0;0.930424
608;609;119;N#CCC1=CC=CC=C1Br;0.333333;0.666667;0;0;0.978865
609;610;119;N#CCC1=CC=CC=C1Br;0;1;0;0;0.990831
610;611;121;NC1=CC=C(C(C)C)C=C1;1;0;0;0;0.037911
611;612;121;NC1=CC=C(C(C)C)C=C1;0.980392;0.019608;0;0;0.098504
612;613;121;NC1=CC=C(C(C)C)C=C1;0.952381;0.047619;0;0;0.136339
613;614;121;NC1=CC=C(C(C)C)C=C1;0.833333;0.166667;0;0;0.31086
614;615;121;NC1=CC=C(C(C)C)C=C1;0.75;0.25;0;0;0.436911
615;616;121;NC1=CC=C(C(C)C)C=C1;0.5;0.5;0;0;0.731281
616;617;121;NC1=CC=C(C(C)C)C=C1;0.333333;0.666667;0;0;0.827378
617;618;121;NC1=CC=C(C(C)C)C=C1;0;1;0;0;0.907518
618;619;122;O=C1OCC2=CC=C(N)C=C12;1;0;0;0;0
619;620;122;O=C1OCC2=CC=C(N)C=C12;0.980392;0.019608;0;0;0
620;621;122;O=C1OCC2=CC=C(N)C=C12;0.952381;0.047619;0;0;0
621;622;122;O=C1OCC2=CC=C(N)C=C12;0.833333;0.166667;0;0;0.018498
622;623;122;O=C1OCC2=CC=C(N)C=C12;0.75;0.25;0;0;0.044813
623;624;122;O=C1OCC2=CC=C(N)C=C12;0.5;0.5;0;0;0.284422
624;625;122;O=C1OCC2=CC=C(N)C=C12;0.333333;0.666667;0;0;0.497275
625;626;122;O=C1OCC2=CC=C(N)C=C12;0;1;0;0;0.737471
626;627;123;N#CC1=CC=CC(OC)=C1;1;0;0;0;0.167147
627;628;123;N#CC1=CC=CC(OC)=C1;0.980392;0.019608;0;0;0.328918
628;629;123;N#CC1=CC=CC(OC)=C1;0.952381;0.047619;0;0;0.378973
629;630;123;N#CC1=CC=CC(OC)=C1;0.833333;0.166667;0;0;0.567423
630;631;123;N#CC1=CC=CC(OC)=C1;0.75;0.25;0;0;0.675708
631;632;123;N#CC1=CC=CC(OC)=C1;0.5;0.5;0;0;0.836957
632;633;123;N#CC1=CC=CC(OC)=C1;0.333333;0.666667;0;0;0.918232
633;634;123;N#CC1=CC=CC(OC)=C1;0;1;0;0;0.952267
634;635;124;O=S(C(F)(F)F)(N(C1=CC=CC=C1)S(=O)(C(F)(F)F)=O)=O;1;0;0;0;0.221713
635;636;124;O=S(C(F)(F)F)(N(C1=CC=CC=C1)S(=O)(C(F)(F)F)=O)=O;0.980392;0.019608;0;0;0.403803
636;637;124;O=S(C(F)(F)F)(N(C1=CC=CC=C1)S(=O)(C(F)(F)F)=O)=O;0.952381;0.047619;0;0;0.462739
637;638;124;O=S(C(F)(F)F)(N(C1=CC=CC=C1)S(=O)(C(F)(F)F)=O)=O;0.833333;0.166667;0;0;0.627089
638;639;124;O=S(C(F)(F)F)(N(C1=CC=CC=C1)S(=O)(C(F)(F)F)=O)=O;0.75;0.25;0;0;0.722878
639;640;124;O=S(C(F)(F)F)(N(C1=CC=CC=C1)S(=O)(C(F)(F)F)=O)=O;0.5;0.5;0;0;0.879227
640;641;124;O=S(C(F)(F)F)(N(C1=CC=CC=C1)S(=O)(C(F)(F)F)=O)=O;0.333333;0.666667;0;0;0.942459
641;642;124;O=S(C(F)(F)F)(N(C1=CC=CC=C1)S(=O)(C(F)(F)F)=O)=O;0;1;0;0;0.961217
642;643;126;CNC1=CC=C(Cl)C=C1;1;0;0;0;0.264792
643;644;126;CNC1=CC=C(Cl)C=C1;0.980392;0.019608;0;0;0.418409
644;645;126;CNC1=CC=C(Cl)C=C1;0.952381;0.047619;0;0;0.491477
645;646;126;CNC1=CC=C(Cl)C=C1;0.833333;0.166667;0;0;0.650813
646;647;126;CNC1=CC=C(Cl)C=C1;0.75;0.25;0;0;0.743515
647;648;126;CNC1=CC=C(Cl)C=C1;0.5;0.5;0;0;0.906309
648;649;126;CNC1=CC=C(Cl)C=C1;0.333333;0.666667;0;0;0.963548
649;650;126;CNC1=CC=C(Cl)C=C1;0;1;0;0;0.969715
650;651;130;O=C(O)C1=CC=CC=C1;1;0;0;0;0.009436
651;652;130;O=C(O)C1=CC=CC=C1;0.980392;0.019608;0;0;0.058688
652;653;130;O=C(O)C1=CC=CC=C1;0.952381;0.047619;0;0;0.107676
653;654;130;O=C(O)C1=CC=CC=C1;0.833333;0.166667;0;0;0.228693
654;655;130;O=C(O)C1=CC=CC=C1;0.75;0.25;0;0;0.400359
655;656;130;O=C(O)C1=CC=CC=C1;0.5;0.5;0;0;0.666877
656;657;130;O=C(O)C1=CC=CC=C1;0.333333;0.666667;0;0;0.802591
657;658;130;O=C(O)C1=CC=CC=C1;0;1;0;0;0.913634
658;659;142;O=C(O)C=CC1=CC=CC=C1;1;0;0;0;0
659;660;142;O=C(O)C=CC1=CC=CC=C1;0.980392;0.019608;0;0;0.012532
660;661;142;O=C(O)C=CC1=CC=CC=C1;0.952381;0.047619;0;0;0.013243
661;662;142;O=C(O)C=CC1=CC=CC=C1;0.833333;0.166667;0;0;0.119302
662;663;142;O=C(O)C=CC1=CC=CC=C1;0.75;0.25;0;0;0.207281
663;664;142;O=C(O)C=CC1=CC=CC=C1;0.5;0.5;0;0;0.572159
664;665;142;O=C(O)C=CC1=CC=CC=C1;0.333333;0.666667;0;0;0.763557
665;666;142;O=C(O)C=CC1=CC=CC=C1;0;1;0;0;0.885165
666;667;143;O=C(OC(C1=CC=CC=C1)=O)C2=CC=CC=C2;1;0;0;0;0.104082
667;668;143;O=C(OC(C1=CC=CC=C1)=O)C2=CC=CC=C2;0.980392;0.019608;0;0;0.361576
668;669;143;O=C(OC(C1=CC=CC=C1)=O)C2=CC=CC=C2;0.952381;0.047619;0;0;0.391552
669;670;143;O=C(OC(C1=CC=CC=C1)=O)C2=CC=CC=C2;0.833333;0.166667;0;0;0.56902
670;671;143;O=C(OC(C1=CC=CC=C1)=O)C2=CC=CC=C2;0.75;0.25;0;0;0.679211
671;672;143;O=C(OC(C1=CC=CC=C1)=O)C2=CC=CC=C2;0.5;0.5;0;0;0.891443
672;673;143;O=C(OC(C1=CC=CC=C1)=O)C2=CC=CC=C2;0.333333;0.666667;0;0;0.968474
673;674;143;O=C(OC(C1=CC=CC=C1)=O)C2=CC=CC=C2;0;1;0;0;0.978274
674;675;144;CC(C1=CC=C(O)C(OC)=C1)=O;1;0;0;0;0
675;676;144;CC(C1=CC=C(O)C(OC)=C1)=O;0.980392;0.019608;0;0;0.018498
676;677;144;CC(C1=CC=C(O)C(OC)=C1)=O;0.952381;0.047619;0;0;0.02
677;678;144;CC(C1=CC=C(O)C(OC)=C1)=O;0.833333;0.166667;0;0;0.122425
678;679;144;CC(C1=CC=C(O)C(OC)=C1)=O;0.75;0.25;0;0;0.216534
679;680;144;CC(C1=CC=C(O)C(OC)=C1)=O;0.5;0.5;0;0;0.556195
680;681;144;CC(C1=CC=C(O)C(OC)=C1)=O;0.333333;0.666667;0;0;0.735183
681;682;144;CC(C1=CC=C(O)C(OC)=C1)=O;0;1;0;0;0.885165
682;683;145;O=C(O)C(Br)C1=CC=CC=C1;1;0;0;0;0
683;684;145;O=C(O)C(Br)C1=CC=CC=C1;0.980392;0.019608;0;0;0.006393
684;685;145;O=C(O)C(Br)C1=CC=CC=C1;0.952381;0.047619;0;0;0.012311
685;686;145;O=C(O)C(Br)C1=CC=CC=C1;0.833333;0.166667;0;0;0.067404
686;687;145;O=C(O)C(Br)C1=CC=CC=C1;0.75;0.25;0;0;0.108346
687;688;145;O=C(O)C(Br)C1=CC=CC=C1;0.5;0.5;0;0;0.311194
688;689;145;O=C(O)C(Br)C1=CC=CC=C1;0.333333;0.666667;0;0;0.411945
689;690;145;O=C(O)C(Br)C1=CC=CC=C1;0;1;0;0;0.67675
690;691;146;O=C(O)CC1=CC=CC(C)=C1;1;0;0;0;0.006488
691;692;146;O=C(O)CC1=CC=CC(C)=C1;0.980392;0.019608;0;0;0.038352
692;693;146;O=C(O)CC1=CC=CC(C)=C1;0.952381;0.047619;0;0;0.050412
693;694;146;O=C(O)CC1=CC=CC(C)=C1;0.833333;0.166667;0;0;0.151658
694;695;146;O=C(O)CC1=CC=CC(C)=C1;0.75;0.25;0;0;0.286677
695;696;146;O=C(O)CC1=CC=CC(C)=C1;0.5;0.5;0;0;0.637147
696;697;146;O=C(O)CC1=CC=CC(C)=C1;0.333333;0.666667;0;0;0.768434
697;698;147;N[C@@H](C1=CC=CC=C1)[C@H](C2=CC=CC=C2)N;1;0;0;0;0
698;699;147;N[C@@H](C1=CC=CC=C1)[C@H](C2=CC=CC=C2)N;0.980392;0.019608;0;0;0
699;700;147;N[C@@H](C1=CC=CC=C1)[C@H](C2=CC=CC=C2)N;0.952381;0.047619;0;0;0
700;701;147;N[C@@H](C1=CC=CC=C1)[C@H](C2=CC=CC=C2)N;0.833333;0.166667;0;0;0
701;702;147;N[C@@H](C1=CC=CC=C1)[C@H](C2=CC=CC=C2)N;0.75;0.25;0;0;0
702;703;148;O=C(O)CC1=C(C)C=C(C)C=C1C;1;0;0;0;0
703;704;148;O=C(O)CC1=C(C)C=C(C)C=C1C;0.980392;0.019608;0;0;0.023825
704;705;148;O=C(O)CC1=C(C)C=C(C)C=C1C;0.952381;0.047619;0;0;0.07972
705;706;148;O=C(O)CC1=C(C)C=C(C)C=C1C;0.833333;0.166667;0;0;0.198142
706;707;148;O=C(O)CC1=C(C)C=C(C)C=C1C;0.75;0.25;0;0;0.367431
707;708;148;O=C(O)CC1=C(C)C=C(C)C=C1C;0.5;0.5;0;0;0.695573
708;709;148;O=C(O)CC1=C(C)C=C(C)C=C1C;0.333333;0.666667;0;0;0.808044
709;710;156;CC(Br)C(C1=CC=CC=C1)=O;1;0;0;0;0.250442
710;711;156;CC(Br)C(C1=CC=CC=C1)=O;0.833333;0.166667;0;0;0.684552
711;712;156;CC(Br)C(C1=CC=CC=C1)=O;0.75;0.25;0;0;0.832385
712;713;156;CC(Br)C(C1=CC=CC=C1)=O;0.5;0.5;0;0;0.950031
713;714;156;CC(Br)C(C1=CC=CC=C1)=O;0.333333;0.666667;0;0;0.96586
714;715;156;CC(Br)C(C1=CC=CC=C1)=O;0;1;0;0;1
715;716;159;N#CCC(C1=CC=CC=C1)=O;1;0;0;0;0
716;717;159;N#CCC(C1=CC=CC=C1)=O;0.980392;0.019608;0;0;0.028881
717;718;159;N#CCC(C1=CC=CC=C1)=O;0.952381;0.047619;0;0;0.048768
718;719;159;N#CCC(C1=CC=CC=C1)=O;0.833333;0.166667;0;0;0.176258
719;720;159;N#CCC(C1=CC=CC=C1)=O;0.75;0.25;0;0;0.325272
720;721;159;N#CCC(C1=CC=CC=C1)=O;0.5;0.5;0;0;0.695308
721;722;159;N#CCC(C1=CC=CC=C1)=O;0.333333;0.666667;0;0;0.863862
722;723;159;N#CCC(C1=CC=CC=C1)=O;0;1;0;0;0.969988
723;724;162;O=CC1=CC=C(F)C([N+]([O-])=O)=C1;1;0;0;0;0
724;725;162;O=CC1=CC=C(F)C([N+]([O-])=O)=C1;0.980392;0.019608;0;0;0.057111
725;726;162;O=CC1=CC=C(F)C([N+]([O-])=O)=C1;0.833333;0.166667;0;0;0.257336
726;727;162;O=CC1=CC=C(F)C([N+]([O-])=O)=C1;0.75;0.25;0;0;0.415463
727;728;162;O=CC1=CC=C(F)C([N+]([O-])=O)=C1;0.5;0.5;0;0;0.753364
728;729;162;O=CC1=CC=C(F)C([N+]([O-])=O)=C1;0.333333;0.666667;0;0;0.872633
729;730;162;O=CC1=CC=C(F)C([N+]([O-])=O)=C1;0;1;0;0;0.954157
730;731;163;CC(C(C1=CC=CC=C1)C2=CC=CC=C2)=O;1;0;0;0;0.117468
731;732;163;CC(C(C1=CC=CC=C1)C2=CC=CC=C2)=O;0.980392;0.019608;0;0;0.41404
732;733;163;CC(C(C1=CC=CC=C1)C2=CC=CC=C2)=O;0.833333;0.166667;0;0;0.694377
733;734;163;CC(C(C1=CC=CC=C1)C2=CC=CC=C2)=O;0.75;0.25;0;0;0.786298
734;735;163;CC(C(C1=CC=CC=C1)C2=CC=CC=C2)=O;0.5;0.5;0;0;0.932736
735;736;163;CC(C(C1=CC=CC=C1)C2=CC=CC=C2)=O;0.333333;0.666667;0;0;0.977139
736;737;163;CC(C(C1=CC=CC=C1)C2=CC=CC=C2)=O;0;1;0;0;0.969438
737;738;164;CC(C1=CC=C(Cl)C(Cl)=C1)=O;1;0;0;0;0.080568
738;739;164;CC(C1=CC=C(Cl)C(Cl)=C1)=O;0.980392;0.019608;0;0;0.280192
739;740;164;CC(C1=CC=C(Cl)C(Cl)=C1)=O;0.833333;0.166667;0;0;0.581297
740;741;164;CC(C1=CC=C(Cl)C(Cl)=C1)=O;0.75;0.25;0;0;0.710874
741;742;164;CC(C1=CC=C(Cl)C(Cl)=C1)=O;0.5;0.5;0;0;0.919923
742;743;164;CC(C1=CC=C(Cl)C(Cl)=C1)=O;0.333333;0.666667;0;0;0.964076
743;744;164;CC(C1=CC=C(Cl)C(Cl)=C1)=O;0;1;0;0;0.972494
744;745;165;OC(O)C(C1=CC=CC=C1)=O;1;0;0;0;0.000586
745;746;165;OC(O)C(C1=CC=CC=C1)=O;0.980392;0.019608;0;0;0.000595
746;747;165;OC(O)C(C1=CC=CC=C1)=O;0.952381;0.047619;0;0;0.010058
747;748;165;OC(O)C(C1=CC=CC=C1)=O;0.833333;0.166667;0;0;0.066418
748;749;165;OC(O)C(C1=CC=CC=C1)=O;0.75;0.25;0;0;0.162883
749;750;165;OC(O)C(C1=CC=CC=C1)=O;0.5;0.5;0;0;0.476818
750;751;165;OC(O)C(C1=CC=CC=C1)=O;0;1;0;0;0.876581
751;752;166;O=CC1=CC=C2C=C(OC)C=CC2=C1;1;0;0;0;0.021042
752;753;166;O=CC1=CC=C2C=C(OC)C=CC2=C1;0.980392;0.019608;0;0;0.196324
753;754;166;O=CC1=CC=C2C=C(OC)C=CC2=C1;0.833333;0.166667;0;0;0.454888
754;755;166;O=CC1=CC=C2C=C(OC)C=CC2=C1;0.75;0.25;0;0;0.604154
755;756;166;O=CC1=CC=C2C=C(OC)C=CC2=C1;0.5;0.5;0;0;0.85589
756;757;166;O=CC1=CC=C2C=C(OC)C=CC2=C1;0.333333;0.666667;0;0;0.935424
757;758;166;O=CC1=CC=C2C=C(OC)C=CC2=C1;0;1;0;0;0.975918
758;759;167;CC(C1=CC=CC=C1O)=O;1;0;0;0;0.097021
759;760;167;CC(C1=CC=CC=C1O)=O;0.980392;0.019608;0;0;0.392053
760;761;167;CC(C1=CC=CC=C1O)=O;0.833333;0.166667;0;0;0.620928
761;762;167;CC(C1=CC=CC=C1O)=O;0.75;0.25;0;0;0.724206
762;763;167;CC(C1=CC=CC=C1O)=O;0.5;0.5;0;0;0.912281
763;764;167;CC(C1=CC=CC=C1O)=O;0.333333;0.666667;0;0;0.9385
764;765;167;CC(C1=CC=CC=C1O)=O;0;1;0;0;0.981939
765;766;168;CC(C1=CC=C(C2=CC=CC=C2)C=C1)=O;1;0;0;0;0.023964
766;767;168;CC(C1=CC=C(C2=CC=CC=C2)C=C1)=O;0.980392;0.019608;0;0;0.306051
767;768;168;CC(C1=CC=C(C2=CC=CC=C2)C=C1)=O;0.833333;0.166667;0;0;0.56767
768;769;168;CC(C1=CC=C(C2=CC=CC=C2)C=C1)=O;0.75;0.25;0;0;0.717716
769;770;168;CC(C1=CC=C(C2=CC=CC=C2)C=C1)=O;0.5;0.5;0;0;0.927945
770;771;168;CC(C1=CC=C(C2=CC=CC=C2)C=C1)=O;0.333333;0.666667;0;0;0.953875
771;772;168;CC(C1=CC=C(C2=CC=CC=C2)C=C1)=O;0;1;0;0;0.984949
772;773;169;CC(C1=CC=C(C(C)(C)C)C=C1)=O;1;0;0;0;0.160841
773;774;169;CC(C1=CC=C(C(C)(C)C)C=C1)=O;0.980392;0.019608;0;0;0.392282
774;775;169;CC(C1=CC=C(C(C)(C)C)C=C1)=O;0.833333;0.166667;0;0;0.66394
775;776;169;CC(C1=CC=C(C(C)(C)C)C=C1)=O;0.75;0.25;0;0;0.790179
776;777;169;CC(C1=CC=C(C(C)(C)C)C=C1)=O;0.5;0.5;0;0;0.916218
777;778;169;CC(C1=CC=C(C(C)(C)C)C=C1)=O;0.333333;0.666667;0;0;0.954982
778;779;169;CC(C1=CC=C(C(C)(C)C)C=C1)=O;0;1;0;0;0.95773
779;780;170;O=C1CCC2=C1C=CC=C2;1;0;0;0;0.044291
780;781;170;O=C1CCC2=C1C=CC=C2;0.980392;0.019608;0;0;0.170508
781;782;170;O=C1CCC2=C1C=CC=C2;0.833333;0.166667;0;0;0.441848
782;783;170;O=C1CCC2=C1C=CC=C2;0.75;0.25;0;0;0.58296
783;784;170;O=C1CCC2=C1C=CC=C2;0.5;0.5;0;0;0.784561
784;785;170;O=C1CCC2=C1C=CC=C2;0.333333;0.666667;0;0;0.87395
785;786;170;O=C1CCC2=C1C=CC=C2;0;1;0;0;0.906401
786;787;172;CCCCC(C1=CC=CC=C1)=O;1;0;0;0;0.265736
787;788;172;CCCCC(C1=CC=CC=C1)=O;0.980392;0.019608;0;0;0.51037
788;789;172;CCCCC(C1=CC=CC=C1)=O;0.833333;0.166667;0;0;0.763297
789;790;172;CCCCC(C1=CC=CC=C1)=O;0.75;0.25;0;0;0.856502
790;791;172;CCCCC(C1=CC=CC=C1)=O;0.5;0.5;0;0;0.961101
791;792;172;CCCCC(C1=CC=CC=C1)=O;0.333333;0.666667;0;0;0.97599
792;793;172;CCCCC(C1=CC=CC=C1)=O;0;1;0;0;0.978865
793;794;173;O=C(OC)C1=CC=C(C(C)=O)C=C1;1;0;0;0;0.037911
794;795;173;O=C(OC)C1=CC=C(C(C)=O)C=C1;0.980392;0.019608;0;0;0.142528
795;796;173;O=C(OC)C1=CC=C(C(C)=O)C=C1;0.833333;0.166667;0;0;0.380897
796;797;173;O=C(OC)C1=CC=C(C(C)=O)C=C1;0.75;0.25;0;0;0.55549
797;798;173;O=C(OC)C1=CC=C(C(C)=O)C=C1;0.5;0.5;0;0;0.770287
798;799;173;O=C(OC)C1=CC=C(C(C)=O)C=C1;0.333333;0.666667;0;0;0.927096
799;800;173;O=C(OC)C1=CC=C(C(C)=O)C=C1;0;1;0;0;0.942109
800;801;174;O=CC1=CC=C(Cl)C=C1Br;1;0;0;0;0.270535
801;802;174;O=CC1=CC=C(Cl)C=C1Br;0.980392;0.019608;0;0;0.550986
802;803;174;O=CC1=CC=C(Cl)C=C1Br;0.952381;0.047619;0;0;0.643926
803;804;174;O=CC1=CC=C(Cl)C=C1Br;0.833333;0.166667;0;0;0.772996
804;805;174;O=CC1=CC=C(Cl)C=C1Br;0.75;0.25;0;0;0.856802
805;806;174;O=CC1=CC=C(Cl)C=C1Br;0.5;0.5;0;0;0.940334
806;807;174;O=CC1=CC=C(Cl)C=C1Br;0.333333;0.666667;0;0;0.987849
807;808;174;O=CC1=CC=C(Cl)C=C1Br;0;1;0;0;1
808;809;175;O/N=C(C1=CC=CC=C1)\C2=CC=CC=C2;1;0;0;0;0.012064
809;810;175;O/N=C(C1=CC=CC=C1)\C2=CC=CC=C2;0.980392;0.019608;0;0;0.093281
810;811;175;O/N=C(C1=CC=CC=C1)\C2=CC=CC=C2;0.833333;0.166667;0;0;0.39269
811;812;175;O/N=C(C1=CC=CC=C1)\C2=CC=CC=C2;0.75;0.25;0;0;0.609189
812;813;175;O/N=C(C1=CC=CC=C1)\C2=CC=CC=C2;0.5;0.5;0;0;0.844869
813;814;175;O/N=C(C1=CC=CC=C1)\C2=CC=CC=C2;0.333333;0.666667;0;0;0.975699
814;815;175;O/N=C(C1=CC=CC=C1)\C2=CC=CC=C2;0;1;0;0;1
815;816;176;O=CC1=CC=CC(O)=C1;1;0;0;0;0
816;817;176;O=CC1=CC=CC(O)=C1;0.980392;0.019608;0;0;0.020859
817;818;176;O=CC1=CC=CC(O)=C1;0.952381;0.047619;0;0;0.072413
818;819;176;O=CC1=CC=CC(O)=C1;0.833333;0.166667;0;0;0.186322
819;820;176;O=CC1=CC=CC(O)=C1;0.75;0.25;0;0;0.367543
820;821;176;O=CC1=CC=CC(O)=C1;0.5;0.5;0;0;0.692721
821;822;176;O=CC1=CC=CC(O)=C1;0.333333;0.666667;0;0;0.878494
822;823;176;O=CC1=CC=CC(O)=C1;0;1;0;0;0.963437
823;824;177;O=CC1=C(F)C(F)=C(F)C(F)=C1F;1;0;0;0;0.221384
824;825;177;O=CC1=C(F)C(F)=C(F)C(F)=C1F;0.980392;0.019608;0;0;0.419223
825;826;177;O=CC1=C(F)C(F)=C(F)C(F)=C1F;0.833333;0.166667;0;0;0.674678
826;827;177;O=CC1=C(F)C(F)=C(F)C(F)=C1F;0.75;0.25;0;0;0.788187
827;828;177;O=CC1=C(F)C(F)=C(F)C(F)=C1F;0.5;0.5;0;0;0.941575
828;829;177;O=CC1=C(F)C(F)=C(F)C(F)=C1F;0.333333;0.666667;0;0;0.962406
829;830;177;O=CC1=C(F)C(F)=C(F)C(F)=C1F;0;1;0;0;0.965539
830;831;179;O=C(OC)C1=CC=C(C=O)C=C1;1;0;0;0;0.055783
831;832;179;O=C(OC)C1=CC=C(C=O)C=C1;0.980392;0.019608;0;0;0.198115
832;833;179;O=C(OC)C1=CC=C(C=O)C=C1;0.833333;0.166667;0;0;0.425558
833;834;179;O=C(OC)C1=CC=C(C=O)C=C1;0.75;0.25;0;0;0.594273
834;835;179;O=C(OC)C1=CC=C(C=O)C=C1;0.5;0.5;0;0;0.824724
835;836;179;O=C(OC)C1=CC=C(C=O)C=C1;0.333333;0.666667;0;0;0.931078
836;837;179;O=C(OC)C1=CC=C(C=O)C=C1;0;1;0;0;0.968672
837;838;180;O=CC1=C(Cl)C=CC=C1Cl;1;0;0;0;0.250437
838;839;180;O=CC1=C(Cl)C=CC=C1Cl;0.980392;0.019608;0;0;0.478185
839;840;180;O=CC1=C(Cl)C=CC=C1Cl;0.833333;0.166667;0;0;0.654162
840;841;180;O=CC1=C(Cl)C=CC=C1Cl;0.75;0.25;0;0;0.785203
841;842;180;O=CC1=C(Cl)C=CC=C1Cl;0.5;0.5;0;0;0.947725
842;843;180;O=CC1=C(Cl)C=CC=C1Cl;0.333333;0.666667;0;0;0.984336
843;844;180;O=CC1=C(Cl)C=CC=C1Cl;0;1;0;0;0.987469
844;845;181;O=CC1=CC=CC=C1I;1;0;0;0;0.27949
845;846;181;O=CC1=CC=CC=C1I;0.980392;0.019608;0;0;0.501759
846;847;181;O=CC1=CC=CC=C1I;0.833333;0.166667;0;0;0.714899
847;848;181;O=CC1=CC=CC=C1I;0.75;0.25;0;0;0.812617
848;849;181;O=CC1=CC=CC=C1I;0.5;0.5;0;0;0.965431
849;850;181;O=CC1=CC=CC=C1I;0.333333;0.666667;0;0;1
850;851;181;O=CC1=CC=CC=C1I;0;1;0;0;1
851;852;182;O=CC1=CC(F)=CC=C1Br;1;0;0;0;0.273679
852;853;182;O=CC1=CC(F)=CC=C1Br;0.980392;0.019608;0;0;0.528137
853;854;182;O=CC1=CC(F)=CC=C1Br;0.833333;0.166667;0;0;0.754752
854;855;182;O=CC1=CC(F)=CC=C1Br;0.75;0.25;0;0;0.834479
855;856;182;O=CC1=CC(F)=CC=C1Br;0.5;0.5;0;0;0.968573
856;857;182;O=CC1=CC(F)=CC=C1Br;0.333333;0.666667;0;0;1
857;858;182;O=CC1=CC(F)=CC=C1Br;0;1;0;0;1
858;859;184;CC(C1=CC=C(C(F)(F)F)C=C1)=O;1;0;0;0;0.12551
859;860;184;CC(C1=CC=C(C(F)(F)F)C=C1)=O;0.980392;0.019608;0;0;0.279017
860;861;184;CC(C1=CC=C(C(F)(F)F)C=C1)=O;0.833333;0.166667;0;0;0.537095
861;862;184;CC(C1=CC=C(C(F)(F)F)C=C1)=O;0.75;0.25;0;0;0.734541
862;863;184;CC(C1=CC=C(C(F)(F)F)C=C1)=O;0.5;0.5;0;0;0.987429
863;864;184;CC(C1=CC=C(C(F)(F)F)C=C1)=O;0.333333;0.666667;0;0;1
864;865;184;CC(C1=CC=C(C(F)(F)F)C=C1)=O;0;1;0;0;1
865;866;185;CC(OC1=CC=C(C=O)C=C1)=O;1;0;0;0;0.024911
866;867;185;CC(OC1=CC=C(C=O)C=C1)=O;0.980392;0.019608;0;0;0.093921
867;868;185;CC(OC1=CC=C(C=O)C=C1)=O;0.952381;0.047619;0;0;0.167681
868;869;185;CC(OC1=CC=C(C=O)C=C1)=O;0.833333;0.166667;0;0;0.335728
869;870;185;CC(OC1=CC=C(C=O)C=C1)=O;0.75;0.25;0;0;0.492529
870;871;185;CC(OC1=CC=C(C=O)C=C1)=O;0.5;0.5;0;0;0.858612
871;872;185;CC(OC1=CC=C(C=O)C=C1)=O;0.333333;0.666667;0;0;0.963325
872;873;185;CC(OC1=CC=C(C=O)C=C1)=O;0;1;0;0;1
873;874;186;O=CC1=CC=CC=C1OC;1;0;0;0;0.106928
874;875;186;O=CC1=CC=CC=C1OC;0.980392;0.019608;0;0;0.271525
875;876;186;O=CC1=CC=CC=C1OC;0.833333;0.166667;0;0;0.509277
876;877;186;O=CC1=CC=CC=C1OC;0.75;0.25;0;0;0.641968
877;878;186;O=CC1=CC=CC=C1OC;0.5;0.5;0;0;0.893959
878;879;186;O=CC1=CC=CC=C1OC;0.333333;0.666667;0;0;0.934823
879;880;186;O=CC1=CC=CC=C1OC;0;1;0;0;0.948044
880;881;188;O=CC1=CC=C(F)C=C1;1;0;0;0;0.149455
881;882;188;O=CC1=CC=C(F)C=C1;0.980392;0.019608;0;0;0.34979
882;883;188;O=CC1=CC=C(F)C=C1;0.833333;0.166667;0;0;0.599043
883;884;188;O=CC1=CC=C(F)C=C1;0.75;0.25;0;0;0.750934
884;885;188;O=CC1=CC=C(F)C=C1;0.5;0.5;0;0;0.964653
885;886;188;O=CC1=CC=C(F)C=C1;0.333333;0.666667;0;0;1
886;887;188;O=CC1=CC=C(F)C=C1;0;1;0;0;1
887;888;190;O=C(OC)C1=CC=CC(C=O)=C1;1;0;0;0;0.051162
888;889;190;O=C(OC)C1=CC=CC(C=O)=C1;0.980392;0.019608;0;0;0.164233
889;890;190;O=C(OC)C1=CC=CC(C=O)=C1;0.952381;0.047619;0;0;0.283055
890;891;190;O=C(OC)C1=CC=CC(C=O)=C1;0.833333;0.166667;0;0;0.506399
891;892;190;O=C(OC)C1=CC=CC(C=O)=C1;0.75;0.25;0;0;0.615385
892;893;190;O=C(OC)C1=CC=CC(C=O)=C1;0.5;0.5;0;0;0.844221
893;894;190;O=C(OC)C1=CC=CC(C=O)=C1;0.333333;0.666667;0;0;0.9511
894;895;190;O=C(OC)C1=CC=CC(C=O)=C1;0;1;0;0;0.971893
895;896;191;O=CC1=C(Br)C=C(OCO2)C2=C1;1;0;0;0;0.128497
896;897;191;O=CC1=C(Br)C=C(OCO2)C2=C1;0.980392;0.019608;0;0;0.313268
897;898;191;O=CC1=C(Br)C=C(OCO2)C2=C1;0.952381;0.047619;0;0;0.432031
898;899;191;O=CC1=C(Br)C=C(OCO2)C2=C1;0.833333;0.166667;0;0;0.613042
899;900;191;O=CC1=C(Br)C=C(OCO2)C2=C1;0.75;0.25;0;0;0.727438
900;901;191;O=CC1=C(Br)C=C(OCO2)C2=C1;0.5;0.5;0;0;0.90404
901;902;191;O=CC1=C(Br)C=C(OCO2)C2=C1;0.333333;0.666667;0;0;0.981663
902;903;191;O=CC1=C(Br)C=C(OCO2)C2=C1;0;1;0;0;0.993754
903;904;192;O=CC1=CC(OC)=CC(OC)=C1;1;0;0;0;0.069008
904;905;192;O=CC1=CC(OC)=CC(OC)=C1;0.980392;0.019608;0;0;0.1993
905;906;192;O=CC1=CC(OC)=CC(OC)=C1;0.952381;0.047619;0;0;0.323403
906;907;192;O=CC1=CC(OC)=CC(OC)=C1;0.833333;0.166667;0;0;0.539916
907;908;192;O=CC1=CC(OC)=CC(OC)=C1;0.5;0.5;0;0;0.876238
908;909;192;O=CC1=CC(OC)=CC(OC)=C1;0.333333;0.666667;0;0;0.957213
909;910;192;O=CC1=CC(OC)=CC(OC)=C1;0;1;0;0;0.978139
910;911;193;O=CC1=CC=CC=C1O;1;0;0;0;0.080298
911;912;193;O=CC1=CC=CC=C1O;0.980392;0.019608;0;0;0.336676
912;913;193;O=CC1=CC=CC=C1O;0.833333;0.166667;0;0;0.650206
913;914;193;O=CC1=CC=CC=C1O;0.75;0.25;0;0;0.753902
914;915;193;O=CC1=CC=CC=C1O;0.5;0.5;0;0;0.916201
915;916;193;O=CC1=CC=CC=C1O;0.333333;0.666667;0;0;0.96925
916;917;193;O=CC1=CC=CC=C1O;0;1;0;0;0.971691
917;918;194;O=CC1=CC(C(C)(C)C)=CC(C(C)(C)C)=C1;1;0;0;0;0.03474
918;919;194;O=CC1=CC(C(C)(C)C)=CC(C(C)(C)C)=C1;0.980392;0.019608;0;0;0.395638
919;920;194;O=CC1=CC(C(C)(C)C)=CC(C(C)(C)C)=C1;0.952381;0.047619;0;0;0.586945
920;921;194;O=CC1=CC(C(C)(C)C)=CC(C(C)(C)C)=C1;0.833333;0.166667;0;0;0.767784
921;922;194;O=CC1=CC(C(C)(C)C)=CC(C(C)(C)C)=C1;0.75;0.25;0;0;0.867947
922;923;194;O=CC1=CC(C(C)(C)C)=CC(C(C)(C)C)=C1;0.5;0.5;0;0;0.984482
923;924;194;O=CC1=CC(C(C)(C)C)=CC(C(C)(C)C)=C1;0.333333;0.666667;0;0;0.990775
924;925;194;O=CC1=CC(C(C)(C)C)=CC(C(C)(C)C)=C1;0;1;0;0;0.996981
925;926;195;CC(C1=CC(CC2=C3C=CC=C2)=C3C=C1)=O;1;0;0;0;0.009113
926;927;195;CC(C1=CC(CC2=C3C=CC=C2)=C3C=C1)=O;0.980392;0.019608;0;0;0.118516
927;928;195;CC(C1=CC(CC2=C3C=CC=C2)=C3C=C1)=O;0.952381;0.047619;0;0;0.289429
928;929;195;CC(C1=CC(CC2=C3C=CC=C2)=C3C=C1)=O;0.833333;0.166667;0;0;0.47384
929;930;195;CC(C1=CC(CC2=C3C=CC=C2)=C3C=C1)=O;0.75;0.25;0;0;0.633854
930;931;195;CC(C1=CC(CC2=C3C=CC=C2)=C3C=C1)=O;0.5;0.5;0;0;0.869646
931;932;195;CC(C1=CC(CC2=C3C=CC=C2)=C3C=C1)=O;0.333333;0.666667;0;0;0.932349
932;933;195;CC(C1=CC(CC2=C3C=CC=C2)=C3C=C1)=O;0;1;0;0;0.963768
933;934;196;O=CC1=CC=C(O)C([N+]([O-])=O)=C1;1;0;0;0;0.009113
934;935;196;O=CC1=CC=C(O)C([N+]([O-])=O)=C1;0.980392;0.019608;0;0;0.059554
935;936;196;O=CC1=CC=C(O)C([N+]([O-])=O)=C1;0.952381;0.047619;0;0;0.127673
936;937;196;O=CC1=CC=C(O)C([N+]([O-])=O)=C1;0.833333;0.166667;0;0;0.253382
937;938;196;O=CC1=CC=C(O)C([N+]([O-])=O)=C1;0.75;0.25;0;0;0.384755
938;939;196;O=CC1=CC=C(O)C([N+]([O-])=O)=C1;0.5;0.5;0;0;0.736189
939;940;196;O=CC1=CC=C(O)C([N+]([O-])=O)=C1;0.333333;0.666667;0;0;0.846249
940;941;196;O=CC1=CC=C(O)C([N+]([O-])=O)=C1;0;1;0;0;0.927536
941;942;197;O=[N+](C1=CC=C(Br)C=C1)[O-];1;0;0;0;0.11262
942;943;197;O=[N+](C1=CC=C(Br)C=C1)[O-];0.980392;0.019608;0;0;0.468975
943;944;197;O=[N+](C1=CC=C(Br)C=C1)[O-];0.952381;0.047619;0;0;0.630153
944;945;197;O=[N+](C1=CC=C(Br)C=C1)[O-];0.833333;0.166667;0;0;0.773146
945;946;197;O=[N+](C1=CC=C(Br)C=C1)[O-];0.75;0.25;0;0;0.857232
946;947;197;O=[N+](C1=CC=C(Br)C=C1)[O-];0.5;0.5;0;0;1
947;948;197;O=[N+](C1=CC=C(Br)C=C1)[O-];0.333333;0.666667;0;0;1
948;949;197;O=[N+](C1=CC=C(Br)C=C1)[O-];0;1;0;0;1
949;950;198;O=CC1=C(OC)C=CC=C1OC;1;0;0;0;0
950;951;198;O=CC1=C(OC)C=CC=C1OC;0.980392;0.019608;0;0;0.009548
951;952;198;O=CC1=C(OC)C=CC=C1OC;0.833333;0.166667;0;0;0.135501
952;953;198;O=CC1=C(OC)C=CC=C1OC;0.75;0.25;0;0;0.233397
953;954;198;O=CC1=C(OC)C=CC=C1OC;0.5;0.5;0;0;0.509867
954;955;198;O=CC1=C(OC)C=CC=C1OC;0.333333;0.666667;0;0;0.68985
955;956;198;O=CC1=C(OC)C=CC=C1OC;0;1;0;0;0.812617
956;957;199;CC(C1=CC=C(OC(F)(F)F)C=C1)=O;1;0;0;0;0.009436
957;958;199;CC(C1=CC=C(OC(F)(F)F)C=C1)=O;0.980392;0.019608;0;0;0.224345
958;959;199;CC(C1=CC=C(OC(F)(F)F)C=C1)=O;0.833333;0.166667;0;0;0.570816
959;960;199;CC(C1=CC=C(OC(F)(F)F)C=C1)=O;0.75;0.25;0;0;0.720671
960;961;199;CC(C1=CC=C(OC(F)(F)F)C=C1)=O;0.5;0.5;0;0;0.910885
961;962;199;CC(C1=CC=C(OC(F)(F)F)C=C1)=O;0.333333;0.666667;0;0;0.95614
962;963;199;CC(C1=CC=C(OC(F)(F)F)C=C1)=O;0;1;0;0;0.978139
963;964;200;O=CC1=CC=NC2=CC=CC=C12;1;0;0;0;0
964;965;200;O=CC1=CC=NC2=CC=CC=C12;0.980392;0.019608;0;0;0.015515
965;966;200;O=CC1=CC=NC2=CC=CC=C12;0.833333;0.166667;0;0;0.163092
966;967;200;O=CC1=CC=NC2=CC=CC=C12;0.75;0.25;0;0;0.276848
967;968;200;O=CC1=CC=NC2=CC=CC=C12;0.5;0.5;0;0;0.509867
968;969;200;O=CC1=CC=NC2=CC=CC=C12;0.333333;0.666667;0;0;0.708647
969;970;200;O=CC1=CC=NC2=CC=CC=C12;0;1;0;0;0.78451
970;971;201;O=CC1=C(Br)C=CC=C1Br;1;0;0;0;0.062687
971;972;201;O=CC1=C(Br)C=CC=C1Br;0.980392;0.019608;0;0;0.38858
972;973;201;O=CC1=C(Br)C=CC=C1Br;0.952381;0.047619;0;0;0.564058
973;974;201;O=CC1=C(Br)C=CC=C1Br;0.833333;0.166667;0;0;0.686347
974;975;201;O=CC1=C(Br)C=CC=C1Br;0.75;0.25;0;0;0.794765
975;976;201;O=CC1=C(Br)C=CC=C1Br;0.5;0.5;0;0;0.95226
976;977;201;O=CC1=C(Br)C=CC=C1Br;0.333333;0.666667;0;0;0.984672
977;978;201;O=CC1=C(Br)C=CC=C1Br;0;1;0;0;0.993943
978;979;203;O=CC1=CC=C(O)C=C1;1;0;0;0;0.00355
979;980;203;O=CC1=CC=C(O)C=C1;0.980392;0.019608;0;0;0
980;981;203;O=CC1=CC=C(O)C=C1;0.952381;0.047619;0;0;0.027285
981;982;203;O=CC1=CC=C(O)C=C1;0.833333;0.166667;0;0;0.142068
982;983;203;O=CC1=CC=C(O)C=C1;0.75;0.25;0;0;0.268294
983;984;203;O=CC1=CC=C(O)C=C1;0.5;0.5;0;0;0.60853
984;985;203;O=CC1=CC=C(O)C=C1;0.333333;0.666667;0;0;0.803802
985;986;203;O=CC1=CC=C(O)C=C1;0;1;0;0;0.909146
986;987;206;CC(C1=CC=C(OCO2)C2=C1)=O;1;0;0;0;0.015515
987;988;206;CC(C1=CC=C(OCO2)C2=C1)=O;0.980392;0.019608;0;0;0.169223
988;989;206;CC(C1=CC=C(OCO2)C2=C1)=O;0.952381;0.047619;0;0;0.266505
989;990;206;CC(C1=CC=C(OCO2)C2=C1)=O;0.833333;0.166667;0;0;0.409036
990;991;206;CC(C1=CC=C(OCO2)C2=C1)=O;0.75;0.25;0;0;0.562384
991;992;206;CC(C1=CC=C(OCO2)C2=C1)=O;0.5;0.5;0;0;0.815405
992;993;206;CC(C1=CC=C(OCO2)C2=C1)=O;0.333333;0.666667;0;0;0.909091
993;994;206;CC(C1=CC=C(OCO2)C2=C1)=O;0;1;0;0;0.96693
994;995;209;O=CC1=C(F)C=CC=C1F;1;0;0;0;0.029045
995;996;209;O=CC1=C(F)C=CC=C1F;0.980392;0.019608;0;0;0.303454
996;997;209;O=CC1=C(F)C=CC=C1F;0.952381;0.047619;0;0;0.424225
997;998;209;O=CC1=C(F)C=CC=C1F;0.833333;0.166667;0;0;0.538509
998;999;209;O=CC1=C(F)C=CC=C1F;0.75;0.25;0;0;0.68145
999;1000;209;O=CC1=C(F)C=CC=C1F;0.5;0.5;0;0;0.855028
1000;1001;209;O=CC1=C(F)C=CC=C1F;0.333333;0.666667;0;0;0.928616
1001;1002;209;O=CC1=C(F)C=CC=C1F;0;1;0;0;0.968672
1002;1003;211;O=CC1=CC=C(C)C=C1Br;1;0;0;0;0.057519
1003;1004;211;O=CC1=CC=C(C)C=C1Br;0.980392;0.019608;0;0;0.470019
1004;1005;211;O=CC1=CC=C(C)C=C1Br;0.952381;0.047619;0;0;0.624106
1005;1006;211;O=CC1=CC=C(C)C=C1Br;0.833333;0.166667;0;0;0.718827
1006;1007;211;O=CC1=CC=C(C)C=C1Br;0.75;0.25;0;0;0.831356
1007;1008;211;O=CC1=CC=C(C)C=C1Br;0.5;0.5;0;0;0.953732
1008;1009;211;O=CC1=CC=C(C)C=C1Br;0.333333;0.666667;0;0;0.984482
1009;1010;211;O=CC1=CC=C(C)C=C1Br;0;1;0;0;0.987469
1010;1011;218;O=C(N)C1=CC=CC=C1N;1;0;0;0;0
1011;1012;218;O=C(N)C1=CC=CC=C1N;0.980392;0.019608;0;0;0.003561
1012;1013;218;O=C(N)C1=CC=CC=C1N;0.952381;0.047619;0;0;0.006412
1013;1014;218;O=C(N)C1=CC=CC=C1N;0.833333;0.166667;0;0;0.016091
1014;1015;218;O=C(N)C1=CC=CC=C1N;0.75;0.25;0;0;0.050438
1015;1016;218;O=C(N)C1=CC=CC=C1N;0.5;0.5;0;0;0.177531
1016;1017;218;O=C(N)C1=CC=CC=C1N;0.333333;0.666667;0;0;0.338769
1017;1018;218;O=C(N)C1=CC=CC=C1N;0;1;0;0;0.547102
1018;1019;219;O=C1NC(C2=C1C=CC=C2)=O;1;0;0;0;0
1019;1020;219;O=C1NC(C2=C1C=CC=C2)=O;0.980392;0.019608;0;0;0.006526
1020;1021;219;O=C1NC(C2=C1C=CC=C2)=O;0.952381;0.047619;0;0;0.006412
1021;1022;220;CNC1=CC=CC=C1;1;0;0;0;0.013455
1022;1023;220;CNC1=CC=CC=C1;0.980392;0.019608;0;0;0.190393
1023;1024;220;CNC1=CC=CC=C1;0.952381;0.047619;0;0;0.277391
1024;1025;220;CNC1=CC=CC=C1;0.833333;0.166667;0;0;0.489481
1025;1026;220;CNC1=CC=CC=C1;0.75;0.25;0;0;0.573475
1026;1027;220;CNC1=CC=CC=C1;0.5;0.5;0;0;0.869646
1027;1028;220;CNC1=CC=CC=C1;0.333333;0.666667;0;0;0.927536
1028;1029;220;CNC1=CC=CC=C1;0;1;0;0;0.930556
1029;1030;221;O=C(C1=CC=CC=C1)C(C2=CC=CC=C2)=O;1;0;0;0;0.003934
1030;1031;221;O=C(C1=CC=CC=C1)C(C2=CC=CC=C2)=O;0.980392;0.019608;0;0;0.244076
1031;1032;221;O=C(C1=CC=CC=C1)C(C2=CC=CC=C2)=O;0.952381;0.047619;0;0;0.327298
1032;1033;221;O=C(C1=CC=CC=C1)C(C2=CC=CC=C2)=O;0.833333;0.166667;0;0;0.544593
1033;1034;221;O=C(C1=CC=CC=C1)C(C2=CC=CC=C2)=O;0.75;0.25;0;0;0.642622
1034;1035;221;O=C(C1=CC=CC=C1)C(C2=CC=CC=C2)=O;0.5;0.5;0;0;0.881657
1035;1036;221;O=C(C1=CC=CC=C1)C(C2=CC=CC=C2)=O;0.333333;0.666667;0;0;0.935317
1036;1037;221;O=C(C1=CC=CC=C1)C(C2=CC=CC=C2)=O;0;1;0;0;0.944662
1037;1038;222;CC(NC1=CC=C(C(C)=O)C=C1)=O;1;0;0;0;0
1038;1039;222;CC(NC1=CC=C(C(C)=O)C=C1)=O;0.980392;0.019608;0;0;0.013455
1039;1040;222;CC(NC1=CC=C(C(C)=O)C=C1)=O;0.952381;0.047619;0;0;0
1040;1041;222;CC(NC1=CC=C(C(C)=O)C=C1)=O;0.75;0.25;0;0;0.037064
1041;1042;223;O=C(C1=CC=C2C=C(C3=CC=C(OC)C(C45CC6CC(C5)CC(C6)C4)=C3)C=CC2=C1)O;1;0;0;0;0
1042;1043;223;O=C(C1=CC=C2C=C(C3=CC=C(OC)C(C45CC6CC(C5)CC(C6)C4)=C3)C=CC2=C1)O;0.980392;0.019608;0;0;0.007049
1043;1044;223;O=C(C1=CC=C2C=C(C3=CC=C(OC)C(C45CC6CC(C5)CC(C6)C4)=C3)C=CC2=C1)O;0.952381;0.047619;0;0;0
1044;1045;223;O=C(C1=CC=C2C=C(C3=CC=C(OC)C(C45CC6CC(C5)CC(C6)C4)=C3)C=CC2=C1)O;0.833333;0.166667;0;0;0.098673
1045;1046;223;O=C(C1=CC=C2C=C(C3=CC=C(OC)C(C45CC6CC(C5)CC(C6)C4)=C3)C=CC2=C1)O;0.75;0.25;0;0;0.166117
1046;1047;223;O=C(C1=CC=C2C=C(C3=CC=C(OC)C(C45CC6CC(C5)CC(C6)C4)=C3)C=CC2=C1)O;0.5;0.5;0;0;0.559501
1047;1048;223;O=C(C1=CC=C2C=C(C3=CC=C(OC)C(C45CC6CC(C5)CC(C6)C4)=C3)C=CC2=C1)O;0.333333;0.666667;0;0;0.77361
1048;1049;223;O=C(C1=CC=C2C=C(C3=CC=C(OC)C(C45CC6CC(C5)CC(C6)C4)=C3)C=CC2=C1)O;0;1;0;0;0.863282
1049;1050;224;CC1=CC2=C(C(C)(C)CCC2(C)C)C=C1;1;0;0;0;0.534732
1050;1051;224;CC1=CC2=C(C(C)(C)CCC2(C)C)C=C1;0.980392;0.019608;0;0;0.762973
1051;1052;224;CC1=CC2=C(C(C)(C)CCC2(C)C)C=C1;0.952381;0.047619;0;0;0.818888
1052;1053;224;CC1=CC2=C(C(C)(C)CCC2(C)C)C=C1;0.833333;0.166667;0;0;0.949399
1053;1054;224;CC1=CC2=C(C(C)(C)CCC2(C)C)C=C1;0.75;0.25;0;0;0.940437
1054;1055;224;CC1=CC2=C(C(C)(C)CCC2(C)C)C=C1;0.5;0.5;0;0;0.996713
1055;1056;224;CC1=CC2=C(C(C)(C)CCC2(C)C)C=C1;0.333333;0.666667;0;0;0.996766
1056;1057;224;CC1=CC2=C(C(C)(C)CCC2(C)C)C=C1;0;1;0;0;0.990234
1057;1058;225;O=C(O)C1=CC=CC(C#N)=C1;1;0;0;0;0
1058;1059;225;O=C(O)C1=CC=CC(C#N)=C1;0.980392;0.019608;0;0;0.01009
1059;1060;225;O=C(O)C1=CC=CC(C#N)=C1;0.952381;0.047619;0;0;0.013763
1060;1061;225;O=C(O)C1=CC=CC(C#N)=C1;0.833333;0.166667;0;0;0.026267
1061;1062;225;O=C(O)C1=CC=CC(C#N)=C1;0.75;0.25;0;0;0.067515
1062;1063;225;O=C(O)C1=CC=CC(C#N)=C1;0.5;0.5;0;0;0.14052
1063;1064;225;O=C(O)C1=CC=CC(C#N)=C1;0.333333;0.666667;0;0;0.250508
1064;1065;225;O=C(O)C1=CC=CC(C#N)=C1;0;1;0;0;0.409793
1065;1066;226;O=C(C)C1=CC(C(C)(C)CC(C)C2(C)C)=C2C=C1C;1;0;0;0;0
1066;1067;226;O=C(C)C1=CC(C(C)(C)CC(C)C2(C)C)=C2C=C1C;0.980392;0.019608;0;0;0.259144
1067;1068;226;O=C(C)C1=CC(C(C)(C)CC(C)C2(C)C)=C2C=C1C;0.952381;0.047619;0;0;0.416777
1068;1069;226;O=C(C)C1=CC(C(C)(C)CC(C)C2(C)C)=C2C=C1C;0.833333;0.166667;0;0;0.663678
1069;1070;226;O=C(C)C1=CC(C(C)(C)CC(C)C2(C)C)=C2C=C1C;0.75;0.25;0;0;0.786097
1070;1071;226;O=C(C)C1=CC(C(C)(C)CC(C)C2(C)C)=C2C=C1C;0.5;0.5;0;0;0.94884
1071;1072;226;O=C(C)C1=CC(C(C)(C)CC(C)C2(C)C)=C2C=C1C;0.333333;0.666667;0;0;0.989872
1072;1073;226;O=C(C)C1=CC(C(C)(C)CC(C)C2(C)C)=C2C=C1C;0;1;0;0;0.969819
1073;1074;227;O=C1CCCC2=C1C=C(Cl)C=C2;1;0;0;0;0
1074;1075;227;O=C1CCCC2=C1C=C(Cl)C=C2;0.980392;0.019608;0;0;0.133041
1075;1076;227;O=C1CCCC2=C1C=C(Cl)C=C2;0.952381;0.047619;0;0;0.203802
1076;1077;227;O=C1CCCC2=C1C=C(Cl)C=C2;0.833333;0.166667;0;0;0.426651
1077;1078;227;O=C1CCCC2=C1C=C(Cl)C=C2;0.75;0.25;0;0;0.545455
1078;1079;227;O=C1CCCC2=C1C=C(Cl)C=C2;0.5;0.5;0;0;0.812415
1079;1080;227;O=C1CCCC2=C1C=C(Cl)C=C2;0.333333;0.666667;0;0;0.898717
1080;1081;227;O=C1CCCC2=C1C=C(Cl)C=C2;0;1;0;0;0.90275
1081;1082;229;O=C1CCCC2=C1C=C(Br)C=C2;1;0;0;0;0.003908
1082;1083;229;O=C1CCCC2=C1C=C(Br)C=C2;0.980392;0.019608;0;0;0.147137
1083;1084;229;O=C1CCCC2=C1C=C(Br)C=C2;0.952381;0.047619;0;0;0.19407
1084;1085;229;O=C1CCCC2=C1C=C(Br)C=C2;0.833333;0.166667;0;0;0.440105
1085;1086;229;O=C1CCCC2=C1C=C(Br)C=C2;0.75;0.25;0;0;0.565218
1086;1087;229;O=C1CCCC2=C1C=C(Br)C=C2;0.5;0.5;0;0;0.796692
1087;1088;229;O=C1CCCC2=C1C=C(Br)C=C2;0.333333;0.666667;0;0;0.870836
1088;1089;229;O=C1CCCC2=C1C=C(Br)C=C2;0;1;0;0;0.91453
1089;1090;231;CCC(C1=CC=C2C=C(OC)C=CC2=C1)=O;1;0;0;0;0
1090;1091;231;CCC(C1=CC=C2C=C(OC)C=CC2=C1)=O;0.980392;0.019608;0;0;0.140627
1091;1092;231;CCC(C1=CC=C2C=C(OC)C=CC2=C1)=O;0.952381;0.047619;0;0;0.19407
1092;1093;231;CCC(C1=CC=C2C=C(OC)C=CC2=C1)=O;0.833333;0.166667;0;0;0.475913
1093;1094;231;CCC(C1=CC=C2C=C(OC)C=CC2=C1)=O;0.75;0.25;0;0;0.575737
1094;1095;231;CCC(C1=CC=C2C=C(OC)C=CC2=C1)=O;0.5;0.5;0;0;0.858718
1095;1096;231;CCC(C1=CC=C2C=C(OC)C=CC2=C1)=O;0.333333;0.666667;0;0;0.935418
1096;1097;231;CCC(C1=CC=C2C=C(OC)C=CC2=C1)=O;0;1;0;0;0.944116
1097;1098;232;CCC(C1=CC=CC(O)=C1)=O;1;0;0;0;0
1098;1099;232;CCC(C1=CC=CC(O)=C1)=O;0.980392;0.019608;0;0;0.016929
1099;1100;232;CCC(C1=CC=CC(O)=C1)=O;0.952381;0.047619;0;0;0.023213
1100;1101;232;CCC(C1=CC=CC(O)=C1)=O;0.833333;0.166667;0;0;0.222007
1101;1102;232;CCC(C1=CC=CC(O)=C1)=O;0.75;0.25;0;0;0.337309
1102;1103;232;CCC(C1=CC=CC(O)=C1)=O;0.5;0.5;0;0;0.734666
1103;1104;232;CCC(C1=CC=CC(O)=C1)=O;0.333333;0.666667;0;0;0.864038
1104;1105;232;CCC(C1=CC=CC(O)=C1)=O;0;1;0;0;0.911243
1105;1106;233;O=C1CCCC2=C1C=C(OC)C=C2;1;0;0;0;0
1106;1107;233;O=C1CCCC2=C1C=C(OC)C=C2;0.980392;0.019608;0;0;0.095991
1107;1108;233;O=C1CCCC2=C1C=C(OC)C=C2;0.952381;0.047619;0;0;0.162098
1108;1109;233;O=C1CCCC2=C1C=C(OC)C=C2;0.833333;0.166667;0;0;0.442232
1109;1110;233;O=C1CCCC2=C1C=C(OC)C=C2;0.75;0.25;0;0;0.538785
1110;1111;233;O=C1CCCC2=C1C=C(OC)C=C2;0.5;0.5;0;0;0.794751
1111;1112;233;O=C1CCCC2=C1C=C(OC)C=C2;0.333333;0.666667;0;0;0.878977
1112;1113;233;O=C1CCCC2=C1C=C(OC)C=C2;0;1;0;0;0.909457
1113;1114;234;O=C1CCC(C2=CC=C(Cl)C(Cl)=C2)C3=C1C=CC=C3;1;0;0;0;0
1114;1115;234;O=C1CCC(C2=CC=C(Cl)C(Cl)=C2)C3=C1C=CC=C3;0.980392;0.019608;0;0;0.069693
1115;1116;234;O=C1CCC(C2=CC=C(Cl)C(Cl)=C2)C3=C1C=CC=C3;0.952381;0.047619;0;0;0.134676
1116;1117;234;O=C1CCC(C2=CC=C(Cl)C(Cl)=C2)C3=C1C=CC=C3;0.833333;0.166667;0;0;0.412352
1117;1118;234;O=C1CCC(C2=CC=C(Cl)C(Cl)=C2)C3=C1C=CC=C3;0.75;0.25;0;0;0.559749
1118;1119;234;O=C1CCC(C2=CC=C(Cl)C(Cl)=C2)C3=C1C=CC=C3;0.5;0.5;0;0;0.851952
1119;1120;234;O=C1CCC(C2=CC=C(Cl)C(Cl)=C2)C3=C1C=CC=C3;0.333333;0.666667;0;0;0.948133
1120;1121;234;O=C1CCC(C2=CC=C(Cl)C(Cl)=C2)C3=C1C=CC=C3;0;1;0;0;0.959759
1121;1122;235;CCC(C1=CC=CN=C1)=O;1;0;0;0;0
1122;1123;235;CCC(C1=CC=CN=C1)=O;0.980392;0.019608;0;0;0.026958
1123;1124;235;CCC(C1=CC=CN=C1)=O;0.952381;0.047619;0;0;0.006705
1124;1125;235;CCC(C1=CC=CN=C1)=O;0.833333;0.166667;0;0;0.093627
1125;1126;235;CCC(C1=CC=CN=C1)=O;0.75;0.25;0;0;0.102028
1126;1127;235;CCC(C1=CC=CN=C1)=O;0.5;0.5;0;0;0.269853
1127;1128;235;CCC(C1=CC=CN=C1)=O;0.333333;0.666667;0;0;0.419088
1128;1129;235;CCC(C1=CC=CN=C1)=O;0;1;0;0;0.480216
1129;1130;236;O=C1C=CC(C)(C)CC1;1;0;0;0;0
1130;1131;236;O=C1C=CC(C)(C)CC1;0.980392;0.019608;0;0;0.115715
1131;1132;236;O=C1C=CC(C)(C)CC1;0.952381;0.047619;0;0;0.198661
1132;1133;236;O=C1C=CC(C)(C)CC1;0.833333;0.166667;0;0;0.462152
1133;1134;236;O=C1C=CC(C)(C)CC1;0.75;0.25;0;0;0.552761
1134;1135;236;O=C1C=CC(C)(C)CC1;0.5;0.5;0;0;0.801481
1135;1136;236;O=C1C=CC(C)(C)CC1;0.333333;0.666667;0;0;0.923928
1136;1137;236;O=C1C=CC(C)(C)CC1;0;1;0;0;0.89269
1137;1138;237;CCC(C1=NC=CS1)=O;0.833333;0.166667;0;0;0.456942
1138;1139;237;CCC(C1=NC=CS1)=O;0.75;0.25;0;0;0.590724
1139;1140;237;CCC(C1=NC=CS1)=O;0.5;0.5;0;0;0.807827
1140;1141;237;CCC(C1=NC=CS1)=O;0.333333;0.666667;0;0;0.892436
1141;1142;237;CCC(C1=NC=CS1)=O;0;1;0;0;0.915882
1142;1143;238;O=C(C1=CC=CC=C1)CCC2=CC=CC=C2;0.833333;0.166667;0;0;0.624037
1143;1144;238;O=C(C1=CC=CC=C1)CCC2=CC=CC=C2;0.75;0.25;0;0;0.73056
1144;1145;238;O=C(C1=CC=CC=C1)CCC2=CC=CC=C2;0.5;0.5;0;0;0.923131
1145;1146;238;O=C(C1=CC=CC=C1)CCC2=CC=CC=C2;0.333333;0.666667;0;0;0.972242
1146;1147;238;O=C(C1=CC=CC=C1)CCC2=CC=CC=C2;0;1;0;0;0.966353
1147;1148;239;O=C1CCC(C)C2=C1C=CC=C2;0.833333;0.166667;0;0;0.524423
1148;1149;239;O=C1CCC(C)C2=C1C=CC=C2;0.75;0.25;0;0;0.635062
1149;1150;239;O=C1CCC(C)C2=C1C=CC=C2;0.5;0.5;0;0;0.874214
1150;1151;239;O=C1CCC(C)C2=C1C=CC=C2;0.333333;0.666667;0;0;0.941013
1151;1152;239;O=C1CCC(C)C2=C1C=CC=C2;0;1;0;0;0.915882
1152;1153;240;O=C1CCCC2=C1N=CC=C2;0.833333;0.166667;0;0;0.010285
1153;1154;241;O=C1CCC(CCCCC)CC1;1;0;0;0;0.0718
1154;1155;241;O=C1CCC(CCCCC)CC1;0.980392;0.019608;0;0;0.347827
1155;1156;241;O=C1CCC(CCCCC)CC1;0.952381;0.047619;0;0;0.500317
1156;1157;241;O=C1CCC(CCCCC)CC1;0.833333;0.166667;0;0;0.767727
1157;1158;241;O=C1CCC(CCCCC)CC1;0.75;0.25;0;0;0.837602
1158;1159;241;O=C1CCC(CCCCC)CC1;0.5;0.5;0;0;0.941215
1159;1160;241;O=C1CCC(CCCCC)CC1;0.333333;0.666667;0;0;0.977288
1160;1161;241;O=C1CCC(CCCCC)CC1;0;1;0;0;0.97421
1161;1162;242;O=C1CCCC2=C1C=C(F)C=C2;1;0;0;0;0.039459
1162;1163;242;O=C1CCCC2=C1C=C(F)C=C2;0.980392;0.019608;0;0;0.247244
1163;1164;242;O=C1CCCC2=C1C=C(F)C=C2;0.952381;0.047619;0;0;0.386465
1164;1165;242;O=C1CCCC2=C1C=C(F)C=C2;0.833333;0.166667;0;0;0.428485
1165;1166;242;O=C1CCCC2=C1C=C(F)C=C2;0.75;0.25;0;0;0.528421
1166;1167;242;O=C1CCCC2=C1C=C(F)C=C2;0.5;0.5;0;0;0.761594
1167;1168;242;O=C1CCCC2=C1C=C(F)C=C2;0.333333;0.666667;0;0;0.870214
1168;1169;242;O=C1CCCC2=C1C=C(F)C=C2;0;1;0;0;0.880722
1169;1170;243;CCC(C1=CC=CC(F)=C1)=O;1;0;0;0;0.142951
1170;1171;243;CCC(C1=CC=CC(F)=C1)=O;0.980392;0.019608;0;0;0.458145
1171;1172;243;CCC(C1=CC=CC(F)=C1)=O;0.952381;0.047619;0;0;0.604681
1172;1173;243;CCC(C1=CC=CC(F)=C1)=O;0.833333;0.166667;0;0;0.636309
1173;1174;243;CCC(C1=CC=CC(F)=C1)=O;0.75;0.25;0;0;0.700188
1174;1175;243;CCC(C1=CC=CC(F)=C1)=O;0.5;0.5;0;0;0.879164
1175;1176;243;CCC(C1=CC=CC(F)=C1)=O;0.333333;0.666667;0;0;0.935107
1176;1177;243;CCC(C1=CC=CC(F)=C1)=O;0;1;0;0;0.94842
1177;1178;244;CCC(C1=CC=CS1)=O;1;0;0;0;0.100907
1178;1179;244;CCC(C1=CC=CS1)=O;0.980392;0.019608;0;0;0.373785
1179;1180;244;CCC(C1=CC=CS1)=O;0.952381;0.047619;0;0;0.52878
1180;1181;244;CCC(C1=CC=CS1)=O;0.833333;0.166667;0;0;0.547678
1181;1182;244;CCC(C1=CC=CS1)=O;0.75;0.25;0;0;0.631481
1182;1183;244;CCC(C1=CC=CS1)=O;0.5;0.5;0;0;0.823645
1183;1184;244;CCC(C1=CC=CS1)=O;0.333333;0.666667;0;0;0.902661
1184;1185;244;CCC(C1=CC=CS1)=O;0;1;0;0;0.945197
1185;1186;245;O=C1CCCCC2=CC=CC=C21;1;0;0;0;0.053609
1186;1187;245;O=C1CCCCC2=CC=CC=C21;0.980392;0.019608;0;0;0.327238
1187;1188;245;O=C1CCCCC2=CC=CC=C21;0.952381;0.047619;0;0;0.490008
1188;1189;245;O=C1CCCCC2=CC=CC=C21;0.833333;0.166667;0;0;0.55977
1189;1190;245;O=C1CCCCC2=CC=CC=C21;0.75;0.25;0;0;0.634227
1190;1191;245;O=C1CCCCC2=CC=CC=C21;0.5;0.5;0;0;0.863425
1191;1192;245;O=C1CCCCC2=CC=CC=C21;0.333333;0.666667;0;0;0.916999
1192;1193;245;O=C1CCCCC2=CC=CC=C21;0;1;0;0;0.899117
1193;1194;246;CCC(C1=CC=C(C(F)(F)F)C=C1)=O;1;0;0;0;0.093318
1194;1195;246;CCC(C1=CC=C(C(F)(F)F)C=C1)=O;0.980392;0.019608;0;0;0.402353
1195;1196;246;CCC(C1=CC=C(C(F)(F)F)C=C1)=O;0.952381;0.047619;0;0;0.572709
1196;1197;246;CCC(C1=CC=C(C(F)(F)F)C=C1)=O;0.833333;0.166667;0;0;0.64653
1197;1198;246;CCC(C1=CC=C(C(F)(F)F)C=C1)=O;0.75;0.25;0;0;0.72567
1198;1199;246;CCC(C1=CC=C(C(F)(F)F)C=C1)=O;0.5;0.5;0;0;0.930047
1199;1200;246;CCC(C1=CC=C(C(F)(F)F)C=C1)=O;0.333333;0.666667;0;0;0.97344
1200;1201;246;CCC(C1=CC=C(C(F)(F)F)C=C1)=O;0;1;0;0;0.974779
1201;1202;247;O=C(C1=CC=C(F)C=C1)CCCCl;1;0;0;0;0.060227
1202;1203;247;O=C(C1=CC=C(F)C=C1)CCCCl;0.980392;0.019608;0;0;0.340302
1203;1204;247;O=C(C1=CC=C(F)C=C1)CCCCl;0.952381;0.047619;0;0;0.514129
1204;1205;247;O=C(C1=CC=C(F)C=C1)CCCCl;0.833333;0.166667;0;0;0.582263
1205;1206;247;O=C(C1=CC=C(F)C=C1)CCCCl;0.75;0.25;0;0;0.670151
1206;1207;247;O=C(C1=CC=C(F)C=C1)CCCCl;0.5;0.5;0;0;0.876749
1207;1208;247;O=C(C1=CC=C(F)C=C1)CCCCl;0.333333;0.666667;0;0;0.940239
1208;1209;247;O=C(C1=CC=C(F)C=C1)CCCCl;0;1;0;0;0.940101
1209;1210;248;O=C(C1=CC=CC(C(C2=CC=CC=C2)=O)=C1)C3=CC=CC=C3;1;0;0;0;0.007282
1210;1211;248;O=C(C1=CC=CC(C(C2=CC=CC=C2)=O)=C1)C3=CC=CC=C3;0.980392;0.019608;0;0;0.147618
1211;1212;248;O=C(C1=CC=CC(C(C2=CC=CC=C2)=O)=C1)C3=CC=CC=C3;0.952381;0.047619;0;0;0.331497
1212;1213;248;O=C(C1=CC=CC(C(C2=CC=CC=C2)=O)=C1)C3=CC=CC=C3;0.833333;0.166667;0;0;0.389461
1213;1214;248;O=C(C1=CC=CC(C(C2=CC=CC=C2)=O)=C1)C3=CC=CC=C3;0.75;0.25;0;0;0.52972
1214;1215;248;O=C(C1=CC=CC(C(C2=CC=CC=C2)=O)=C1)C3=CC=CC=C3;0.5;0.5;0;0;0.830114
1215;1216;248;O=C(C1=CC=CC(C(C2=CC=CC=C2)=O)=C1)C3=CC=CC=C3;0.333333;0.666667;0;0;0.936919
1216;1217;248;O=C(C1=CC=CC(C(C2=CC=CC=C2)=O)=C1)C3=CC=CC=C3;0;1;0;0;0.955864
1217;1218;249;FC1=CC=CC=C1CC(C2CC2)=O;1;0;0;0;0.103245
1218;1219;249;FC1=CC=CC=C1CC(C2CC2)=O;0.980392;0.019608;0;0;0.328311
1219;1220;249;FC1=CC=CC=C1CC(C2CC2)=O;0.952381;0.047619;0;0;0.462698
1220;1221;249;FC1=CC=CC=C1CC(C2CC2)=O;0.833333;0.166667;0;0;0.561792
1221;1222;249;FC1=CC=CC=C1CC(C2CC2)=O;0.75;0.25;0;0;0.655062
1222;1223;249;FC1=CC=CC=C1CC(C2CC2)=O;0.5;0.5;0;0;0.841858
1223;1224;249;FC1=CC=CC=C1CC(C2CC2)=O;0.333333;0.666667;0;0;0.91006
1224;1225;249;FC1=CC=CC=C1CC(C2CC2)=O;0;1;0;0;0.896043
1225;1226;250;O=C1CCC(CCC)CC1;1;0;0;0;0.0503
1226;1227;250;O=C1CCC(CCC)CC1;0.980392;0.019608;0;0;0.328311
1227;1228;250;O=C1CCC(CCC)CC1;0.952381;0.047619;0;0;0.479809
1228;1229;250;O=C1CCC(CCC)CC1;0.5;0.5;0;0;0.932705
1229;1230;251;O=C1CC(C)(C)CC(C)(C)C1;1;0;0;0;0.076772
1230;1231;251;O=C1CC(C)(C)CC(C)(C)C1;0.980392;0.019608;0;0;0.387288
1231;1232;251;O=C1CC(C)(C)CC(C)(C)C1;0.952381;0.047619;0;0;0.575634
1232;1233;251;O=C1CC(C)(C)CC(C)(C)C1;0.833333;0.166667;0;0;0.662674
1233;1234;251;O=C1CC(C)(C)CC(C)(C)C1;0.75;0.25;0;0;0.751774
1234;1235;251;O=C1CC(C)(C)CC(C)(C)C1;0.5;0.5;0;0;0.932705
1235;1236;251;O=C1CC(C)(C)CC(C)(C)C1;0.333333;0.666667;0;0;0.973351
1236;1237;251;O=C1CC(C)(C)CC(C)(C)C1;0;1;0;0;0.956405
1237;1238;252;O=C1CCCC2=C1C=CS2;1;0;0;0;0.003973
1238;1239;252;O=C1CCCC2=C1C=CS2;0.980392;0.019608;0;0;0.148101
1239;1240;252;O=C1CCCC2=C1C=CS2;0.952381;0.047619;0;0;0.271049
1240;1241;252;O=C1CCCC2=C1C=CS2;0.833333;0.166667;0;0;0.344264
1241;1242;252;O=C1CCCC2=C1C=CS2;0.75;0.25;0;0;0.47131
1242;1243;252;O=C1CCCC2=C1C=CS2;0.5;0.5;0;0;0.734186
1243;1244;252;O=C1CCCC2=C1C=CS2;0.333333;0.666667;0;0;0.853431
1244;1245;252;O=C1CCCC2=C1C=CS2;0;1;0;0;0.879276
1245;1246;253;CCC(C1=CC=C(C)O1)=O;1;0;0;0;0.029853
1246;1247;253;CCC(C1=CC=C(C)O1)=O;0.980392;0.019608;0;0;0.257917
1247;1248;253;CCC(C1=CC=C(C)O1)=O;0.952381;0.047619;0;0;0.383985
1248;1249;253;CCC(C1=CC=C(C)O1)=O;0.833333;0.166667;0;0;0.479824
1249;1250;253;CCC(C1=CC=C(C)O1)=O;0.75;0.25;0;0;0.588505
1250;1251;253;CCC(C1=CC=C(C)O1)=O;0.5;0.5;0;0;0.824685
1251;1252;253;CCC(C1=CC=C(C)O1)=O;0.333333;0.666667;0;0;0.903719
1252;1253;253;CCC(C1=CC=C(C)O1)=O;0;1;0;0;0.915882
1253;1254;254;CCC(C1=CC=C(OC)C=C1)=O;1;0;0;0;0
1254;1255;254;CCC(C1=CC=C(OC)C=C1)=O;0.980392;0.019608;0;0;0.201849
1255;1256;254;CCC(C1=CC=C(OC)C=C1)=O;0.952381;0.047619;0;0;0.356606
1256;1257;254;CCC(C1=CC=C(OC)C=C1)=O;0.833333;0.166667;0;0;0.454604
1257;1258;254;CCC(C1=CC=C(OC)C=C1)=O;0.75;0.25;0;0;0.581973
1258;1259;254;CCC(C1=CC=C(OC)C=C1)=O;0.5;0.5;0;0;0.824685
1259;1260;254;CCC(C1=CC=C(OC)C=C1)=O;0.333333;0.666667;0;0;0.920319
1260;1261;254;CCC(C1=CC=C(OC)C=C1)=O;0;1;0;0;0.922611
1261;1262;256;CC(C1=CC=C(C2=CC=C(C(C)=O)C=C2)C=C1)=O;1;0;0;0;0
1262;1263;256;CC(C1=CC=C(C2=CC=C(C(C)=O)C=C2)C=C1)=O;0.980392;0.019608;0;0;0.013854
1263;1264;256;CC(C1=CC=C(C2=CC=C(C(C)=O)C=C2)C=C1)=O;0.952381;0.047619;0;0;0.06571
1264;1265;256;CC(C1=CC=C(C2=CC=C(C(C)=O)C=C2)C=C1)=O;0.5;0.5;0;0;0.600281
1265;1266;256;CC(C1=CC=C(C2=CC=C(C(C)=O)C=C2)C=C1)=O;0.333333;0.666667;0;0;0.787517
1266;1267;256;CC(C1=CC=C(C2=CC=C(C(C)=O)C=C2)C=C1)=O;0;1;0;0;0.865411
1267;1268;257;O=C(/C=C/C1=CC=CC=C1)/C=C/C2=CC=CC=C2;1;0;0;0;0
1268;1269;257;O=C(/C=C/C1=CC=CC=C1)/C=C/C2=CC=CC=C2;0.980392;0.019608;0;0;0.18237
1269;1270;257;O=C(/C=C/C1=CC=CC=C1)/C=C/C2=CC=CC=C2;0.952381;0.047619;0;0;0.344095
1270;1271;257;O=C(/C=C/C1=CC=CC=C1)/C=C/C2=CC=CC=C2;0.833333;0.166667;0;0;0.466795
1271;1272;257;O=C(/C=C/C1=CC=CC=C1)/C=C/C2=CC=CC=C2;0.75;0.25;0;0;0.618985
1272;1273;257;O=C(/C=C/C1=CC=CC=C1)/C=C/C2=CC=CC=C2;0.5;0.5;0;0;0.887449
1273;1274;257;O=C(/C=C/C1=CC=CC=C1)/C=C/C2=CC=CC=C2;0.333333;0.666667;0;0;0.976207
1274;1275;257;O=C(/C=C/C1=CC=CC=C1)/C=C/C2=CC=CC=C2;0;1;0;0;0.962483
1275;1276;258;O=C1COC2=C1C=CC=C2;1;0;0;0;0.000643
1276;1277;258;O=C1COC2=C1C=CC=C2;0.980392;0.019608;0;0;0.195829
1277;1278;258;O=C1COC2=C1C=CC=C2;0.952381;0.047619;0;0;0.330359
1278;1279;258;O=C1COC2=C1C=CC=C2;0.833333;0.166667;0;0;0.431674
1279;1280;258;O=C1COC2=C1C=CC=C2;0.75;0.25;0;0;0.562167
1280;1281;258;O=C1COC2=C1C=CC=C2;0.5;0.5;0;0;0.791951
1281;1282;258;O=C1COC2=C1C=CC=C2;0.333333;0.666667;0;0;0.918423
1282;1283;258;O=C1COC2=C1C=CC=C2;0;1;0;0;0.924966
1283;1284;259;CCC(C1=CC=C(N)C=C1)=O;1;0;0;0;0
1284;1285;259;CCC(C1=CC=C(N)C=C1)=O;0.980392;0.019608;0;0;0
1285;1286;259;CCC(C1=CC=C(N)C=C1)=O;0.952381;0.047619;0;0;0.000689
1286;1287;259;CCC(C1=CC=C(N)C=C1)=O;0.833333;0.166667;0;0;0.058112
1287;1288;259;CCC(C1=CC=C(N)C=C1)=O;0.75;0.25;0;0;0.157756
1288;1289;259;CCC(C1=CC=C(N)C=C1)=O;0.5;0.5;0;0;0.491816
1289;1290;259;CCC(C1=CC=C(N)C=C1)=O;0.333333;0.666667;0;0;0.724678
1290;1291;259;CCC(C1=CC=C(N)C=C1)=O;0;1;0;0;0.853343
1291;1292;260;CCCC(C1=CC=C(OCO2)C2=C1)=O;1;0;0;0;0
1292;1293;260;CCCC(C1=CC=C(OCO2)C2=C1)=O;0.980392;0.019608;0;0;0.2463
1293;1294;260;CCCC(C1=CC=C(OCO2)C2=C1)=O;0.952381;0.047619;0;0;0.43338
1294;1295;260;CCCC(C1=CC=C(OCO2)C2=C1)=O;0.833333;0.166667;0;0;0.537038
1295;1296;260;CCCC(C1=CC=C(OCO2)C2=C1)=O;0.75;0.25;0;0;0.682487
1296;1297;260;CCCC(C1=CC=C(OCO2)C2=C1)=O;0.5;0.5;0;0;0.870396
1297;1298;260;CCCC(C1=CC=C(OCO2)C2=C1)=O;0.333333;0.666667;0;0;0.969409
1298;1299;260;CCCC(C1=CC=C(OCO2)C2=C1)=O;0;1;0;0;0.969304
1299;1300;261;O=C(C1=CC=C(C(F)(F)F)C=C1)CCCCOC;1;0;0;0;0
1300;1301;261;O=C(C1=CC=C(C(F)(F)F)C=C1)CCCCOC;0.980392;0.019608;0;0;0.090608
1301;1302;261;O=C(C1=CC=C(C(F)(F)F)C=C1)CCCCOC;0.952381;0.047619;0;0;0.213371
1302;1303;261;O=C(C1=CC=C(C(F)(F)F)C=C1)CCCCOC;0.833333;0.166667;0;0;0.326242
1303;1304;261;O=C(C1=CC=C(C(F)(F)F)C=C1)CCCCOC;0.75;0.25;0;0;0.485295
1304;1305;261;O=C(C1=CC=C(C(F)(F)F)C=C1)CCCCOC;0.5;0.5;0;0;0.83578
1305;1306;261;O=C(C1=CC=C(C(F)(F)F)C=C1)CCCCOC;0.333333;0.666667;0;0;0.982771
1306;1307;261;O=C(C1=CC=C(C(F)(F)F)C=C1)CCCCOC;0;1;0;0;0.975542
1307;1308;262;CC(NC(C=C1CCC2)=CC=C1C2=O)=O;1;0;0;0;0
1308;1309;262;CC(NC(C=C1CCC2)=CC=C1C2=O)=O;0.980392;0.019608;0;0;0
1309;1310;262;CC(NC(C=C1CCC2)=CC=C1C2=O)=O;0.952381;0.047619;0;0;0
1310;1311;262;CC(NC(C=C1CCC2)=CC=C1C2=O)=O;0.833333;0.166667;0;0;0
1311;1312;262;CC(NC(C=C1CCC2)=CC=C1C2=O)=O;0.75;0.25;0;0;0
1312;1313;262;CC(NC(C=C1CCC2)=CC=C1C2=O)=O;0.5;0.5;0;0;0.129981
1313;1314;262;CC(NC(C=C1CCC2)=CC=C1C2=O)=O;0.333333;0.666667;0;0;0.279809
1314;1315;262;CC(NC(C=C1CCC2)=CC=C1C2=O)=O;0;1;0;0;0.48288
1315;1316;263;CCC(C1=CC=C(Cl)C(Cl)=C1)=O;1;0;0;0;0.030146
1316;1317;263;CCC(C1=CC=C(Cl)C(Cl)=C1)=O;0.980392;0.019608;0;0;0.383745
1317;1318;263;CCC(C1=CC=C(Cl)C(Cl)=C1)=O;0.952381;0.047619;0;0;0.5341
1318;1319;263;CCC(C1=CC=C(Cl)C(Cl)=C1)=O;0.833333;0.166667;0;0;0.613154
1319;1320;263;CCC(C1=CC=C(Cl)C(Cl)=C1)=O;0.75;0.25;0;0;0.729279
1320;1321;263;CCC(C1=CC=C(Cl)C(Cl)=C1)=O;0.5;0.5;0;0;0.902167
1321;1322;263;CCC(C1=CC=C(Cl)C(Cl)=C1)=O;0.333333;0.666667;0;0;0.979325
1322;1323;263;CCC(C1=CC=C(Cl)C(Cl)=C1)=O;0;1;0;0;0.965059
1323;1324;264;CCC(C1=CC=CC([N+]([O-])=O)=C1)=O;1;0;0;0;0
1324;1325;264;CCC(C1=CC=CC([N+]([O-])=O)=C1)=O;0.980392;0.019608;0;0;0.107264
1325;1326;264;CCC(C1=CC=CC([N+]([O-])=O)=C1)=O;0.952381;0.047619;0;0;0.226875
1326;1327;264;CCC(C1=CC=CC([N+]([O-])=O)=C1)=O;0.833333;0.166667;0;0;0.316571
1327;1328;264;CCC(C1=CC=CC([N+]([O-])=O)=C1)=O;0.75;0.25;0;0;0.498664
1328;1329;264;CCC(C1=CC=CC([N+]([O-])=O)=C1)=O;0.5;0.5;0;0;0.772887
1329;1330;264;CCC(C1=CC=CC([N+]([O-])=O)=C1)=O;0.333333;0.666667;0;0;0.910407
1330;1331;264;CCC(C1=CC=CC([N+]([O-])=O)=C1)=O;0;1;0;0;0.954577
1331;1332;265;CCC(C1=CC=CC(Br)=C1)=O;1;0;0;0;0.019363
1332;1333;265;CCC(C1=CC=CC(Br)=C1)=O;0.980392;0.019608;0;0;0.403962
1333;1334;265;CCC(C1=CC=CC(Br)=C1)=O;0.952381;0.047619;0;0;0.491048
1334;1335;265;CCC(C1=CC=CC(Br)=C1)=O;0.833333;0.166667;0;0;0.668855
1335;1336;265;CCC(C1=CC=CC(Br)=C1)=O;0.75;0.25;0;0;0.731609
1336;1337;265;CCC(C1=CC=CC(Br)=C1)=O;0.5;0.5;0;0;0.925168
1337;1338;265;CCC(C1=CC=CC(Br)=C1)=O;0.333333;0.666667;0;0;0.967444
1338;1339;265;CCC(C1=CC=CC(Br)=C1)=O;0;1;0;0;0.984185
1339;1340;267;O=C1CCCC2=C1C=CC(OC)=C2;1;0;0;0;0.003648
1340;1341;267;O=C1CCCC2=C1C=CC(OC)=C2;0.980392;0.019608;0;0;0.089132
1341;1342;267;O=C1CCCC2=C1C=CC(OC)=C2;0.952381;0.047619;0;0;0.126197
1342;1343;267;O=C1CCCC2=C1C=CC(OC)=C2;0.833333;0.166667;0;0;0.298215
1343;1344;267;O=C1CCCC2=C1C=CC(OC)=C2;0.75;0.25;0;0;0.384938
1344;1345;267;O=C1CCCC2=C1C=CC(OC)=C2;0.5;0.5;0;0;0.683835
1345;1346;267;O=C1CCCC2=C1C=CC(OC)=C2;0.333333;0.666667;0;0;0.830707
1346;1347;267;O=C1CCCC2=C1C=CC(OC)=C2;0;1;0;0;0.876645
1347;1348;269;O=C1CCCC(N2C)=C1C3=C2C=CC=C3;1;0;0;0;0.019302
1348;1349;269;O=C1CCCC(N2C)=C1C3=C2C=CC=C3;0.980392;0.019608;0;0;0.022021
1349;1350;269;O=C1CCCC(N2C)=C1C3=C2C=CC=C3;0.952381;0.047619;0;0;0
1350;1351;269;O=C1CCCC(N2C)=C1C3=C2C=CC=C3;0.833333;0.166667;0;0;0.049246
1351;1352;269;O=C1CCCC(N2C)=C1C3=C2C=CC=C3;0.75;0.25;0;0;0.099187
1352;1353;269;O=C1CCCC(N2C)=C1C3=C2C=CC=C3;0.5;0.5;0;0;0.221185
1353;1354;269;O=C1CCCC(N2C)=C1C3=C2C=CC=C3;0.333333;0.666667;0;0;0.347742
1354;1355;269;O=C1CCCC(N2C)=C1C3=C2C=CC=C3;0;1;0;0;0.531683
1355;1356;270;CCCC(C1=CC=C(C2=CC=CC=C2)C=C1)=O;1;0;0;0;0.016169
1356;1357;270;CCCC(C1=CC=C(C2=CC=CC=C2)C=C1)=O;0.980392;0.019608;0;0;0.341863
1357;1358;270;CCCC(C1=CC=C(C2=CC=CC=C2)C=C1)=O;0.952381;0.047619;0;0;0.487833
1358;1359;270;CCCC(C1=CC=C(C2=CC=CC=C2)C=C1)=O;0.833333;0.166667;0;0;0.67394
1359;1360;270;CCCC(C1=CC=C(C2=CC=CC=C2)C=C1)=O;0.75;0.25;0;0;0.770818
1360;1361;270;CCCC(C1=CC=C(C2=CC=CC=C2)C=C1)=O;0.5;0.5;0;0;0.931854
1361;1362;270;CCCC(C1=CC=C(C2=CC=CC=C2)C=C1)=O;0.333333;0.666667;0;0;0.983775
1362;1363;270;CCCC(C1=CC=C(C2=CC=CC=C2)C=C1)=O;0;1;0;0;0.981142
1363;1364;271;CC(C1=CC=C(I)C=C1)=O;1;0;0;0;0.022435
1364;1365;271;CC(C1=CC=C(I)C=C1)=O;0.980392;0.019608;0;0;0.228074
1365;1366;271;CC(C1=CC=C(I)C=C1)=O;0.952381;0.047619;0;0;0.326423
1366;1367;271;CC(C1=CC=C(I)C=C1)=O;0.833333;0.166667;0;0;0.536812
1367;1368;271;CC(C1=CC=C(I)C=C1)=O;0.75;0.25;0;0;0.64986
1368;1369;271;CC(C1=CC=C(I)C=C1)=O;0.5;0.5;0;0;0.879933
1369;1370;271;CC(C1=CC=C(I)C=C1)=O;0.333333;0.666667;0;0;0.944834
1370;1371;271;CC(C1=CC=C(I)C=C1)=O;0;1;0;0;0.946568
1371;1372;272;O=CC1=CC=CC=C1Br;1;0;0;0;0.053768
1372;1373;272;O=CC1=CC=CC=C1Br;0.980392;0.019608;0;0;0.409522
1373;1374;272;O=CC1=CC=CC=C1Br;0.952381;0.047619;0;0;0.537498
1374;1375;272;O=CC1=CC=CC=C1Br;0.833333;0.166667;0;0;0.676987
1375;1376;272;O=CC1=CC=CC=C1Br;0.75;0.25;0;0;0.735804
1376;1377;272;O=CC1=CC=CC=C1Br;0.5;0.5;0;0;0.935099
1377;1378;272;O=CC1=CC=CC=C1Br;0.333333;0.666667;0;0;0.964304
1378;1379;272;O=CC1=CC=CC=C1Br;0;1;0;0;0.943425
1379;1380;273;O=CC1=CC=C([N+]([O-])=O)C=C1[N+]([O-])=O;1;0;0;0;0.012955
1380;1381;273;O=CC1=CC=C([N+]([O-])=O)C=C1[N+]([O-])=O;0.980392;0.019608;0;0;0.034113
1381;1382;273;O=CC1=CC=C([N+]([O-])=O)C=C1[N+]([O-])=O;0.952381;0.047619;0;0;0.08353
1382;1383;273;O=CC1=CC=C([N+]([O-])=O)C=C1[N+]([O-])=O;0.833333;0.166667;0;0;0.262711
1383;1384;273;O=CC1=CC=C([N+]([O-])=O)C=C1[N+]([O-])=O;0.75;0.25;0;0;0.428412
1384;1385;273;O=CC1=CC=C([N+]([O-])=O)C=C1[N+]([O-])=O;0.5;0.5;0;0;0.827564
1385;1386;273;O=CC1=CC=C([N+]([O-])=O)C=C1[N+]([O-])=O;0.333333;0.666667;0;0;0.932511
1386;1387;273;O=CC1=CC=C([N+]([O-])=O)C=C1[N+]([O-])=O;0;1;0;0;0.964874
1387;1388;275;O=CC1=CC(Cl)=CC=C1O;1;0;0;0;0.056546
1388;1389;275;O=CC1=CC(Cl)=CC=C1O;0.980392;0.019608;0;0;0.373396
1389;1390;275;O=CC1=CC(Cl)=CC=C1O;0.952381;0.047619;0;0;0.477181
1390;1391;275;O=CC1=CC(Cl)=CC=C1O;0.833333;0.166667;0;0;0.663747
1391;1392;275;O=CC1=CC(Cl)=CC=C1O;0.75;0.25;0;0;0.715768
1392;1393;275;O=CC1=CC(Cl)=CC=C1O;0.5;0.5;0;0;0.920169
1393;1394;275;O=CC1=CC(Cl)=CC=C1O;0.333333;0.666667;0;0;0.983931
1394;1395;275;O=CC1=CC(Cl)=CC=C1O;0;1;0;0;0.964874
1395;1396;276;O=CC1=CC=CC=C1C=O;1;0;0;0;0
1396;1397;276;O=CC1=CC=CC=C1C=O;0.980392;0.019608;0;0;0
1397;1398;276;O=CC1=CC=CC=C1C=O;0.952381;0.047619;0;0;0
1398;1399;276;O=CC1=CC=CC=C1C=O;0.833333;0.166667;0;0;0.059108
1399;1400;276;O=CC1=CC=CC=C1C=O;0.75;0.25;0;0;0.091081
1400;1401;276;O=CC1=CC=CC=C1C=O;0.5;0.5;0;0;0.37093
1401;1402;276;O=CC1=CC=CC=C1C=O;0.333333;0.666667;0;0;0.559713
1402;1403;276;O=CC1=CC=CC=C1C=O;0;1;0;0;0.770086
1403;1404;277;O=CC1=CC=CC=C1[N+]([O-])=O;1;0;0;0;0.022435
1404;1405;277;O=CC1=CC=CC=C1[N+]([O-])=O;0.980392;0.019608;0;0;0.137503
1405;1406;277;O=CC1=CC=CC=C1[N+]([O-])=O;0.952381;0.047619;0;0;0.18223
1406;1407;277;O=CC1=CC=CC=C1[N+]([O-])=O;0.833333;0.166667;0;0;0.368243
1407;1408;277;O=CC1=CC=CC=C1[N+]([O-])=O;0.75;0.25;0;0;0.469333
1408;1409;277;O=CC1=CC=CC=C1[N+]([O-])=O;0.5;0.5;0;0;0.775036
1409;1410;277;O=CC1=CC=CC=C1[N+]([O-])=O;0.333333;0.666667;0;0;0.89339
1410;1411;277;O=CC1=CC=CC=C1[N+]([O-])=O;0;1;0;0;0.960286
1411;1412;278;O=CC1=CC=C(O)C=C1O;1;0;0;0;0.013036
1412;1413;278;O=CC1=CC=C(O)C=C1O;0.980392;0.019608;0;0;0.044092
1413;1414;278;O=CC1=CC=C(O)C=C1O;0.952381;0.047619;0;0;0.053768
1414;1415;278;O=CC1=CC=C(O)C=C1O;0.833333;0.166667;0;0;0.201661
1415;1416;278;O=CC1=CC=C(O)C=C1O;0.75;0.25;0;0;0.277251
1416;1417;278;O=CC1=CC=C(O)C=C1O;0.5;0.5;0;0;0.636843
1417;1418;278;O=CC1=CC=C(O)C=C1O;0.333333;0.666667;0;0;0.820096
1418;1419;278;O=CC1=CC=C(O)C=C1O;0;1;0;0;0.930501
1419;1420;279;O=CC1=CC=C(C(F)(F)F)C=C1;1;0;0;0;0.063167
1420;1421;279;O=CC1=CC=C(C(F)(F)F)C=C1;0.980392;0.019608;0;0;0.305643
1421;1422;279;O=CC1=CC=C(C(F)(F)F)C=C1;0.952381;0.047619;0;0;0.395289
1422;1423;279;O=CC1=CC=C(C(F)(F)F)C=C1;0.833333;0.166667;0;0;0.588258
1423;1424;279;O=CC1=CC=C(C(F)(F)F)C=C1;0.75;0.25;0;0;0.700482
1424;1425;279;O=CC1=CC=C(C(F)(F)F)C=C1;0.5;0.5;0;0;0.893945
1425;1426;279;O=CC1=CC=C(C(F)(F)F)C=C1;0.333333;0.666667;0;0;0.953358
1426;1427;279;O=CC1=CC=C(C(F)(F)F)C=C1;0;1;0;0;0.960286
1427;1428;280;C/C(C1=CC=CC=C1)=N\O;1;0;0;0;0
1428;1429;280;C/C(C1=CC=CC=C1)=N\O;0.980392;0.019608;0;0;0.093911
1429;1430;280;C/C(C1=CC=CC=C1)=N\O;0.952381;0.047619;0;0;0.201029
1430;1431;280;C/C(C1=CC=CC=C1)=N\O;0.833333;0.166667;0;0;0.44682
1431;1432;280;C/C(C1=CC=CC=C1)=N\O;0.75;0.25;0;0;0.573513
1432;1433;280;C/C(C1=CC=CC=C1)=N\O;0.5;0.5;0;0;0.865021
1433;1434;280;C/C(C1=CC=CC=C1)=N\O;0.333333;0.666667;0;0;0.963353
1434;1435;280;C/C(C1=CC=CC=C1)=N\O;0;1;0;0;0.953667
1435;1436;282;O=CC1=CC(C)=CC=C1O;1;0;0;0;0.016018
1436;1437;282;O=CC1=CC(C)=CC=C1O;0.980392;0.019608;0;0;0.341943
1437;1438;282;O=CC1=CC(C)=CC=C1O;0.952381;0.047619;0;0;0.516171
1438;1439;282;O=CC1=CC(C)=CC=C1O;0.833333;0.166667;0;0;0.647617
1439;1440;282;O=CC1=CC(C)=CC=C1O;0.75;0.25;0;0;0.734312
1440;1441;282;O=CC1=CC(C)=CC=C1O;0.5;0.5;0;0;0.904656
1441;1442;282;O=CC1=CC(C)=CC=C1O;0.333333;0.666667;0;0;0.95669
1442;1443;282;O=CC1=CC(C)=CC=C1O;0;1;0;0;0.964534
1443;1444;283;O=CC1=C2C=CC=CC2=CC=C1O;1;0;0;0;0.031539
1444;1445;283;O=CC1=C2C=CC=CC2=CC=C1O;0.980392;0.019608;0;0;0.307798
1445;1446;283;O=CC1=C2C=CC=CC2=CC=C1O;0.952381;0.047619;0;0;0.462058
1446;1447;283;O=CC1=C2C=CC=CC2=CC=C1O;0.833333;0.166667;0;0;0.596361
1447;1448;283;O=CC1=C2C=CC=CC2=CC=C1O;0.75;0.25;0;0;0.705846
1448;1449;283;O=CC1=C2C=CC=CC2=CC=C1O;0.5;0.5;0;0;0.901368
1449;1450;283;O=CC1=C2C=CC=CC2=CC=C1O;0.333333;0.666667;0;0;0.973348
1450;1451;283;O=CC1=C2C=CC=CC2=CC=C1O;0;1;0;0;0.967759
1451;1452;284;O=CC1=CC=CC(I)=C1;1;0;0;0;0.028435
1452;1453;284;O=CC1=CC=CC(I)=C1;0.980392;0.019608;0;0;0.289174
1453;1454;284;O=CC1=CC=CC(I)=C1;0.952381;0.047619;0;0;0.436594
1454;1455;284;O=CC1=CC=CC(I)=C1;0.833333;0.166667;0;0;0.583548
1455;1456;284;O=CC1=CC=CC(I)=C1;0.75;0.25;0;0;0.718497
1456;1457;284;O=CC1=CC=CC(I)=C1;0.5;0.5;0;0;0.921094
1457;1458;284;O=CC1=CC=CC(I)=C1;0.333333;0.666667;0;0;0.983342
1458;1459;284;O=CC1=CC=CC(I)=C1;0;1;0;0;0.958086
1459;1460;285;O=CC1=CC([N+]([O-])=O)=CC=C1O;1;0;0;0;0.016118
1460;1461;285;O=CC1=CC([N+]([O-])=O)=CC=C1O;0.980392;0.019608;0;0;0.115348
1461;1462;285;O=CC1=CC([N+]([O-])=O)=CC=C1O;0.952381;0.047619;0;0;0.171851
1462;1463;285;O=CC1=CC([N+]([O-])=O)=CC=C1O;0.833333;0.166667;0;0;0.337832
1463;1464;285;O=CC1=CC([N+]([O-])=O)=CC=C1O;0.75;0.25;0;0;0.455973
1464;1465;285;O=CC1=CC([N+]([O-])=O)=CC=C1O;0.5;0.5;0;0;0.765801
1465;1466;285;O=CC1=CC([N+]([O-])=O)=CC=C1O;0.333333;0.666667;0;0;0.896609
1466;1467;285;O=CC1=CC([N+]([O-])=O)=CC=C1O;0;1;0;0;0.948414
1467;1468;286;O=CC1=CC=CC([N+]([O-])=O)=C1;1;0;0;0;0.019242
1468;1469;286;O=CC1=CC=CC([N+]([O-])=O)=C1;0.980392;0.019608;0;0;0.081203
1469;1470;286;O=CC1=CC=CC([N+]([O-])=O)=C1;0.952381;0.047619;0;0;0.108391
1470;1471;286;O=CC1=CC=CC([N+]([O-])=O)=C1;0.833333;0.166667;0;0;0.278487
1471;1472;286;O=CC1=CC=CC([N+]([O-])=O)=C1;0.75;0.25;0;0;0.395876
1472;1473;286;O=CC1=CC=CC([N+]([O-])=O)=C1;0.5;0.5;0;0;0.713023
1473;1474;286;O=CC1=CC=CC([N+]([O-])=O)=C1;0.333333;0.666667;0;0;0.855253
1474;1475;286;O=CC1=CC=CC([N+]([O-])=O)=C1;0;1;0;0;0.929069
1475;1476;287;O=CC1=CC2=CC=CC=C2S1;1;0;0;0;0.028612
1476;1477;287;O=CC1=CC2=CC=CC=C2S1;0.980392;0.019608;0;0;0.196053
1477;1478;287;O=CC1=CC2=CC=CC=C2S1;0.952381;0.047619;0;0;0.26704
1478;1479;287;O=CC1=CC2=CC=CC=C2S1;0.833333;0.166667;0;0;0.465893
1479;1480;287;O=CC1=CC2=CC=CC=C2S1;0.75;0.25;0;0;0.579328
1480;1481;287;O=CC1=CC2=CC=CC=C2S1;0.5;0.5;0;0;0.825175
1481;1482;287;O=CC1=CC2=CC=CC=C2S1;0.333333;0.666667;0;0;0.927626
1482;1483;287;O=CC1=CC2=CC=CC=C2S1;0;1;0;0;0.94519
1483;1484;288;O=CC1=CC=CC(OC)=C1O;1;0;0;0;0.012995
1484;1485;288;O=CC1=CC=CC(OC)=C1O;0.980392;0.019608;0;0;0.121556
1485;1486;288;O=CC1=CC=CC(OC)=C1O;0.952381;0.047619;0;0;0.165505
1486;1487;288;O=CC1=CC=CC(OC)=C1O;0.833333;0.166667;0;0;0.328462
1487;1488;288;O=CC1=CC=CC(OC)=C1O;0.75;0.25;0;0;0.443321
1488;1489;288;O=CC1=CC=CC(OC)=C1O;0.5;0.5;0;0;0.71962
1489;1490;288;O=CC1=CC=CC(OC)=C1O;0.333333;0.666667;0;0;0.862145
1490;1491;288;O=CC1=CC=CC(OC)=C1O;0;1;0;0;0.912948
1491;1492;290;O=C(C1=CC=CC=C1)CC(C(F)(F)F)=O;1;0;0;0;0.215076
1492;1493;290;O=C(C1=CC=CC=C1)CC(C(F)(F)F)=O;0.980392;0.019608;0;0;0.440389
1493;1494;290;O=C(C1=CC=CC=C1)CC(C(F)(F)F)=O;0.952381;0.047619;0;0;0.500249
1494;1495;290;O=C(C1=CC=CC=C1)CC(C(F)(F)F)=O;0.833333;0.166667;0;0;0.611133
1495;1496;290;O=C(C1=CC=CC=C1)CC(C(F)(F)F)=O;0.75;0.25;0;0;0.722538
1496;1497;290;O=C(C1=CC=CC=C1)CC(C(F)(F)F)=O;0.5;0.5;0;0;0.85087
1497;1498;290;O=C(C1=CC=CC=C1)CC(C(F)(F)F)=O;0.333333;0.666667;0;0;0.889285
1498;1499;290;O=C(C1=CC=CC=C1)CC(C(F)(F)F)=O;0;1;0;0;0.943814
1499;1500;291;O=CC1=C2C=CC=CC2=CC3=CC=CC=C13;1;0;0;0;0.144521
1500;1501;291;O=CC1=C2C=CC=CC2=CC3=CC=CC=C13;0.980392;0.019608;0;0;0.3955
1501;1502;291;O=CC1=C2C=CC=CC2=CC3=CC=CC=C13;0.952381;0.047619;0;0;0.459897
1502;1503;291;O=CC1=C2C=CC=CC2=CC3=CC=CC=C13;0.833333;0.166667;0;0;0.585423
1503;1504;291;O=CC1=C2C=CC=CC2=CC3=CC=CC=C13;0.75;0.25;0;0;0.697314
1504;1505;291;O=CC1=C2C=CC=CC2=CC3=CC=CC=C13;0.5;0.5;0;0;0.85087
1505;1506;291;O=CC1=C2C=CC=CC2=CC3=CC=CC=C13;0.333333;0.666667;0;0;0.910813
1506;1507;291;O=CC1=C2C=CC=CC2=CC3=CC=CC=C13;0;1;0;0;0.946771
1507;1508;292;O=CC1=CC=C(OC(F)(F)F)C=C1;1;0;0;0;0.173919
1508;1509;292;O=CC1=CC=C(OC(F)(F)F)C=C1;0.980392;0.019608;0;0;0.419441
1509;1510;292;O=CC1=CC=C(OC(F)(F)F)C=C1;0.952381;0.047619;0;0;0.521977
1510;1511;292;O=CC1=CC=C(OC(F)(F)F)C=C1;0.833333;0.166667;0;0;0.640057
1511;1512;292;O=CC1=CC=C(OC(F)(F)F)C=C1;0.75;0.25;0;0;0.769833
1512;1513;292;O=CC1=CC=C(OC(F)(F)F)C=C1;0.5;0.5;0;0;0.90481
1513;1514;292;O=CC1=CC=C(OC(F)(F)F)C=C1;0.333333;0.666667;0;0;0.923115
1514;1515;292;O=CC1=CC=C(OC(F)(F)F)C=C1;0;1;0;0;0.952685
1515;1516;293;O=CC1=CC=CC(C(F)(F)F)=C1;1;0;0;0;0.176334
1516;1517;293;O=CC1=CC=CC(C(F)(F)F)=C1;0.980392;0.019608;0;0;0.415945
1517;1518;293;O=CC1=CC=CC(C(F)(F)F)=C1;0.952381;0.047619;0;0;0.463677
1518;1519;293;O=CC1=CC=CC(C(F)(F)F)=C1;0.833333;0.166667;0;0;0.592565
1519;1520;293;O=CC1=CC=CC(C(F)(F)F)=C1;0.75;0.25;0;0;0.667879
1520;1521;293;O=CC1=CC=CC(C(F)(F)F)=C1;0.5;0.5;0;0;0.876688
1521;1522;293;O=CC1=CC=CC(C(F)(F)F)=C1;0.333333;0.666667;0;0;0.9146
1522;1523;293;O=CC1=CC=CC(C(F)(F)F)=C1;0;1;0;0;0.929483
1523;1524;295;CC(C1=CC=C(C)C=C1)=O;1;0;0;0;0.139315
1524;1525;295;CC(C1=CC=C(C)C=C1)=O;0.980392;0.019608;0;0;0.364765
1525;1526;295;CC(C1=CC=C(C)C=C1)=O;0.952381;0.047619;0;0;0.46063
1526;1527;295;CC(C1=CC=C(C)C=C1)=O;0.833333;0.166667;0;0;0.589382
1527;1528;295;CC(C1=CC=C(C)C=C1)=O;0.75;0.25;0;0;0.680412
1528;1529;295;CC(C1=CC=C(C)C=C1)=O;0.5;0.5;0;0;0.866952
1529;1530;295;CC(C1=CC=C(C)C=C1)=O;0.333333;0.666667;0;0;0.895623
1530;1531;295;CC(C1=CC=C(C)C=C1)=O;0;1;0;0;0.929483
1531;1532;296;O=CC1=CC=C(OCC2=CC=CC=C2)C=C1;1;0;0;0;0.043684
1532;1533;296;O=CC1=CC=C(OCC2=CC=CC=C2)C=C1;0.980392;0.019608;0;0;0.199182
1533;1534;296;O=CC1=CC=C(OCC2=CC=CC=C2)C=C1;0.952381;0.047619;0;0;0.299123
1534;1535;296;O=CC1=CC=C(OCC2=CC=CC=C2)C=C1;0.833333;0.166667;0;0;0.433411
1535;1536;296;O=CC1=CC=C(OCC2=CC=CC=C2)C=C1;0.75;0.25;0;0;0.583282
1536;1537;296;O=CC1=CC=C(OCC2=CC=CC=C2)C=C1;0.5;0.5;0;0;0.844237
1537;1538;296;O=CC1=CC=C(OCC2=CC=CC=C2)C=C1;0.333333;0.666667;0;0;0.924089
1538;1539;296;O=CC1=CC=C(OCC2=CC=CC=C2)C=C1;0;1;0;0;0.944812
1539;1540;297;CC(C1=CC=C(N)C=C1)=O;1;0;0;0;0.006584
1540;1541;297;CC(C1=CC=C(N)C=C1)=O;0.980392;0.019608;0;0;0.006727
1541;1542;297;CC(C1=CC=C(N)C=C1)=O;0.952381;0.047619;0;0;0.037057
1542;1543;297;CC(C1=CC=C(N)C=C1)=O;0.833333;0.166667;0;0;0.050954
1543;1544;297;CC(C1=CC=C(N)C=C1)=O;0.75;0.25;0;0;0.11791
1544;1545;297;CC(C1=CC=C(N)C=C1)=O;0.5;0.5;0;0;0.428404
1545;1546;297;CC(C1=CC=C(N)C=C1)=O;0.333333;0.666667;0;0;0.630762
1546;1547;297;CC(C1=CC=C(N)C=C1)=O;0;1;0;0;0.81966
1547;1548;298;O=CC1=CC=C(C)C=C1;1;0;0;0;0.152854
1548;1549;298;O=CC1=CC=C(C)C=C1;0.980392;0.019608;0;0;0.439533
1549;1550;298;O=CC1=CC=C(C)C=C1;0.952381;0.047619;0;0;0.52767
1550;1551;298;O=CC1=CC=C(C)C=C1;0.833333;0.166667;0;0;0.637408
1551;1552;298;O=CC1=CC=C(C)C=C1;0.75;0.25;0;0;0.739815
1552;1553;298;O=CC1=CC=C(C)C=C1;0.5;0.5;0;0;0.885681
1553;1554;298;O=CC1=CC=C(C)C=C1;0.333333;0.666667;0;0;0.933155
1554;1555;298;O=CC1=CC=C(C)C=C1;0;1;0;0;0.957208
1555;1556;299;CC(C1=CC=CC=C1F)=O;1;0;0;0;0.165043
1556;1557;299;CC(C1=CC=CC=C1F)=O;0.980392;0.019608;0;0;0.483124
1557;1558;299;CC(C1=CC=CC=C1F)=O;0.952381;0.047619;0;0;0.582521
1558;1559;299;CC(C1=CC=CC=C1F)=O;0.833333;0.166667;0;0;0.67209
1559;1560;299;CC(C1=CC=CC=C1F)=O;0.75;0.25;0;0;0.777891
1560;1561;299;CC(C1=CC=CC=C1F)=O;0.5;0.5;0;0;0.898746
1561;1562;299;CC(C1=CC=CC=C1F)=O;0.333333;0.666667;0;0;0.933155
1562;1563;299;CC(C1=CC=CC=C1F)=O;0;1;0;0;0.954151
1563;1564;300;N#CS(=O)(C1=CC=C(C)C=C1)=O;1;0;0;0;0.119333
1564;1565;300;N#CS(=O)(C1=CC=C(C)C=C1)=O;0.980392;0.019608;0;0;0.296302
1565;1566;300;N#CS(=O)(C1=CC=C(C)C=C1)=O;0.952381;0.047619;0;0;0.3814
1566;1567;300;N#CS(=O)(C1=CC=C(C)C=C1)=O;0.833333;0.166667;0;0;0.482912
1567;1568;300;N#CS(=O)(C1=CC=C(C)C=C1)=O;0.75;0.25;0;0;0.622415
1568;1569;300;N#CS(=O)(C1=CC=C(C)C=C1)=O;0.5;0.5;0;0;0.849752
1569;1570;300;N#CS(=O)(C1=CC=C(C)C=C1)=O;0.333333;0.666667;0;0;0.923606
1570;1571;300;N#CS(=O)(C1=CC=C(C)C=C1)=O;0;1;0;0;0.957208
1571;1572;301;CC(C1=CC=C(C)C=C1C)=O;1;0;0;0;0.15355
1572;1573;301;CC(C1=CC=C(C)C=C1C)=O;0.833333;0.166667;0;0;0.656227
1573;1574;301;CC(C1=CC=C(C)C=C1C)=O;0.75;0.25;0;0;0.745293
1574;1575;301;CC(C1=CC=C(C)C=C1C)=O;0.5;0.5;0;0;0.884929
1575;1576;301;CC(C1=CC=C(C)C=C1C)=O;0.333333;0.666667;0;0;0.938143
1576;1577;301;CC(C1=CC=C(C)C=C1C)=O;0;1;0;0;0.953439
1577;1578;302;CCC(C1=CC=C(Cl)C=C1)=O;1;0;0;0;0.17229
1578;1579;302;CCC(C1=CC=C(Cl)C=C1)=O;0.833333;0.166667;0;0;0.681691
1579;1580;302;CCC(C1=CC=C(Cl)C=C1)=O;0.75;0.25;0;0;0.764638
1580;1581;302;CCC(C1=CC=C(Cl)C=C1)=O;0.5;0.5;0;0;0.904656
1581;1582;302;CCC(C1=CC=C(Cl)C=C1)=O;0.333333;0.666667;0;0;0.954421
1582;1583;302;CCC(C1=CC=C(Cl)C=C1)=O;0;1;0;0;0.959647
1583;1584;303;CC(C1=CC=CC(C)=C1)=O;1;0;0;0;0.137932
1584;1585;303;CC(C1=CC=CC(C)=C1)=O;0.833333;0.166667;0;0;0.595748
1585;1586;303;CC(C1=CC=CC(C)=C1)=O;0.75;0.25;0;0;0.687259
1586;1587;303;CC(C1=CC=CC(C)=C1)=O;0.5;0.5;0;0;0.86849
1587;1588;303;CC(C1=CC=CC(C)=C1)=O;0.333333;0.666667;0;0;0.931632
1588;1589;303;CC(C1=CC=CC(C)=C1)=O;0;1;0;0;0.959647
1589;1590;305;CC(C1=C(N)C=C(OCO2)C2=C1)=O;1;0;0;0;0.006544
1590;1591;305;CC(C1=C(N)C=C(OCO2)C2=C1)=O;0.980392;0.019608;0;0;0.073722
1591;1592;305;CC(C1=C(N)C=C(OCO2)C2=C1)=O;0.952381;0.047619;0;0;0.138799
1592;1593;305;CC(C1=C(N)C=C(OCO2)C2=C1)=O;0.833333;0.166667;0;0;0.209565
1593;1594;305;CC(C1=C(N)C=C(OCO2)C2=C1)=O;0.75;0.25;0;0;0.367213
1594;1595;305;CC(C1=C(N)C=C(OCO2)C2=C1)=O;0.5;0.5;0;0;0.688907
1595;1596;305;CC(C1=C(N)C=C(OCO2)C2=C1)=O;0.333333;0.666667;0;0;0.848764
1596;1597;305;CC(C1=C(N)C=C(OCO2)C2=C1)=O;0;1;0;0;0.91645
1597;1598;306;CC(C1=C(C)C=C(C)C=C1C)=O;1;0;0;0;0.091351
1598;1599;306;CC(C1=C(C)C=C(C)C=C1C)=O;0.980392;0.019608;0;0;0.465241
1599;1600;306;CC(C1=C(C)C=C(C)C=C1C)=O;0.952381;0.047619;0;0;0.575686
1600;1601;306;CC(C1=C(C)C=C(C)C=C1C)=O;0.833333;0.166667;0;0;0.663575
1601;1602;306;CC(C1=C(C)C=C(C)C=C1C)=O;0.75;0.25;0;0;0.759865
1602;1603;306;CC(C1=C(C)C=C(C)C=C1C)=O;0.5;0.5;0;0;0.910644
1603;1604;306;CC(C1=C(C)C=C(C)C=C1C)=O;0.333333;0.666667;0;0;0.957259
1604;1605;306;CC(C1=C(C)C=C(C)C=C1C)=O;0;1;0;0;0.956678
1605;1606;307;CC(C1=CC=CC=C1OC)=O;1;0;0;0;0.048947
1606;1607;307;CC(C1=CC=CC=C1OC)=O;0.980392;0.019608;0;0;0.280622
1607;1608;307;CC(C1=CC=CC=C1OC)=O;0.952381;0.047619;0;0;0.368243
1608;1609;307;CC(C1=CC=CC=C1OC)=O;0.833333;0.166667;0;0;0.477398
1609;1610;307;CC(C1=CC=CC=C1OC)=O;0.75;0.25;0;0;0.587877
1610;1611;307;CC(C1=CC=CC=C1OC)=O;0.5;0.5;0;0;0.80143
1611;1612;307;CC(C1=CC=CC=C1OC)=O;0.333333;0.666667;0;0;0.881641
1612;1613;307;CC(C1=CC=CC=C1OC)=O;0;1;0;0;0.900978
1613;1614;309;N#CC1=CC=C(C(C)=O)C=C1;1;0;0;0;0.040978
1614;1615;309;N#CC1=CC=C(C(C)=O)C=C1;0.980392;0.019608;0;0;0.118452
1615;1616;309;N#CC1=CC=C(C(C)=O)C=C1;0.952381;0.047619;0;0;0.168173
1616;1617;309;N#CC1=CC=C(C(C)=O)C=C1;0.833333;0.166667;0;0;0.23319
1617;1618;309;N#CC1=CC=C(C(C)=O)C=C1;0.75;0.25;0;0;0.375321
1618;1619;309;N#CC1=CC=C(C(C)=O)C=C1;0.5;0.5;0;0;0.716322
1619;1620;309;N#CC1=CC=C(C(C)=O)C=C1;0.333333;0.666667;0;0;0.847763
1620;1621;309;N#CC1=CC=C(C(C)=O)C=C1;0;1;0;0;0.91828
1621;1622;310;CC(C1=CC=CC(Br)=C1)=O;1;0;0;0;0.106366
1622;1623;310;CC(C1=CC=CC(Br)=C1)=O;0.980392;0.019608;0;0;0.366775
1623;1624;310;CC(C1=CC=CC(Br)=C1)=O;0.952381;0.047619;0;0;0.458345
1624;1625;310;CC(C1=CC=CC(Br)=C1)=O;0.833333;0.166667;0;0;0.551056
1625;1626;310;CC(C1=CC=CC(Br)=C1)=O;0.75;0.25;0;0;0.657228
1626;1627;310;CC(C1=CC=CC(Br)=C1)=O;0.5;0.5;0;0;0.854862
1627;1628;310;CC(C1=CC=CC(Br)=C1)=O;0.333333;0.666667;0;0;0.923882
1628;1629;310;CC(C1=CC=CC(Br)=C1)=O;0;1;0;0;0.927709
1629;1630;311;O=CC1=CC=CC(C)=C1;1;0;0;0;0.153071
1630;1631;311;O=CC1=CC=CC(C)=C1;0.980392;0.019608;0;0;0.453688
1631;1632;311;O=CC1=CC=CC(C)=C1;0.952381;0.047619;0;0;0.57119
1632;1633;311;O=CC1=CC=CC(C)=C1;0.833333;0.166667;0;0;0.659196
1633;1634;311;O=CC1=CC=CC(C)=C1;0.75;0.25;0;0;0.753332
1634;1635;311;O=CC1=CC=CC(C)=C1;0.5;0.5;0;0;0.910938
1635;1636;311;O=CC1=CC=CC(C)=C1;0.333333;0.666667;0;0;0.953667
1636;1637;311;O=CC1=CC=CC(C)=C1;0;1;0;0;0.946568
1637;1638;312;CC(C1=CC=CC(C(F)(F)F)=C1)=O;1;0;0;0;0.103252
1638;1639;312;CC(C1=CC=CC(C(F)(F)F)=C1)=O;0.980392;0.019608;0;0;0.351255
1639;1640;312;CC(C1=CC=CC(C(F)(F)F)=C1)=O;0.952381;0.047619;0;0;0.439
1640;1641;312;CC(C1=CC=CC(C(F)(F)F)=C1)=O;0.833333;0.166667;0;0;0.537948
1641;1642;312;CC(C1=CC=CC(C(F)(F)F)=C1)=O;0.75;0.25;0;0;0.679652
1642;1643;312;CC(C1=CC=CC(C(F)(F)F)=C1)=O;0.5;0.5;0;0;0.877952
1643;1644;312;CC(C1=CC=CC(C(F)(F)F)=C1)=O;0.333333;0.666667;0;0;0.93381
1644;1645;312;CC(C1=CC=CC(C(F)(F)F)=C1)=O;0;1;0;0;0.911994
1645;1646;313;CC(C1=CC=C(Cl)C=C1Cl)=O;1;0;0;0;0.015678
1646;1647;313;CC(C1=CC=C(Cl)C=C1Cl)=O;0.980392;0.019608;0;0;0.350768
1647;1648;313;CC(C1=CC=C(Cl)C=C1Cl)=O;0.952381;0.047619;0;0;0.494185
1648;1649;313;CC(C1=CC=C(Cl)C=C1Cl)=O;0.833333;0.166667;0;0;0.664745
1649;1650;313;CC(C1=CC=C(Cl)C=C1Cl)=O;0.75;0.25;0;0;0.744028
1650;1651;313;CC(C1=CC=C(Cl)C=C1Cl)=O;0.5;0.5;0;0;0.901324
1651;1652;313;CC(C1=CC=C(Cl)C=C1Cl)=O;0.333333;0.666667;0;0;0.958355
1652;1653;313;CC(C1=CC=C(Cl)C=C1Cl)=O;0;1;0;0;0.928828
1653;1654;314;O=CC1=CC=C2C=CC=CC2=C1;1;0;0;0;0
1654;1655;314;O=CC1=CC=C2C=CC=CC2=C1;0.980392;0.019608;0;0;0.281315
1655;1656;314;O=CC1=CC=C2C=CC=CC2=C1;0.952381;0.047619;0;0;0.445724
1656;1657;314;O=CC1=CC=C2C=CC=CC2=C1;0.833333;0.166667;0;0;0.589548
1657;1658;314;O=CC1=CC=C2C=CC=CC2=C1;0.75;0.25;0;0;0.689176
1658;1659;314;O=CC1=CC=C2C=CC=CC2=C1;0.5;0.5;0;0;0.859944
1659;1660;314;O=CC1=CC=C2C=CC=CC2=C1;0.333333;0.666667;0;0;0.929523
1660;1661;314;O=CC1=CC=C2C=CC=CC2=C1;0;1;0;0;0.919545
1661;1662;315;O=C1CCCC2=C1C=CC=C2OC;1;0;0;0;0
1662;1663;315;O=C1CCCC2=C1C=CC=C2OC;0.980392;0.019608;0;0;0.175626
1663;1664;315;O=C1CCCC2=C1C=CC=C2OC;0.952381;0.047619;0;0;0.333657
1664;1665;315;O=C1CCCC2=C1C=CC=C2OC;0.833333;0.166667;0;0;0.504951
1665;1666;315;O=C1CCCC2=C1C=CC=C2OC;0.75;0.25;0;0;0.609947
1666;1667;315;O=C1CCCC2=C1C=CC=C2OC;0.5;0.5;0;0;0.809015
1667;1668;315;O=C1CCCC2=C1C=CC=C2OC;0.333333;0.666667;0;0;0.891082
1668;1669;315;O=C1CCCC2=C1C=CC=C2OC;0;1;0;0;0.897884
1669;1670;316;O=CC1=CC=C(N(C)C)C=C1;1;0;0;0;0
1670;1671;316;O=CC1=CC=C(N(C)C)C=C1;0.980392;0.019608;0;0;0.036721
1671;1672;316;O=CC1=CC=C(N(C)C)C=C1;0.952381;0.047619;0;0;0.133755
1672;1673;316;O=CC1=CC=C(N(C)C)C=C1;0.833333;0.166667;0;0;0.257427
1673;1674;316;O=CC1=CC=C(N(C)C)C=C1;0.75;0.25;0;0;0.378353
1674;1675;316;O=CC1=CC=C(N(C)C)C=C1;0.5;0.5;0;0;0.637128
1675;1676;316;O=CC1=CC=C(N(C)C)C=C1;0.333333;0.666667;0;0;0.762942
1676;1677;316;O=CC1=CC=C(N(C)C)C=C1;0;1;0;0;0.826711
1677;1678;319;O=CC1=CC=C2C=CC=CC2=C1Br;1;0;0;0;0.033803
1678;1679;319;O=CC1=CC=C2C=CC=CC2=C1Br;0.980392;0.019608;0;0;0.408826
1679;1680;319;O=CC1=CC=C2C=CC=CC2=C1Br;0.952381;0.047619;0;0;0.577714
1680;1681;319;O=CC1=CC=C2C=CC=CC2=C1Br;0.833333;0.166667;0;0;0.687855
1681;1682;319;O=CC1=CC=C2C=CC=CC2=C1Br;0.75;0.25;0;0;0.775813
1682;1683;319;O=CC1=CC=C2C=CC=CC2=C1Br;0.5;0.5;0;0;0.923629
1683;1684;319;O=CC1=CC=C2C=CC=CC2=C1Br;0.333333;0.666667;0;0;0.964188
1684;1685;319;O=CC1=CC=C2C=CC=CC2=C1Br;0;1;0;0;0.968668
1685;1686;320;CCCCC(C1=CC=C(Br)C=C1)=O;1;0;0;0;0.01563
1686;1687;320;CCCCC(C1=CC=C(Br)C=C1)=O;0.980392;0.019608;0;0;0.433204
1687;1688;320;CCCCC(C1=CC=C(Br)C=C1)=O;0.952381;0.047619;0;0;0.656702
1688;1689;320;CCCCC(C1=CC=C(Br)C=C1)=O;0.833333;0.166667;0;0;0.760374
1689;1690;320;CCCCC(C1=CC=C(Br)C=C1)=O;0.75;0.25;0;0;0.853656
1690;1691;320;CCCCC(C1=CC=C(Br)C=C1)=O;0.5;0.5;0;0;0.976757
1691;1692;320;CCCCC(C1=CC=C(Br)C=C1)=O;0.333333;0.666667;0;0;0.993489
1692;1693;320;CCCCC(C1=CC=C(Br)C=C1)=O;0;1;0;0;0.987467
1693;1694;321;O=CC1=C(C2=C34)C=CC4=CC=CC3=CC=C2C=C1;1;0;0;0;0
1694;1695;321;O=CC1=C(C2=C34)C=CC4=CC=CC3=CC=C2C=C1;0.980392;0.019608;0;0;0.185589
1695;1696;321;O=CC1=C(C2=C34)C=CC4=CC=CC3=CC=C2C=C1;0.952381;0.047619;0;0;0.349235
1696;1697;321;O=CC1=C(C2=C34)C=CC4=CC=CC3=CC=C2C=C1;0.833333;0.166667;0;0;0.503417
1697;1698;321;O=CC1=C(C2=C34)C=CC4=CC=CC3=CC=C2C=C1;0.75;0.25;0;0;0.651119
1698;1699;321;O=CC1=C(C2=C34)C=CC4=CC=CC3=CC=C2C=C1;0.5;0.5;0;0;0.85121
1699;1700;321;O=CC1=C(C2=C34)C=CC4=CC=CC3=CC=C2C=C1;0.333333;0.666667;0;0;0.93073
1700;1701;321;O=CC1=C(C2=C34)C=CC4=CC=CC3=CC=C2C=C1;0;1;0;0;0.925733
1701;1702;322;O=CC(O1)=CC2=C1C=CC=C2;1;0;0;0;0.000489
1702;1703;322;O=CC(O1)=CC2=C1C=CC=C2;0.980392;0.019608;0;0;0.14857
1703;1704;322;O=CC(O1)=CC2=C1C=CC=C2;0.952381;0.047619;0;0;0.299416
1704;1705;322;O=CC(O1)=CC2=C1C=CC=C2;0.833333;0.166667;0;0;0.459135
1705;1706;322;O=CC(O1)=CC2=C1C=CC=C2;0.75;0.25;0;0;0.588258
1706;1707;322;O=CC(O1)=CC2=C1C=CC=C2;0.5;0.5;0;0;0.802691
1707;1708;322;O=CC(O1)=CC2=C1C=CC=C2;0.333333;0.666667;0;0;0.881251
1708;1709;322;O=CC(O1)=CC2=C1C=CC=C2;0;1;0;0;0.900978
1709;1710;323;CCCC(C1=CC=CC=C1)=O;1;0;0;0;0.034009
1710;1711;323;CCCC(C1=CC=CC=C1)=O;0.980392;0.019608;0;0;0.352173
1711;1712;323;CCCC(C1=CC=CC=C1)=O;0.952381;0.047619;0;0;0.598332
1712;1713;323;CCCC(C1=CC=CC=C1)=O;0.833333;0.166667;0;0;0.709009
1713;1714;323;CCCC(C1=CC=CC=C1)=O;0.75;0.25;0;0;0.792558
1714;1715;323;CCCC(C1=CC=CC=C1)=O;0.5;0.5;0;0;0.925605
1715;1716;323;CCCC(C1=CC=CC=C1)=O;0.333333;0.666667;0;0;0.957118
1716;1717;323;CCCC(C1=CC=CC=C1)=O;0;1;0;0;0.956678
1717;1718;325;O=CC1=CC=C(C)C=C1C;1;0;0;0;0.070149
1718;1719;325;O=CC1=CC=C(C)C=C1C;0.980392;0.019608;0;0;0.344939
1719;1720;325;O=CC1=CC=C(C)C=C1C;0.952381;0.047619;0;0;0.526388
1720;1721;325;O=CC1=CC=C(C)C=C1C;0.833333;0.166667;0;0;0.675163
1721;1722;325;O=CC1=CC=C(C)C=C1C;0.75;0.25;0;0;0.808273
1722;1723;325;O=CC1=CC=C(C)C=C1C;0.5;0.5;0;0;0.918412
1723;1724;325;O=CC1=CC=C(C)C=C1C;0.333333;0.666667;0;0;0.951166
1724;1725;325;O=CC1=CC=C(C)C=C1C;0;1;0;0;0.951166
1725;1726;326;CCCCCC(C1=CC=CC=C1)=O;1;0;0;0;0.009573
1726;1727;326;CCCCCC(C1=CC=CC=C1)=O;0.980392;0.019608;0;0;0.397221
1727;1728;326;CCCCCC(C1=CC=CC=C1)=O;0.952381;0.047619;0;0;0.609424
1728;1729;326;CCCCCC(C1=CC=CC=C1)=O;0.833333;0.166667;0;0;0.743878
1729;1730;326;CCCCCC(C1=CC=CC=C1)=O;0.75;0.25;0;0;0.83656
1730;1731;326;CCCCCC(C1=CC=CC=C1)=O;0.5;0.5;0;0;0.955806
1731;1732;326;CCCCCC(C1=CC=CC=C1)=O;0.333333;0.666667;0;0;0.983722
1732;1733;326;CCCCCC(C1=CC=CC=C1)=O;0;1;0;0;0.986977
1733;1734;327;O=CC1=CC2=C(OCC2)C=C1;1;0;0;0;0.018659
1734;1735;327;O=CC1=CC2=C(OCC2)C=C1;0.980392;0.019608;0;0;0.074303
1735;1736;327;O=CC1=CC2=C(OCC2)C=C1;0.952381;0.047619;0;0;0.185018
1736;1737;327;O=CC1=CC2=C(OCC2)C=C1;0.833333;0.166667;0;0;0.331585
1737;1738;327;O=CC1=CC2=C(OCC2)C=C1;0.75;0.25;0;0;0.456249
1738;1739;327;O=CC1=CC2=C(OCC2)C=C1;0.5;0.5;0;0;0.72464
1739;1740;327;O=CC1=CC2=C(OCC2)C=C1;0.333333;0.666667;0;0;0.876286
1740;1741;327;O=CC1=CC2=C(OCC2)C=C1;0;1;0;0;0.882797
1741;1742;328;O=CC1=CC=CC=C1C2=CC=CC=C2;1;0;0;0;0.000486
1742;1743;328;O=CC1=CC=CC=C1C2=CC=CC=C2;0.980392;0.019608;0;0;0.341863
1743;1744;328;O=CC1=CC=CC=C1C2=CC=CC=C2;0.952381;0.047619;0;0;0.550991
1744;1745;328;O=CC1=CC=CC=C1C2=CC=CC=C2;0.833333;0.166667;0;0;0.678286
1745;1746;328;O=CC1=CC=CC=C1C2=CC=CC=C2;0.75;0.25;0;0;0.757984
1746;1747;328;O=CC1=CC=CC=C1C2=CC=CC=C2;0.5;0.5;0;0;0.945608
1747;1748;328;O=CC1=CC=CC=C1C2=CC=CC=C2;0.333333;0.666667;0;0;0.973955
1748;1749;328;O=CC1=CC=CC=C1C2=CC=CC=C2;0;1;0;0;0.977211
1749;1750;330;CC(C1=CC=C([N+]([O-])=O)C=C1)=O;1;0;0;0;0.032036
1750;1751;330;CC(C1=CC=C([N+]([O-])=O)C=C1)=O;0.980392;0.019608;0;0;0.079383
1751;1752;330;CC(C1=CC=C([N+]([O-])=O)C=C1)=O;0.952381;0.047619;0;0;0.189173
1752;1753;330;CC(C1=CC=C([N+]([O-])=O)C=C1)=O;0.833333;0.166667;0;0;0.275684
1753;1754;330;CC(C1=CC=C([N+]([O-])=O)C=C1)=O;0.75;0.25;0;0;0.456593
1754;1755;330;CC(C1=CC=C([N+]([O-])=O)C=C1)=O;0.5;0.5;0;0;0.724055
1755;1756;330;CC(C1=CC=C([N+]([O-])=O)C=C1)=O;0.333333;0.666667;0;0;0.877952
1756;1757;330;CC(C1=CC=C([N+]([O-])=O)C=C1)=O;0;1;0;0;0.932074
1757;1758;332;O=CC1=C(C)C=CC=C1C;1;0;0;0;0.047801
1758;1759;332;O=CC1=C(C)C=CC=C1C;0.980392;0.019608;0;0;0.294313
1759;1760;332;O=CC1=C(C)C=CC=C1C;0.952381;0.047619;0;0;0.546599
1760;1761;332;O=CC1=C(C)C=CC=C1C;0.833333;0.166667;0;0;0.715334
1761;1762;332;O=CC1=C(C)C=CC=C1C;0.75;0.25;0;0;0.809161
1762;1763;332;O=CC1=C(C)C=CC=C1C;0.5;0.5;0;0;0.942792
1763;1764;332;O=CC1=C(C)C=CC=C1C;0.333333;0.666667;0;0;0.957118
1764;1765;332;O=CC1=C(C)C=CC=C1C;0;1;0;0;0.948247
1765;1766;333;O=C1CCOC2=C1C=CC=C2;1;0;0;0;0.079834
1766;1767;333;O=C1CCOC2=C1C=CC=C2;0.980392;0.019608;0;0;0.149166
1767;1768;333;O=C1CCOC2=C1C=CC=C2;0.952381;0.047619;0;0;0.302239
1768;1769;333;O=C1CCOC2=C1C=CC=C2;0.833333;0.166667;0;0;0.406984
1769;1770;333;O=C1CCOC2=C1C=CC=C2;0.75;0.25;0;0;0.538948
1770;1771;333;O=C1CCOC2=C1C=CC=C2;0.5;0.5;0;0;0.81828
1771;1772;333;O=C1CCOC2=C1C=CC=C2;0.333333;0.666667;0;0;0.919793
1772;1773;333;O=C1CCOC2=C1C=CC=C2;0;1;0;0;0.934675
1773;1774;334;O=CC1=CC=NC=C1;1;0;0;0;0.063969
1774;1775;334;O=CC1=CC=NC=C1;0.980392;0.019608;0;0;0.054278
1775;1776;334;O=CC1=CC=NC=C1;0.952381;0.047619;0;0;0.091653
1776;1777;334;O=CC1=CC=NC=C1;0.833333;0.166667;0;0;0.090487
1777;1778;334;O=CC1=CC=NC=C1;0.75;0.25;0;0;0.106914
1778;1779;334;O=CC1=CC=NC=C1;0.5;0.5;0;0;0.316867
1779;1780;334;O=CC1=CC=NC=C1;0.333333;0.666667;0;0;0.528012
1780;1781;334;O=CC1=CC=NC=C1;0;1;0;0;0.549256
1781;1782;336;CC(OC1=CC=C(C(C)=O)C=C1)=O;1;0;0;0;0.035412
1782;1783;336;CC(OC1=CC=C(C(C)=O)C=C1)=O;0.980392;0.019608;0;0;0.060604
1783;1784;336;CC(OC1=CC=C(C(C)=O)C=C1)=O;0.952381;0.047619;0;0;0.138799
1784;1785;336;CC(OC1=CC=C(C(C)=O)C=C1)=O;0.833333;0.166667;0;0;0.230412
1785;1786;336;CC(OC1=CC=C(C(C)=O)C=C1)=O;0.75;0.25;0;0;0.374517
1786;1787;336;CC(OC1=CC=C(C(C)=O)C=C1)=O;0.5;0.5;0;0;0.707229
1787;1788;336;CC(OC1=CC=C(C(C)=O)C=C1)=O;0.333333;0.666667;0;0;0.901283
1788;1789;336;CC(OC1=CC=C(C(C)=O)C=C1)=O;0;1;0;0;0.918343
1789;1790;337;CC(C1=CC=C(F)C=C1)=O;1;0;0;0;0.041705
1790;1791;337;CC(C1=CC=C(F)C=C1)=O;0.980392;0.019608;0;0;0.226137
1791;1792;337;CC(C1=CC=C(F)C=C1)=O;0.952381;0.047619;0;0;0.302795
1792;1793;337;CC(C1=CC=C(F)C=C1)=O;0.833333;0.166667;0;0;0.478537
1793;1794;337;CC(C1=CC=C(F)C=C1)=O;0.75;0.25;0;0;0.595359
1794;1795;337;CC(C1=CC=C(F)C=C1)=O;0.5;0.5;0;0;0.751572
1795;1796;337;CC(C1=CC=C(F)C=C1)=O;0.333333;0.666667;0;0;0.877587
1796;1797;337;CC(C1=CC=C(F)C=C1)=O;0;1;0;0;0.927135
1797;1798;338;CC(C1=CC(Br)=CC=C1F)=O;1;0;0;0;0.056493
1798;1799;338;CC(C1=CC(Br)=CC=C1F)=O;0.980392;0.019608;0;0;0.41885
1799;1800;338;CC(C1=CC(Br)=CC=C1F)=O;0.952381;0.047619;0;0;0.507347
1800;1801;338;CC(C1=CC(Br)=CC=C1F)=O;0.833333;0.166667;0;0;0.71478
1801;1802;338;CC(C1=CC(Br)=CC=C1F)=O;0.75;0.25;0;0;0.770902
1802;1803;338;CC(C1=CC(Br)=CC=C1F)=O;0.5;0.5;0;0;0.844358
1803;1804;338;CC(C1=CC(Br)=CC=C1F)=O;0.333333;0.666667;0;0;0.947537
1804;1805;338;CC(C1=CC(Br)=CC=C1F)=O;0;1;0;0;0.959196
1805;1806;339;CC(C1=CC=CC(Cl)=C1)=O;1;0;0;0;0.065366
1806;1807;339;CC(C1=CC=CC(Cl)=C1)=O;0.980392;0.019608;0;0;0.280338
1807;1808;339;CC(C1=CC=CC(Cl)=C1)=O;0.952381;0.047619;0;0;0.337367
1808;1809;339;CC(C1=CC=CC(Cl)=C1)=O;0.833333;0.166667;0;0;0.5448
1809;1810;339;CC(C1=CC=CC(Cl)=C1)=O;0.75;0.25;0;0;0.642964
1810;1811;339;CC(C1=CC=CC(Cl)=C1)=O;0.5;0.5;0;0;0.814427
1811;1812;339;CC(C1=CC=CC(Cl)=C1)=O;0.333333;0.666667;0;0;0.903818
1812;1813;339;CC(C1=CC=CC(Cl)=C1)=O;0;1;0;0;0.921306
1813;1814;341;O=C1CCCC2=C1C=CC=C2;1;0;0;0;0.05487
1814;1815;341;O=C1CCCC2=C1C=CC=C2;0.980392;0.019608;0;0;0.18959
1815;1816;341;O=C1CCCC2=C1C=CC=C2;0.952381;0.047619;0;0;0.272675
1816;1817;341;O=C1CCCC2=C1C=CC=C2;0.833333;0.166667;0;0;0.551755
1817;1818;341;O=C1CCCC2=C1C=CC=C2;0.75;0.25;0;0;0.636203
1818;1819;341;O=C1CCCC2=C1C=CC=C2;0.5;0.5;0;0;0.791729
1819;1820;341;O=C1CCCC2=C1C=CC=C2;0.333333;0.666667;0;0;0.865142
1820;1821;341;O=C1CCCC2=C1C=CC=C2;0;1;0;0;0.936981
1821;1822;343;O=CC1=CC=C(C2=CC=CC=C2)C=C1;1;0;0;0;0.020397
1822;1823;343;O=CC1=CC=C(C2=CC=CC=C2)C=C1;0.980392;0.019608;0;0;0.236913
1823;1824;343;O=CC1=CC=C(C2=CC=CC=C2)C=C1;0.952381;0.047619;0;0;0.319039
1824;1825;343;O=CC1=CC=C(C2=CC=CC=C2)C=C1;0.833333;0.166667;0;0;0.601888
1825;1826;343;O=CC1=CC=C(C2=CC=CC=C2)C=C1;0.75;0.25;0;0;0.645076
1826;1827;343;O=CC1=CC=C(C2=CC=CC=C2)C=C1;0.5;0.5;0;0;0.889914
1827;1828;343;O=CC1=CC=C(C2=CC=CC=C2)C=C1;0.333333;0.666667;0;0;0.926708
1828;1829;343;O=CC1=CC=C(C2=CC=CC=C2)C=C1;0;1;0;0;0.916929
1829;1830;344;O=CC1=CC=C(SC)C=C1;1;0;0;0;0.072107
1830;1831;344;O=CC1=CC=C(SC)C=C1;0.980392;0.019608;0;0;0.16297
1831;1832;344;O=CC1=CC=C(SC)C=C1;0.952381;0.047619;0;0;0.232107
1832;1833;344;O=CC1=CC=C(SC)C=C1;0.833333;0.166667;0;0;0.489826
1833;1834;344;O=CC1=CC=C(SC)C=C1;0.75;0.25;0;0;0.574091
1834;1835;344;O=CC1=CC=C(SC)C=C1;0.5;0.5;0;0;0.788754
1835;1836;344;O=CC1=CC=C(SC)C=C1;0.333333;0.666667;0;0;0.859279
1836;1837;344;O=CC1=CC=C(SC)C=C1;0;1;0;0;0.876826
1837;1838;345;SC1=CC=C(Br)C=C1;1;0;0;0;0.427884
1838;1839;345;SC1=CC=C(Br)C=C1;0.980392;0.019608;0;0;0.558954
1839;1840;345;SC1=CC=C(Br)C=C1;0.952381;0.047619;0;0;0.616186
1840;1841;345;SC1=CC=C(Br)C=C1;0.833333;0.166667;0;0;0.798876
1841;1842;345;SC1=CC=C(Br)C=C1;0.75;0.25;0;0;0.820413
1842;1843;345;SC1=CC=C(Br)C=C1;0.5;0.5;0;0;0.966777
1843;1844;345;SC1=CC=C(Br)C=C1;0.333333;0.666667;0;0;1
1844;1845;345;SC1=CC=C(Br)C=C1;0;1;0;0;1
1845;1846;346;O=S(C1=C(C)C=C(C)C=C1C)(Cl)=O;1;0;0;0;0.120748
1846;1847;346;O=S(C1=C(C)C=C(C)C=C1C)(Cl)=O;0.980392;0.019608;0;0;0.420759
1847;1848;346;O=S(C1=C(C)C=C(C)C=C1C)(Cl)=O;0.952381;0.047619;0;0;0.520976
1848;1849;346;O=S(C1=C(C)C=C(C)C=C1C)(Cl)=O;0.833333;0.166667;0;0;0.751553
1849;1850;346;O=S(C1=C(C)C=C(C)C=C1C)(Cl)=O;0.75;0.25;0;0;0.751572
1850;1851;346;O=S(C1=C(C)C=C(C)C=C1C)(Cl)=O;0.5;0.5;0;0;0.942616
1851;1852;346;O=S(C1=C(C)C=C(C)C=C1C)(Cl)=O;0.333333;0.666667;0;0;1
1852;1853;346;O=S(C1=C(C)C=C(C)C=C1C)(Cl)=O;0;1;0;0;1
1853;1854;349;OC1=C(I)C=CC=C1F;1;0;0;0;0.056661
1854;1855;349;OC1=C(I)C=CC=C1F;0.980392;0.019608;0;0;0.210448
1855;1856;349;OC1=C(I)C=CC=C1F;0.952381;0.047619;0;0;0.281185
1856;1857;349;OC1=C(I)C=CC=C1F;0.833333;0.166667;0;0;0.551853
1857;1858;349;OC1=C(I)C=CC=C1F;0.75;0.25;0;0;0.593952
1858;1859;349;OC1=C(I)C=CC=C1F;0.5;0.5;0;0;0.928371
1859;1860;349;OC1=C(I)C=CC=C1F;0.333333;0.666667;0;0;0.972486
1860;1861;349;OC1=C(I)C=CC=C1F;0;1;0;0;0.985168
1861;1862;350;OC1=CC=C(F)C=C1I;1;0;0;0;0.050728
1862;1863;350;OC1=CC=C(F)C=C1I;0.980392;0.019608;0;0;0.120385
1863;1864;350;OC1=CC=C(F)C=C1I;0.952381;0.047619;0;0;0.157355
1864;1865;350;OC1=CC=C(F)C=C1I;0.833333;0.166667;0;0;0.350762
1865;1866;350;OC1=CC=C(F)C=C1I;0.75;0.25;0;0;0.453935
1866;1867;350;OC1=CC=C(F)C=C1I;0.5;0.5;0;0;0.819371
1867;1868;350;OC1=CC=C(F)C=C1I;0.333333;0.666667;0;0;0.917457
1868;1869;350;OC1=CC=C(F)C=C1I;0;1;0;0;0.973302
1869;1870;351;O=CC1=CC(OC)=C(O)C(I)=C1;1;0;0;0;0.01513
1870;1871;351;O=CC1=CC(OC)=C(O)C(I)=C1;0.980392;0.019608;0;0;0.01231
1871;1872;351;O=CC1=CC(OC)=C(O)C(I)=C1;0.952381;0.047619;0;0;0.018424
1872;1873;351;O=CC1=CC(OC)=C(O)C(I)=C1;0.833333;0.166667;0;0;0.129561
1873;1874;351;O=CC1=CC(OC)=C(O)C(I)=C1;0.75;0.25;0;0;0.204705
1874;1875;351;O=CC1=CC(OC)=C(O)C(I)=C1;0.5;0.5;0;0;0.604485
1875;1876;351;O=CC1=CC(OC)=C(O)C(I)=C1;0.333333;0.666667;0;0;0.776827
1876;1877;351;O=CC1=CC(OC)=C(O)C(I)=C1;0;1;0;0;0.893207
1877;1878;352;OC1=CC=CC=C1C(C)C;1;0;0;0;0.035895
1878;1879;352;OC1=CC=CC=C1C(C)C;0.980392;0.019608;0;0;0.183429
1879;1880;352;OC1=CC=CC=C1C(C)C;0.952381;0.047619;0;0;0.281185
1880;1881;352;OC1=CC=CC=C1C(C)C;0.833333;0.166667;0;0;0.56909
1881;1882;352;OC1=CC=CC=C1C(C)C;0.75;0.25;0;0;0.624755
1882;1883;352;OC1=CC=CC=C1C(C)C;0.5;0.5;0;0;0.931486
1883;1884;352;OC1=CC=CC=C1C(C)C;0.333333;0.666667;0;0;0.960257
1884;1885;352;OC1=CC=CC=C1C(C)C;0;1;0;0;0.973207
1885;1886;353;OC1=CC=C(F)C=C1N;1;0;0;0;0.006249
1886;1887;353;OC1=CC=C(F)C=C1N;0.980392;0.019608;0;0;0.003274
1887;1888;353;OC1=CC=C(F)C=C1N;0.952381;0.047619;0;0;0.003343
1888;1889;353;OC1=CC=C(F)C=C1N;0.833333;0.166667;0;0;0.073803
1889;1890;353;OC1=CC=C(F)C=C1N;0.333333;0.666667;0;0;0.783349
1890;1891;353;OC1=CC=C(F)C=C1N;0;1;0;0;0.911269
1891;1892;355;OC1=C(Br)C=CC=C1N;1;0;0;0;0.009224
1892;1893;355;OC1=C(Br)C=CC=C1N;0.980392;0.019608;0;0;0.038977
1893;1894;355;OC1=C(Br)C=CC=C1N;0.952381;0.047619;0;0;0.039806
1894;1895;355;OC1=C(Br)C=CC=C1N;0.833333;0.166667;0;0;0.191415
1895;1896;355;OC1=C(Br)C=CC=C1N;0.333333;0.666667;0;0;0.851439
1896;1897;355;OC1=C(Br)C=CC=C1N;0;1;0;0;0.89648
1897;1898;357;OC1=CC=C(C(C)(C)C)C=C1N;1;0;0;0;0.018369
1898;1899;357;OC1=CC=C(C(C)(C)C)C=C1N;0.980392;0.019608;0;0;0.019883
1899;1900;357;OC1=CC=C(C(C)(C)C)C=C1N;0.952381;0.047619;0;0;0.02138
1900;1901;357;OC1=CC=C(C(C)(C)C)C=C1N;0.833333;0.166667;0;0;0.116682
1901;1902;357;OC1=CC=C(C(C)(C)C)C=C1N;0.75;0.25;0;0;0.187186
1902;1903;357;OC1=CC=C(C(C)(C)C)C=C1N;0.5;0.5;0;0;0.575516
1903;1904;357;OC1=CC=C(C(C)(C)C)C=C1N;0.333333;0.666667;0;0;0.778195
1904;1905;357;OC1=CC=C(C(C)(C)C)C=C1N;0;1;0;0;0.903644
1905;1906;358;O=C(C1=CC=CC=C1O)C2=CC=CC=C2;1;0;0;0;0.024391
1906;1907;358;O=C(C1=CC=CC=C1O)C2=CC=CC=C2;0.980392;0.019608;0;0;0.291516
1907;1908;358;O=C(C1=CC=CC=C1O)C2=CC=CC=C2;0.952381;0.047619;0;0;0.427884
1908;1909;358;O=C(C1=CC=CC=C1O)C2=CC=CC=C2;0.833333;0.166667;0;0;0.70755
1909;1910;358;O=C(C1=CC=CC=C1O)C2=CC=CC=C2;0.5;0.5;0;0;0.932329
1910;1911;358;O=C(C1=CC=CC=C1O)C2=CC=CC=C2;0.333333;0.666667;0;0;0.987504
1911;1912;358;O=C(C1=CC=CC=C1O)C2=CC=CC=C2;0;1;0;0;1
1912;1913;359;OC1=CC(CO)=CC=C1I;1;0;0;0;0.02138
1913;1914;359;OC1=CC(CO)=CC=C1I;0.980392;0.019608;0;0;0.011482
1914;1915;359;OC1=CC(CO)=CC=C1I;0.952381;0.047619;0;0;0
1915;1916;359;OC1=CC(CO)=CC=C1I;0.833333;0.166667;0;0;0.054015
1916;1917;359;OC1=CC(CO)=CC=C1I;0.5;0.5;0;0;0.252538
1917;1918;359;OC1=CC(CO)=CC=C1I;0.333333;0.666667;0;0;0.487661
1918;1919;360;OC1=C(C)C=CC=C1N;1;0;0;0;0.009335
1919;1920;360;OC1=C(C)C=CC=C1N;0.980392;0.019608;0;0;0.019883
1920;1921;360;OC1=C(C)C=CC=C1N;0.952381;0.047619;0;0;0.000302
1921;1922;367;N#CC1=CC=C(O)C(N)=C1;1;0;0;0;0
1922;1923;367;N#CC1=CC=C(O)C(N)=C1;0.980392;0.019608;0;0;0.015498
1923;1924;367;N#CC1=CC=C(O)C(N)=C1;0.952381;0.047619;0;0;0.015175
1924;1925;367;N#CC1=CC=C(O)C(N)=C1;0.833333;0.166667;0;0;0.054503
1925;1926;367;N#CC1=CC=C(O)C(N)=C1;0.75;0.25;0;0;0.084398
1926;1927;367;N#CC1=CC=C(O)C(N)=C1;0.5;0.5;0;0;0.337588
1927;1928;367;N#CC1=CC=C(O)C(N)=C1;0.333333;0.666667;0;0;0.619019
1928;1929;367;N#CC1=CC=C(O)C(N)=C1;0;1;0;0;0.821806
1929;1930;370;O=C(OC)C1=CC=C(O)C(I)=C1;1;0;0;0;0.02484
1930;1931;370;O=C(OC)C1=CC=C(O)C(I)=C1;0.980392;0.019608;0;0;0.096555
1931;1932;370;O=C(OC)C1=CC=C(O)C(I)=C1;0.952381;0.047619;0;0;0.127925
1932;1933;370;O=C(OC)C1=CC=C(O)C(I)=C1;0.833333;0.166667;0;0;0.209673
1933;1934;370;O=C(OC)C1=CC=C(O)C(I)=C1;0.75;0.25;0;0;0.290245
1934;1935;370;O=C(OC)C1=CC=C(O)C(I)=C1;0.5;0.5;0;0;0.687998
1935;1936;370;O=C(OC)C1=CC=C(O)C(I)=C1;0.333333;0.666667;0;0;0.864823
1936;1937;370;O=C(OC)C1=CC=C(O)C(I)=C1;0;1;0;0;0.897312
1937;1938;371;N#CC1=CC=C(C(C2=CC=CC=C2)=O)C=C1;1;0;0;0;0.107637
1938;1939;371;N#CC1=CC=C(C(C2=CC=CC=C2)=O)C=C1;0.980392;0.019608;0;0;0.285937
1939;1940;371;N#CC1=CC=C(C(C2=CC=CC=C2)=O)C=C1;0.952381;0.047619;0;0;0.367974
1940;1941;371;N#CC1=CC=C(C(C2=CC=CC=C2)=O)C=C1;0.833333;0.166667;0;0;0.457388
1941;1942;371;N#CC1=CC=C(C(C2=CC=CC=C2)=O)C=C1;0.75;0.25;0;0;0.619451
1942;1943;371;N#CC1=CC=C(C(C2=CC=CC=C2)=O)C=C1;0.5;0.5;0;0;0.904489
1943;1944;371;N#CC1=CC=C(C(C2=CC=CC=C2)=O)C=C1;0.333333;0.666667;0;0;0.974851
1944;1945;371;N#CC1=CC=C(C(C2=CC=CC=C2)=O)C=C1;0;1;0;0;0.960737
1945;1946;372;OC1=CC=C2C=CC=CC2=C1I;1;0;0;0;0.018707
1946;1947;372;OC1=CC=C2C=CC=CC2=C1I;0.980392;0.019608;0;0;0.081032
1947;1948;372;OC1=CC=C2C=CC=CC2=C1I;0.952381;0.047619;0;0;0.134003
1948;1949;372;OC1=CC=C2C=CC=CC2=C1I;0.833333;0.166667;0;0;0.206724
1949;1950;372;OC1=CC=C2C=CC=CC2=C1I;0.75;0.25;0;0;0.359711
1950;1951;372;OC1=CC=C2C=CC=CC2=C1I;0.5;0.5;0;0;0.812162
1951;1952;372;OC1=CC=C2C=CC=CC2=C1I;0.333333;0.666667;0;0;0.930839
1952;1953;372;OC1=CC=C2C=CC=CC2=C1I;0;1;0;0;0.945636
1953;1954;373;OC1=CC=C(C)C=C1I;1;0;0;0;0.183737
1954;1955;373;OC1=CC=C(C)C=C1I;0.980392;0.019608;0;0;0.357121
1955;1956;373;OC1=CC=C(C)C=C1I;0.952381;0.047619;0;0;0.403212
1956;1957;373;OC1=CC=C(C)C=C1I;0.833333;0.166667;0;0;0.498696
1957;1958;373;OC1=CC=C(C)C=C1I;0.75;0.25;0;0;0.669741
1958;1959;373;OC1=CC=C(C)C=C1I;0.5;0.5;0;0;0.898493
1959;1960;373;OC1=CC=C(C)C=C1I;0.333333;0.666667;0;0;0.947708
1960;1961;373;OC1=CC=C(C)C=C1I;0;1;0;0;0.948501
1961;1962;374;O=S(C1=CC=CC(Cl)=C1)(Cl)=O;1;0;0;0;0.342709
1962;1963;374;O=S(C1=CC=CC(Cl)=C1)(Cl)=O;0.980392;0.019608;0;0;0.54168
1963;1964;374;O=S(C1=CC=CC(Cl)=C1)(Cl)=O;0.952381;0.047619;0;0;0.591033
1964;1965;374;O=S(C1=CC=CC(Cl)=C1)(Cl)=O;0.833333;0.166667;0;0;0.626196
1965;1966;374;O=S(C1=CC=CC(Cl)=C1)(Cl)=O;0.75;0.25;0;0;0.756025
1966;1967;374;O=S(C1=CC=CC(Cl)=C1)(Cl)=O;0.5;0.5;0;0;0.929253
1967;1968;374;O=S(C1=CC=CC(Cl)=C1)(Cl)=O;0.333333;0.666667;0;0;0.966164
1968;1969;374;O=S(C1=CC=CC(Cl)=C1)(Cl)=O;0;1;0;0;0.957589
1969;1970;377;OC1=CC=CC([N+]([O-])=O)=C1;1;0;0;0;0.033935
1970;1971;377;OC1=CC=CC([N+]([O-])=O)=C1;0.980392;0.019608;0;0;0.107538
1971;1972;377;OC1=CC=CC([N+]([O-])=O)=C1;0.952381;0.047619;0;0;0.147051
1972;1973;377;OC1=CC=CC([N+]([O-])=O)=C1;0.833333;0.166667;0;0;0.276623
1973;1974;377;OC1=CC=CC([N+]([O-])=O)=C1;0.75;0.25;0;0;0.390574
1974;1975;377;OC1=CC=CC([N+]([O-])=O)=C1;0.5;0.5;0;0;0.778207
1975;1976;377;OC1=CC=CC([N+]([O-])=O)=C1;0.333333;0.666667;0;0;0.898122
1976;1977;377;OC1=CC=CC([N+]([O-])=O)=C1;0;1;0;0;0.923101
1977;1978;378;OC1=CC=CC=C1C(F)(F)F;1;0;0;0;0.08285
1978;1979;378;OC1=CC=CC=C1C(F)(F)F;0.980392;0.019608;0;0;0.21476
1979;1980;378;OC1=CC=CC=C1C(F)(F)F;0.952381;0.047619;0;0;0.269337
1980;1981;378;OC1=CC=CC=C1C(F)(F)F;0.833333;0.166667;0;0;0.419436
1981;1982;378;OC1=CC=CC=C1C(F)(F)F;0.75;0.25;0;0;0.534675
1982;1983;378;OC1=CC=CC=C1C(F)(F)F;0.5;0.5;0;0;0.842495
1983;1984;378;OC1=CC=CC=C1C(F)(F)F;0.333333;0.666667;0;0;0.936326
1984;1985;378;OC1=CC=CC=C1C(F)(F)F;0;1;0;0;0.947708
1985;1986;379;OC1=CC(Cl)=CC=C1N;1;0;0;0;0.009478
1986;1987;379;OC1=CC(Cl)=CC=C1N;0.980392;0.019608;0;0;0.022391
1987;1988;379;OC1=CC(Cl)=CC=C1N;0.952381;0.047619;0;0;0.030878
1988;1989;379;OC1=CC(Cl)=CC=C1N;0.833333;0.166667;0;0;0.096555
1989;1990;379;OC1=CC(Cl)=CC=C1N;0.75;0.25;0;0;0.15641
1990;1991;379;OC1=CC(Cl)=CC=C1N;0.5;0.5;0;0;0.553199
1991;1992;379;OC1=CC(Cl)=CC=C1N;0.333333;0.666667;0;0;0.745304
1992;1993;379;OC1=CC(Cl)=CC=C1N;0;1;0;0;0.880037
1993;1994;381;OC1=CC=CC=C1O;1;0;0;0;0.030051
1994;1995;381;OC1=CC=CC=C1O;0.980392;0.019608;0;0;0.063993
1995;1996;381;OC1=CC=CC=C1O;0.952381;0.047619;0;0;0.087987
1996;1997;381;OC1=CC=CC=C1O;0.833333;0.166667;0;0;0.162256
1997;1998;381;OC1=CC=CC=C1O;0.75;0.25;0;0;0.306717
1998;1999;381;OC1=CC=CC=C1O;0.5;0.5;0;0;0.667805
1999;2000;381;OC1=CC=CC=C1O;0.333333;0.666667;0;0;0.855392
2000;2001;381;OC1=CC=CC=C1O;0;1;0;0;0.912527
2001;2002;382;OC1=CC=C([N+]([O-])=O)C=C1;1;0;0;0;0.030051
2002;2003;382;OC1=CC=C([N+]([O-])=O)C=C1;0.980392;0.019608;0;0;0.102198
2003;2004;382;OC1=CC=C([N+]([O-])=O)C=C1;0.952381;0.047619;0;0;0.120141
2004;2005;382;OC1=CC=C([N+]([O-])=O)C=C1;0.833333;0.166667;0;0;0.202741
2005;2006;382;OC1=CC=C([N+]([O-])=O)C=C1;0.75;0.25;0;0;0.346952
2006;2007;382;OC1=CC=C([N+]([O-])=O)C=C1;0.5;0.5;0;0;0.680224
2007;2008;382;OC1=CC=C([N+]([O-])=O)C=C1;0.333333;0.666667;0;0;0.861679
2008;2009;382;OC1=CC=C([N+]([O-])=O)C=C1;0;1;0;0;0.915651
2009;2010;383;NC1=CC(C)=CC=C1I;1;0;0;0;0.21452
2010;2011;383;NC1=CC(C)=CC=C1I;0.980392;0.019608;0;0;0.401465
2011;2012;383;NC1=CC(C)=CC=C1I;0.952381;0.047619;0;0;0.50307
2012;2013;383;NC1=CC(C)=CC=C1I;0.833333;0.166667;0;0;0.598256
2013;2014;383;NC1=CC(C)=CC=C1I;0.75;0.25;0;0;0.749304
2014;2015;383;NC1=CC(C)=CC=C1I;0.5;0.5;0;0;0.928594
2015;2016;383;NC1=CC(C)=CC=C1I;0.333333;0.666667;0;0;0.987425
2016;2017;383;NC1=CC(C)=CC=C1I;0;1;0;0;0.981256
2017;2018;384;OCC1=CC=C(Br)C=C1;1;0;0;0;0.030051
2018;2019;384;OCC1=CC=C(Br)C=C1;0.980392;0.019608;0;0;0.070361
2019;2020;384;OCC1=CC=C(Br)C=C1;0.952381;0.047619;0;0;0.079217
2020;2021;384;OCC1=CC=C(Br)C=C1;0.833333;0.166667;0;0;0.184056
2021;2022;384;OCC1=CC=C(Br)C=C1;0.75;0.25;0;0;0.319097
2022;2023;384;OCC1=CC=C(Br)C=C1;0.5;0.5;0;0;0.639864
2023;2024;384;OCC1=CC=C(Br)C=C1;0.333333;0.666667;0;0;0.779944
2024;2025;384;OCC1=CC=C(Br)C=C1;0;1;0;0;0.843799
2025;2026;390;N#CC1=CC2=CC=CC=C2C3=CC=CC=C31;1;0;0;0;0.237616
2026;2027;390;N#CC1=CC2=CC=CC=C2C3=CC=CC=C31;0.980392;0.019608;0;0;0.432915
2027;2028;390;N#CC1=CC2=CC=CC=C2C3=CC=CC=C31;0.952381;0.047619;0;0;0.527416
2028;2029;390;N#CC1=CC2=CC=CC=C2C3=CC=CC=C31;0.833333;0.166667;0;0;0.604222
2029;2030;390;N#CC1=CC2=CC=CC=C2C3=CC=CC=C31;0.75;0.25;0;0;0.68138
2030;2031;390;N#CC1=CC2=CC=CC=C2C3=CC=CC=C31;0.5;0.5;0;0;0.854643
2031;2032;390;N#CC1=CC2=CC=CC=C2C3=CC=CC=C31;0.333333;0.666667;0;0;0.960737
2032;2033;390;N#CC1=CC2=CC=CC=C2C3=CC=CC=C31;0;1;0;0;1
2033;2034;391;OCC1=CC=C(OC)C=C1;1;0;0;0;0.024029
2034;2035;391;OCC1=CC=C(OC)C=C1;0.980392;0.019608;0;0;0.052909
2035;2036;391;OCC1=CC=C(OC)C=C1;0.952381;0.047619;0;0;0.076038
2036;2037;391;OCC1=CC=C(OC)C=C1;0.833333;0.166667;0;0;0.126357
2037;2038;391;OCC1=CC=C(OC)C=C1;0.75;0.25;0;0;0.201988
2038;2039;391;OCC1=CC=C(OC)C=C1;0.5;0.5;0;0;0.469001
2039;2040;391;OCC1=CC=C(OC)C=C1;0.333333;0.666667;0;0;0.679855
2040;2041;391;OCC1=CC=C(OC)C=C1;0;1;0;0;0.746471
2041;2042;392;OCC1=C2C=CC=CC2=CC=C1;1;0;0;0;0.032929
2042;2043;392;OCC1=C2C=CC=CC2=CC=C1;0.980392;0.019608;0;0;0.082141
2043;2044;392;OCC1=C2C=CC=CC2=CC=C1;0.952381;0.047619;0;0;0.11845
2044;2045;392;OCC1=C2C=CC=CC2=CC=C1;0.833333;0.166667;0;0;0.193786
2045;2046;392;OCC1=C2C=CC=CC2=CC=C1;0.75;0.25;0;0;0.304298
2046;2047;392;OCC1=C2C=CC=CC2=CC=C1;0.5;0.5;0;0;0.602492
2047;2048;392;OCC1=C2C=CC=CC2=CC=C1;0.333333;0.666667;0;0;0.794624
2048;2049;392;OCC1=C2C=CC=CC2=CC=C1;0;1;0;0;0.982714
2049;2050;393;OCCCCC1=CC=CC=C1;1;0;0;0;0.0444
2050;2051;393;OCCCCC1=CC=CC=C1;0.980392;0.019608;0;0;0.067525
2051;2052;393;OCCCCC1=CC=CC=C1;0.952381;0.047619;0;0;0.129391
2052;2053;393;OCCCCC1=CC=CC=C1;0.833333;0.166667;0;0;0.198485
2053;2054;393;OCCCCC1=CC=CC=C1;0.75;0.25;0;0;0.285932
2054;2055;393;OCCCCC1=CC=CC=C1;0.5;0.5;0;0;0.513826
2055;2056;393;OCCCCC1=CC=CC=C1;0.333333;0.666667;0;0;0.752341
2056;2057;393;OCCCCC1=CC=CC=C1;0;1;0;0;0.824099
2057;2058;394;OC1CC2=C(C=CC=C2)C1;1;0;0;0;0.026758
2058;2059;394;OC1CC2=C(C=CC=C2)C1;0.980392;0.019608;0;0;0.055832
2059;2060;394;OC1CC2=C(C=CC=C2)C1;0.952381;0.047619;0;0;0.078356
2060;2061;394;OC1CC2=C(C=CC=C2)C1;0.75;0.25;0;0;0.258585
2061;2062;396;CC1=CC=CC=C1OC;1;0;0;0;0.491327
2062;2063;396;CC1=CC=CC=C1OC;0.980392;0.019608;0;0;0.745689
2063;2064;396;CC1=CC=CC=C1OC;0.952381;0.047619;0;0;0.822876
2064;2065;396;CC1=CC=CC=C1OC;0.833333;0.166667;0;0;0.897989
2065;2066;396;CC1=CC=CC=C1OC;0.75;0.25;0;0;0.911881
2066;2067;396;CC1=CC=CC=C1OC;0.5;0.5;0;0;0.993923
2067;2068;396;CC1=CC=CC=C1OC;0.333333;0.666667;0;0;1
2068;2069;396;CC1=CC=CC=C1OC;0;1;0;0;0.988273
2069;2070;397;BrC1=CC=CC=C1CCO;1;0;0;0;0.047761
2070;2071;397;BrC1=CC=CC=C1CCO;0.980392;0.019608;0;0;0.098483
2071;2072;397;BrC1=CC=CC=C1CCO;0.952381;0.047619;0;0;0.1751
2072;2073;397;BrC1=CC=CC=C1CCO;0.833333;0.166667;0;0;0.274551
2073;2074;397;BrC1=CC=CC=C1CCO;0.75;0.25;0;0;0.372561
2074;2075;397;BrC1=CC=CC=C1CCO;0.5;0.5;0;0;0.544514
2075;2076;397;BrC1=CC=CC=C1CCO;0.333333;0.666667;0;0;0.766428
2076;2077;397;BrC1=CC=CC=C1CCO;0;1;0;0;0.786851
2077;2078;398;CC(O)(C)CC1=CC=C(C)C=C1;1;0;0;0;0.038862
2078;2079;398;CC(O)(C)CC1=CC=C(C)C=C1;0.980392;0.019608;0;0;0.128236
2079;2080;398;CC(O)(C)CC1=CC=C(C)C=C1;0.952381;0.047619;0;0;0.221099
2080;2081;398;CC(O)(C)CC1=CC=C(C)C=C1;0.833333;0.166667;0;0;0.357122
2081;2082;398;CC(O)(C)CC1=CC=C(C)C=C1;0.75;0.25;0;0;0.468629
2082;2083;398;CC(O)(C)CC1=CC=C(C)C=C1;0.5;0.5;0;0;0.645076
2083;2084;398;CC(O)(C)CC1=CC=C(C)C=C1;0.333333;0.666667;0;0;0.887886
2084;2085;399;OCC1=CC=CC=C1OC;1;0;0;0;0.026996
2085;2086;399;OCC1=CC=CC=C1OC;0.980392;0.019608;0;0;0.095508
2086;2087;399;OCC1=CC=CC=C1OC;0.952381;0.047619;0;0;0.144435
2087;2088;399;OCC1=CC=CC=C1OC;0.833333;0.166667;0;0;0.242112
2088;2089;399;OCC1=CC=CC=C1OC;0.75;0.25;0;0;0.360553
2089;2090;399;OCC1=CC=CC=C1OC;0.5;0.5;0;0;0.574091
2090;2091;399;OCC1=CC=CC=C1OC;0.333333;0.666667;0;0;0.800685
2091;2092;399;OCC1=CC=CC=C1OC;0;1;0;0;0.807866
2092;2093;401;COC1=CC(OC)=CC(OC)=C1;1;0;0;0;0.173529
2093;2094;401;COC1=CC(OC)=CC(OC)=C1;0.980392;0.019608;0;0;0.416609
2094;2095;401;COC1=CC(OC)=CC(OC)=C1;0.952381;0.047619;0;0;0.53046
2095;2096;401;COC1=CC(OC)=CC(OC)=C1;0.833333;0.166667;0;0;0.631222
2096;2097;401;COC1=CC(OC)=CC(OC)=C1;0.75;0.25;0;0;0.75408
2097;2098;401;COC1=CC(OC)=CC(OC)=C1;0.5;0.5;0;0;0.984477
2098;2099;401;COC1=CC(OC)=CC(OC)=C1;0.333333;0.666667;0;0;0.987582
2099;2100;401;COC1=CC(OC)=CC(OC)=C1;0;1;0;0;1
2100;2101;402;OC1=CC=CC=C1CO;1;0;0;0;0.009451
2101;2102;402;OC1=CC=CC=C1CO;0.980392;0.019608;0;0;0.036797
2102;2103;402;OC1=CC=CC=C1CO;0.952381;0.047619;0;0;0.06092
2103;2104;402;OC1=CC=CC=C1CO;0.833333;0.166667;0;0;0.116151
2104;2105;402;OC1=CC=CC=C1CO;0.5;0.5;0;0;0.503276
2105;2106;402;OC1=CC=CC=C1CO;0.333333;0.666667;0;0;0.736115
2106;2107;402;OC1=CC=CC=C1CO;0;1;0;0;0.885235
2107;2108;405;O=C(OC)C(C1=CC=CC=C1)=O;1;0;0;0;0.133026
2108;2109;405;O=C(OC)C(C1=CC=CC=C1)=O;0.980392;0.019608;0;0;0.308388
2109;2110;405;O=C(OC)C(C1=CC=CC=C1)=O;0.952381;0.047619;0;0;0.408176
2110;2111;405;O=C(OC)C(C1=CC=CC=C1)=O;0.833333;0.166667;0;0;0.558147
2111;2112;405;O=C(OC)C(C1=CC=CC=C1)=O;0.75;0.25;0;0;0.6796
2112;2113;405;O=C(OC)C(C1=CC=CC=C1)=O;0.5;0.5;0;0;0.905989
2113;2114;405;O=C(OC)C(C1=CC=CC=C1)=O;0.333333;0.666667;0;0;0.955571
2114;2115;405;O=C(OC)C(C1=CC=CC=C1)=O;0;1;0;0;0.957718
2115;2116;406;CC(OC1=CC=CC(C)=C1)=O;1;0;0;0;0.192003
2116;2117;406;CC(OC1=CC=CC(C)=C1)=O;0.980392;0.019608;0;0;0.420133
2117;2118;406;CC(OC1=CC=CC(C)=C1)=O;0.952381;0.047619;0;0;0.552299
2118;2119;406;CC(OC1=CC=CC(C)=C1)=O;0.833333;0.166667;0;0;0.67096
2119;2120;406;CC(OC1=CC=CC(C)=C1)=O;0.75;0.25;0;0;0.762904
2120;2121;406;CC(OC1=CC=CC(C)=C1)=O;0.5;0.5;0;0;0.937326
2121;2122;406;CC(OC1=CC=CC(C)=C1)=O;0.333333;0.666667;0;0;0.980959
2122;2123;406;CC(OC1=CC=CC(C)=C1)=O;0;1;0;0;0.987718
2123;2124;407;O=C(OCC)CC1=CC=CS1;1;0;0;0;0.177259
2124;2125;407;O=C(OCC)CC1=CC=CS1;0.980392;0.019608;0;0;0.411072
2125;2126;407;O=C(OCC)CC1=CC=CS1;0.952381;0.047619;0;0;0.546166
2126;2127;407;O=C(OCC)CC1=CC=CS1;0.833333;0.166667;0;0;0.689762
2127;2128;407;O=C(OCC)CC1=CC=CS1;0.75;0.25;0;0;0.79174
2128;2129;407;O=C(OCC)CC1=CC=CS1;0.5;0.5;0;0;0.952994
2129;2130;407;O=C(OCC)CC1=CC=CS1;0.333333;0.666667;0;0;0.99048
2130;2131;407;O=C(OCC)CC1=CC=CS1;0;1;0;0;0.995839
2131;2132;409;O=C(OCC)C#CC1=CC=CC=C1;1;0;0;0;0.124179
2132;2133;409;O=C(OCC)C#CC1=CC=CC=C1;0.980392;0.019608;0;0;0.476362
2133;2134;409;O=C(OCC)C#CC1=CC=CC=C1;0.952381;0.047619;0;0;0.598935
2134;2135;409;O=C(OCC)C#CC1=CC=CC=C1;0.833333;0.166667;0;0;0.646313
2135;2136;409;O=C(OCC)C#CC1=CC=CC=C1;0.75;0.25;0;0;0.759497
2136;2137;409;O=C(OCC)C#CC1=CC=CC=C1;0.5;0.5;0;0;0.926854
2137;2138;409;O=C(OCC)C#CC1=CC=CC=C1;0.333333;0.666667;0;0;0.952112
2138;2139;409;O=C(OCC)C#CC1=CC=CC=C1;0;1;0;0;0.95752
2139;2140;410;O=C(OC)C1=CC=C(CC(OC)=O)C=C1;1;0;0;0;0.04161
2140;2141;410;O=C(OC)C1=CC=C(CC(OC)=O)C=C1;0.980392;0.019608;0;0;0.163965
2141;2142;410;O=C(OC)C1=CC=C(CC(OC)=O)C=C1;0.952381;0.047619;0;0;0.272695
2142;2143;410;O=C(OC)C1=CC=C(CC(OC)=O)C=C1;0.833333;0.166667;0;0;0.362779
2143;2144;410;O=C(OC)C1=CC=C(CC(OC)=O)C=C1;0.75;0.25;0;0;0.47553
2144;2145;410;O=C(OC)C1=CC=C(CC(OC)=O)C=C1;0.5;0.5;0;0;0.771418
2145;2146;410;O=C(OC)C1=CC=C(CC(OC)=O)C=C1;0.333333;0.666667;0;0;0.862321
2146;2147;410;O=C(OC)C1=CC=C(CC(OC)=O)C=C1;0;1;0;0;0.865399
2147;2148;413;O=C(C(N1)=CC2=C1C=CC=C2)OC;1;0;0;0;0.009199
2148;2149;413;O=C(C(N1)=CC2=C1C=CC=C2)OC;0.980392;0.019608;0;0;0.157694
2149;2150;413;O=C(C(N1)=CC2=C1C=CC=C2)OC;0.952381;0.047619;0;0;0.28766
2150;2151;413;O=C(C(N1)=CC2=C1C=CC=C2)OC;0.833333;0.166667;0;0;0.402562
2151;2152;413;O=C(C(N1)=CC2=C1C=CC=C2)OC;0.75;0.25;0;0;0.543635
2152;2153;413;O=C(C(N1)=CC2=C1C=CC=C2)OC;0.5;0.5;0;0;0.874257
2153;2154;413;O=C(C(N1)=CC2=C1C=CC=C2)OC;0.333333;0.666667;0;0;0.943593
2154;2155;413;O=C(C(N1)=CC2=C1C=CC=C2)OC;0;1;0;0;0.948658
2155;2156;414;O=C(OC)C1=CC=CC(Br)=C1;1;0;0;0;0.086097
2156;2157;414;O=C(OC)C1=CC=CC(Br)=C1;0.980392;0.019608;0;0;0.478573
2157;2158;414;O=C(OC)C1=CC=CC(Br)=C1;0.952381;0.047619;0;0;0.601928
2158;2159;414;O=C(OC)C1=CC=CC(Br)=C1;0.833333;0.166667;0;0;0.68945
2159;2160;414;O=C(OC)C1=CC=CC(Br)=C1;0.75;0.25;0;0;0.785788
2160;2161;414;O=C(OC)C1=CC=CC(Br)=C1;0.5;0.5;0;0;0.943416
2161;2162;414;O=C(OC)C1=CC=CC(Br)=C1;0.333333;0.666667;0;0;0.97493
2162;2163;414;O=C(OC)C1=CC=CC(Br)=C1;0;1;0;0;0.974698
2163;2164;415;O=C(OCC)CC1=NC=CC=C1;1;0;0;0;0.018072
2164;2165;415;O=C(OCC)CC1=NC=CC=C1;0.980392;0.019608;0;0;0.052792
2165;2166;415;O=C(OCC)CC1=NC=CC=C1;0.952381;0.047619;0;0;0.081142
2166;2167;415;O=C(OCC)CC1=NC=CC=C1;0.833333;0.166667;0;0;0.148207
2167;2168;415;O=C(OCC)CC1=NC=CC=C1;0.75;0.25;0;0;0.180405
2168;2169;415;O=C(OCC)CC1=NC=CC=C1;0.5;0.5;0;0;0.40901
2169;2170;415;O=C(OCC)CC1=NC=CC=C1;0.333333;0.666667;0;0;0.580083
2170;2171;415;O=C(OCC)CC1=NC=CC=C1;0;1;0;0;0.643623
2171;2172;416;NC(OCC1=CC=CC=C1)=O;1;0;0;0;0.003284
2172;2173;416;NC(OCC1=CC=CC=C1)=O;0.980392;0.019608;0;0;0.021938
2173;2174;416;NC(OCC1=CC=CC=C1)=O;0.952381;0.047619;0;0;0.015295
2174;2175;417;O=C1OCC2=CC=CC=C12;1;0;0;0;0.015528
2175;2176;417;O=C1OCC2=CC=CC=C12;0.980392;0.019608;0;0;0.076764
2176;2177;417;O=C1OCC2=CC=CC=C12;0.952381;0.047619;0;0;0.138754
2177;2178;417;O=C1OCC2=CC=CC=C12;0.833333;0.166667;0;0;0.207974
2178;2179;417;O=C1OCC2=CC=CC=C12;0.75;0.25;0;0;0.289873
2179;2180;417;O=C1OCC2=CC=CC=C12;0.5;0.5;0;0;0.658347
2180;2181;417;O=C1OCC2=CC=CC=C12;0.333333;0.666667;0;0;0.790979
2181;2182;417;O=C1OCC2=CC=CC=C12;0;1;0;0;0.990829
2182;2183;418;O=C(OCC)CC1=CC=C([N+]([O-])=O)C=C1;1;0;0;0;0.024643
2183;2184;418;O=C(OCC)CC1=CC=C([N+]([O-])=O)C=C1;0.980392;0.019608;0;0;0.150134
2184;2185;418;O=C(OCC)CC1=CC=C([N+]([O-])=O)C=C1;0.952381;0.047619;0;0;0.252561
2185;2186;418;O=C(OCC)CC1=CC=C([N+]([O-])=O)C=C1;0.833333;0.166667;0;0;0.382991
2186;2187;418;O=C(OCC)CC1=CC=C([N+]([O-])=O)C=C1;0.75;0.25;0;0;0.527598
2187;2188;418;O=C(OCC)CC1=CC=C([N+]([O-])=O)C=C1;0.5;0.5;0;0;0.832337
2188;2189;418;O=C(OCC)CC1=CC=C([N+]([O-])=O)C=C1;0.333333;0.666667;0;0;0.912151
2189;2190;418;O=C(OCC)CC1=CC=C([N+]([O-])=O)C=C1;0;1;0;0;0.993886
2190;2191;419;O=C(OCC)CC1=CC=CC=C1;1;0;0;0;0.076298
2191;2192;419;O=C(OCC)CC1=CC=CC=C1;0.980392;0.019608;0;0;0.413042
2192;2193;419;O=C(OCC)CC1=CC=CC=C1;0.952381;0.047619;0;0;0.572453
2193;2194;419;O=C(OCC)CC1=CC=CC=C1;0.833333;0.166667;0;0;0.658865
2194;2195;419;O=C(OCC)CC1=CC=CC=C1;0.75;0.25;0;0;0.798848
2195;2196;419;O=C(OCC)CC1=CC=CC=C1;0.5;0.5;0;0;0.955712
2196;2197;419;O=C(OCC)CC1=CC=CC=C1;0.333333;0.666667;0;0;0.930326
2197;2198;419;O=C(OCC)CC1=CC=CC=C1;0;1;0;0;0.996943
2198;2199;422;OC1=CC=C2C=CC=CC2=[C@@]1[C@@]3=C4C=CC=CC4=CC=C3O;1;0;0;0;0.021281
2199;2200;422;OC1=CC=C2C=CC=CC2=[C@@]1[C@@]3=C4C=CC=CC4=CC=C3O;0.980392;0.019608;0;0;0.039595
2200;2201;422;OC1=CC=C2C=CC=CC2=[C@@]1[C@@]3=C4C=CC=CC4=CC=C3O;0.952381;0.047619;0;0;0.099072
2201;2202;422;OC1=CC=C2C=CC=CC2=[C@@]1[C@@]3=C4C=CC=CC4=CC=C3O;0.833333;0.166667;0;0;0.209648
2202;2203;422;OC1=CC=C2C=CC=CC2=[C@@]1[C@@]3=C4C=CC=CC4=CC=C3O;0.75;0.25;0;0;0.401533
2203;2204;422;OC1=CC=C2C=CC=CC2=[C@@]1[C@@]3=C4C=CC=CC4=CC=C3O;0.5;0.5;0;0;0.810526
2204;2205;422;OC1=CC=C2C=CC=CC2=[C@@]1[C@@]3=C4C=CC=CC4=CC=C3O;0.333333;0.666667;0;0;0.931274
2205;2206;422;OC1=CC=C2C=CC=CC2=[C@@]1[C@@]3=C4C=CC=CC4=CC=C3O;0;1;0;0;0.954003
2206;2207;423;OC1=CC=C(F)C=C1;1;0;0;0;0.021281
2207;2208;423;OC1=CC=C(F)C=C1;0.980392;0.019608;0;0;0.15134
2208;2209;423;OC1=CC=C(F)C=C1;0.952381;0.047619;0;0;0.268768
2209;2210;423;OC1=CC=C(F)C=C1;0.833333;0.166667;0;0;0.406455
2210;2211;423;OC1=CC=C(F)C=C1;0.75;0.25;0;0;0.556082
2211;2212;423;OC1=CC=C(F)C=C1;0.5;0.5;0;0;0.839927
2212;2213;423;OC1=CC=C(F)C=C1;0.333333;0.666667;0;0;0.91253
2213;2214;423;OC1=CC=C(F)C=C1;0;1;0;0;0.938671
2214;2215;424;OC1=CC=C(Br)C=C1;1;0;0;0;0.024274
2215;2216;424;OC1=CC=C(Br)C=C1;0.980392;0.019608;0;0;0.13624
2216;2217;424;OC1=CC=C(Br)C=C1;0.952381;0.047619;0;0;0.213231
2217;2218;424;OC1=CC=C(Br)C=C1;0.833333;0.166667;0;0;0.387711
2218;2219;424;OC1=CC=C(Br)C=C1;0.75;0.25;0;0;0.546217
2219;2220;424;OC1=CC=C(Br)C=C1;0.5;0.5;0;0;0.869328
2220;2221;424;OC1=CC=C(Br)C=C1;0.333333;0.666667;0;0;0.921902
2221;2222;424;OC1=CC=C(Br)C=C1;0;1;0;0;0.935605
2222;2223;426;OC1=CC(C)=CC(C)=C1;1;0;0;0;0.012266
2223;2224;426;OC1=CC(C)=CC(C)=C1;0.980392;0.019608;0;0;0.166441
2224;2225;426;OC1=CC(C)=CC(C)=C1;0.952381;0.047619;0;0;0.346261
2225;2226;426;OC1=CC(C)=CC(C)=C1;0.833333;0.166667;0;0;0.466231
2226;2227;426;OC1=CC(C)=CC(C)=C1;0.75;0.25;0;0;0.62906
2227;2228;426;OC1=CC(C)=CC(C)=C1;0.5;0.5;0;0;0.888218
2228;2229;426;OC1=CC(C)=CC(C)=C1;0.333333;0.666667;0;0;0.958613
2229;2230;426;OC1=CC(C)=CC(C)=C1;0;1;0;0;0.996866
2230;2231;427;OC1=CC=CC(N)=C1;1;0;0;0;0.01525
2231;2232;427;OC1=CC=CC(N)=C1;0.980392;0.019608;0;0;0.009394
2232;2233;427;OC1=CC=CC(N)=C1;0.952381;0.047619;0;0;0
2233;2234;427;OC1=CC=CC(N)=C1;0.833333;0.166667;0;0;0.034279
2234;2235;427;OC1=CC=CC(N)=C1;0.75;0.25;0;0;0.066362
2235;2236;427;OC1=CC=CC(N)=C1;0.5;0.5;0;0;0.374023
2236;2237;427;OC1=CC=CC(N)=C1;0.333333;0.666667;0;0;0.586133
2237;2238;427;OC1=CC=CC(N)=C1;0;1;0;0;0.815111
2238;2239;428;OC1=CC=C(Br)C=C1N;1;0;0;0;0.104772
2239;2240;428;OC1=CC=C(Br)C=C1N;0.980392;0.019608;0;0;0.498657
2240;2241;428;OC1=CC=C(Br)C=C1N;0.952381;0.047619;0;0;0.698518
2241;2242;428;OC1=CC=C(Br)C=C1N;0.833333;0.166667;0;0;0.762427
2242;2243;428;OC1=CC=C(Br)C=C1N;0.75;0.25;0;0;0.855396
2243;2244;428;OC1=CC=C(Br)C=C1N;0.5;0.5;0;0;1
2244;2245;428;OC1=CC=C(Br)C=C1N;0.333333;0.666667;0;0;1
2245;2246;428;OC1=CC=C(Br)C=C1N;0;1;0;0;1
2246;2247;431;OC1=CC=C2C=CC=CC2=[C@]1[C@]3=C4C=CC=CC4=CC=C3O;1;0;0;0;0.003394
2247;2248;431;OC1=CC=C2C=CC=CC2=[C@]1[C@]3=C4C=CC=CC4=CC=C3O;0.980392;0.019608;0;0;0.031782
2248;2249;431;OC1=CC=C2C=CC=CC2=[C@]1[C@]3=C4C=CC=CC4=CC=C3O;0.952381;0.047619;0;0;0.083645
2249;2250;431;OC1=CC=C2C=CC=CC2=[C@]1[C@]3=C4C=CC=CC4=CC=C3O;0.833333;0.166667;0;0;0.207701
2250;2251;431;OC1=CC=C2C=CC=CC2=[C@]1[C@]3=C4C=CC=CC4=CC=C3O;0.75;0.25;0;0;0.366151
2251;2252;431;OC1=CC=C2C=CC=CC2=[C@]1[C@]3=C4C=CC=CC4=CC=C3O;0.5;0.5;0;0;0.821257
2252;2253;431;OC1=CC=C2C=CC=CC2=[C@]1[C@]3=C4C=CC=CC4=CC=C3O;0.333333;0.666667;0;0;0.942512
2253;2254;431;OC1=CC=C2C=CC=CC2=[C@]1[C@]3=C4C=CC=CC4=CC=C3O;0;1;0;0;0.993653
2254;2255;437;OC1=CC=C(C(C)(C)C)C=C1;1;0;0;0;0.067182
2255;2256;437;OC1=CC=C(C(C)(C)C)C=C1;0.980392;0.019608;0;0;0.25393
2256;2257;437;OC1=CC=C(C(C)(C)C)C=C1;0.952381;0.047619;0;0;0.328622
2257;2258;437;OC1=CC=C(C(C)(C)C)C=C1;0.833333;0.166667;0;0;0.460815
2258;2259;437;OC1=CC=C(C(C)(C)C)C=C1;0.5;0.5;0;0;0.933145
2259;2260;437;OC1=CC=C(C(C)(C)C)C=C1;0.333333;0.666667;0;0;0.959766
2260;2261;437;OC1=CC=C(C(C)(C)C)C=C1;0;1;0;0;0.966778
2261;2262;439;OC1=CC=C(Br)C=C1N;1;0;0;0;0.003374
2262;2263;439;OC1=CC=C(Br)C=C1N;0.980392;0.019608;0;0;0.04161
2263;2264;439;OC1=CC=C(Br)C=C1N;0.952381;0.047619;0;0;0.050606
2264;2265;439;OC1=CC=C(Br)C=C1N;0.833333;0.166667;0;0;0.113988
2265;2266;439;OC1=CC=C(Br)C=C1N;0.75;0.25;0;0;0.19605
2266;2267;439;OC1=CC=C(Br)C=C1N;0.5;0.5;0;0;0.589316
2267;2268;439;OC1=CC=C(Br)C=C1N;0.333333;0.666667;0;0;0.777166
2268;2269;439;OC1=CC=C(Br)C=C1N;0;1;0;0;0.836912
2269;2270;447;O=C(C1=CC=C(C)C=C1)CC(C(F)(F)F)=O;1;0;0;0;0.259945
2270;2271;447;O=C(C1=CC=C(C)C=C1)CC(C(F)(F)F)=O;0.980392;0.019608;0;0;0.437312
2271;2272;447;O=C(C1=CC=C(C)C=C1)CC(C(F)(F)F)=O;0.952381;0.047619;0;0;0.479089
2272;2273;447;O=C(C1=CC=C(C)C=C1)CC(C(F)(F)F)=O;0.833333;0.166667;0;0;0.6139
2273;2274;447;O=C(C1=CC=C(C)C=C1)CC(C(F)(F)F)=O;0.75;0.25;0;0;0.7211
2274;2275;447;O=C(C1=CC=C(C)C=C1)CC(C(F)(F)F)=O;0.5;0.5;0;0;0.877014
2275;2276;447;O=C(C1=CC=C(C)C=C1)CC(C(F)(F)F)=O;0.333333;0.666667;0;0;0.965637
2276;2277;447;O=C(C1=CC=C(C)C=C1)CC(C(F)(F)F)=O;0;1;0;0;0.987919
2277;2278;449;O=C(C1=CC=CO1)CC(C(F)(F)F)=O;1;0;0;0;0.146904
2278;2279;449;O=C(C1=CC=CO1)CC(C(F)(F)F)=O;0.980392;0.019608;0;0;0.236779
2279;2280;449;O=C(C1=CC=CO1)CC(C(F)(F)F)=O;0.952381;0.047619;0;0;0.226973
2280;2281;449;O=C(C1=CC=CO1)CC(C(F)(F)F)=O;0.833333;0.166667;0;0;0.315216
2281;2282;449;O=C(C1=CC=CO1)CC(C(F)(F)F)=O;0.75;0.25;0;0;0.357589
2282;2283;449;O=C(C1=CC=CO1)CC(C(F)(F)F)=O;0.5;0.5;0;0;0.727943
2283;2284;449;O=C(C1=CC=CO1)CC(C(F)(F)F)=O;0.333333;0.666667;0;0;0.877785
2284;2285;449;O=C(C1=CC=CO1)CC(C(F)(F)F)=O;0;1;0;0;0.966372
2285;2286;450;O=C(C1=CC=CS1)CC(C(F)(F)F)=O;1;0;0;0;0.120519
2286;2287;450;O=C(C1=CC=CS1)CC(C(F)(F)F)=O;0.980392;0.019608;0;0;0.221814
2287;2288;450;O=C(C1=CC=CS1)CC(C(F)(F)F)=O;0.952381;0.047619;0;0;0.167987
2288;2289;450;O=C(C1=CC=CS1)CC(C(F)(F)F)=O;0.833333;0.166667;0;0;0.309102
2289;2290;450;O=C(C1=CC=CS1)CC(C(F)(F)F)=O;0.5;0.5;0;0;0.784885
2290;2291;450;O=C(C1=CC=CS1)CC(C(F)(F)F)=O;0.333333;0.666667;0;0;0.905989
2291;2292;450;O=C(C1=CC=CS1)CC(C(F)(F)F)=O;0;1;0;0;0.9786
2292;2293;451;BrC1=CC2=C(C=C1)NC3=C2C=CC=C3;1;0;0;0;0.070682
2293;2294;451;BrC1=CC2=C(C=C1)NC3=C2C=CC=C3;0.980392;0.019608;0;0;0.200863
2294;2295;451;BrC1=CC2=C(C=C1)NC3=C2C=CC=C3;0.952381;0.047619;0;0;0.261123
2295;2296;451;BrC1=CC2=C(C=C1)NC3=C2C=CC=C3;0.833333;0.166667;0;0;0.364129
2296;2297;451;BrC1=CC2=C(C=C1)NC3=C2C=CC=C3;0.75;0.25;0;0;0.58635
2297;2298;451;BrC1=CC2=C(C=C1)NC3=C2C=CC=C3;0.5;0.5;0;0;0.882952
2298;2299;451;BrC1=CC2=C(C=C1)NC3=C2C=CC=C3;0.333333;0.666667;0;0;0.940459
2299;2300;451;BrC1=CC2=C(C=C1)NC3=C2C=CC=C3;0;1;0;0;0.984715
2300;2301;452;CCCCCCC1=C(Br)SC=C1;1;0;0;0;0.829967
2301;2302;452;CCCCCCC1=C(Br)SC=C1;0.980392;0.019608;0;0;0.94014
2302;2303;452;CCCCCCC1=C(Br)SC=C1;0.952381;0.047619;0;0;0.96585
2303;2304;452;CCCCCCC1=C(Br)SC=C1;0.833333;0.166667;0;0;0.954144
2304;2305;452;CCCCCCC1=C(Br)SC=C1;0.75;0.25;0;0;0.990599
2305;2306;452;CCCCCCC1=C(Br)SC=C1;0.5;0.5;0;0;1
2306;2307;452;CCCCCCC1=C(Br)SC=C1;0.333333;0.666667;0;0;0.987465
2307;2308;452;CCCCCCC1=C(Br)SC=C1;0;1;0;0;0.996943
2308;2309;455;O=C(O)C1=CC=CC=C1F;1;0;0;0;0.000343
2309;2310;455;O=C(O)C1=CC=CC=C1F;0.980392;0.019608;0;0;0.057111
2310;2311;455;O=C(O)C1=CC=CC=C1F;0.952381;0.047619;0;0;0.048509
2311;2312;455;O=C(O)C1=CC=CC=C1F;0.833333;0.166667;0;0;0.136097
2312;2313;455;O=C(O)C1=CC=CC=C1F;0.75;0.25;0;0;0.210796
2313;2314;455;O=C(O)C1=CC=CC=C1F;0.5;0.5;0;0;0.568842
2314;2315;455;O=C(O)C1=CC=CC=C1F;0.333333;0.666667;0;0;0.696309
2315;2316;455;O=C(O)C1=CC=CC=C1F;0;1;0;0;0.824134
2316;2317;1;O=C(C1=CC=CC=C1)CCCl;0;0;1;0;0.757783
2317;2318;1;O=C(C1=CC=CC=C1)CCCl;0;0;0.990099;0.009901;0.781188
2318;2319;1;O=C(C1=CC=CC=C1)CCCl;0;0;0.980392;0.019608;0.898911
2319;2320;1;O=C(C1=CC=CC=C1)CCCl;0;0;0.967742;0.032258;0.965492
2320;2321;1;O=C(C1=CC=CC=C1)CCCl;0;0;0.952381;0.047619;0.984652
2321;2322;1;O=C(C1=CC=CC=C1)CCCl;0;0;0.909091;0.090909;1
2322;2323;3;CC(C1=CC=C(C(C)=O)C=C1)=O;0;0;1;0;0.139493
2323;2324;3;CC(C1=CC=C(C(C)=O)C=C1)=O;0;0;0.990099;0.009901;0.195543
2324;2325;3;CC(C1=CC=C(C(C)=O)C=C1)=O;0;0;0.980392;0.019608;0.427163
2325;2326;3;CC(C1=CC=C(C(C)=O)C=C1)=O;0;0;0.967742;0.032258;0.61414
2326;2327;3;CC(C1=CC=C(C(C)=O)C=C1)=O;0;0;0.952381;0.047619;0.791263
2327;2328;3;CC(C1=CC=C(C(C)=O)C=C1)=O;0;0;0.909091;0.090909;0.913592
2328;2329;4;O=C(C1=NC=CC=C1)C2=CC=CC=C2;0;0;1;0;0.21917
2329;2330;4;O=C(C1=NC=CC=C1)C2=CC=CC=C2;0;0;0.990099;0.009901;0.234157
2330;2331;4;O=C(C1=NC=CC=C1)C2=CC=CC=C2;0;0;0.980392;0.019608;0.390097
2331;2332;4;O=C(C1=NC=CC=C1)C2=CC=CC=C2;0;0;0.967742;0.032258;0.611003
2332;2333;4;O=C(C1=NC=CC=C1)C2=CC=CC=C2;0;0;0.952381;0.047619;0.81275
2333;2334;4;O=C(C1=NC=CC=C1)C2=CC=CC=C2;0;0;0.909091;0.090909;0.949515
2334;2335;5;COC1=CC=C2C=CC=CC2=C1;0;0;1;0;0.964375
2335;2336;5;COC1=CC=C2C=CC=CC2=C1;0;0;0.990099;0.009901;0.974174
2336;2337;5;COC1=CC=C2C=CC=CC2=C1;0;0;0.980392;0.019608;0.980441
2337;2338;5;COC1=CC=C2C=CC=CC2=C1;0;0;0.967742;0.032258;0.993459
2338;2339;5;COC1=CC=C2C=CC=CC2=C1;0;0;0.952381;0.047619;1
2339;2340;5;COC1=CC=C2C=CC=CC2=C1;0;0;0.909091;0.090909;1
2340;2341;6;BrC1=CC=C2C=CC=CC2=C1;0;0;1;0;1
2341;2342;6;BrC1=CC=C2C=CC=CC2=C1;0;0;0.990099;0.009901;1
2342;2343;6;BrC1=CC=C2C=CC=CC2=C1;0;0;0.980392;0.019608;1
2343;2344;6;BrC1=CC=C2C=CC=CC2=C1;0;0;0.967742;0.032258;1
2344;2345;6;BrC1=CC=C2C=CC=CC2=C1;0;0;0.952381;0.047619;1
2345;2346;6;BrC1=CC=C2C=CC=CC2=C1;0;0;0.909091;0.090909;1
2346;2347;7;CC1=CC=C(OC)C(OC)=C1;0;0;1;0;0.624314
2347;2348;7;CC1=CC=C(OC)C(OC)=C1;0;0;0.990099;0.009901;0.644896
2348;2349;7;CC1=CC=C(OC)C(OC)=C1;0;0;0.980392;0.019608;0.722918
2349;2350;7;CC1=CC=C(OC)C(OC)=C1;0;0;0.967742;0.032258;0.803773
2350;2351;7;CC1=CC=C(OC)C(OC)=C1;0;0;0.952381;0.047619;0.89164
2351;2352;7;CC1=CC=C(OC)C(OC)=C1;0;0;0.909091;0.090909;0.954214
2352;2353;8;O=C(OCC)/C=C\C1=CC=CC=C1;0;0;1;0;0.689087
2353;2354;8;O=C(OCC)/C=C\C1=CC=CC=C1;0;0;0.990099;0.009901;0.719145
2354;2355;8;O=C(OCC)/C=C\C1=CC=CC=C1;0;0;0.980392;0.019608;0.810932
2355;2356;8;O=C(OCC)/C=C\C1=CC=CC=C1;0;0;0.967742;0.032258;0.869182
2356;2357;8;O=C(OCC)/C=C\C1=CC=CC=C1;0;0;0.952381;0.047619;0.955381
2357;2358;8;O=C(OCC)/C=C\C1=CC=CC=C1;0;0;0.909091;0.090909;0.983648
2358;2359;9;OCCC1=C2C=CC=CC2=CC=C1;0;0;1;0;0.161708
2359;2360;9;OCCC1=C2C=CC=CC2=CC=C1;0;0;0.990099;0.009901;0.201375
2360;2361;9;OCCC1=C2C=CC=CC2=CC=C1;0;0;0.980392;0.019608;0.296747
2361;2362;9;OCCC1=C2C=CC=CC2=CC=C1;0;0;0.967742;0.032258;0.40909
2362;2363;9;OCCC1=C2C=CC=CC2=CC=C1;0;0;0.952381;0.047619;0.599706
2363;2364;9;OCCC1=C2C=CC=CC2=CC=C1;0;0;0.909091;0.090909;0.74141
2364;2365;10;CC(C1=CC=C(Br)C=C1)C;0;0;1;0;1
2365;2366;10;CC(C1=CC=C(Br)C=C1)C;0;0;0.990099;0.009901;1
2366;2367;10;CC(C1=CC=C(Br)C=C1)C;0;0;0.980392;0.019608;1
2367;2368;10;CC(C1=CC=C(Br)C=C1)C;0;0;0.967742;0.032258;1
2368;2369;10;CC(C1=CC=C(Br)C=C1)C;0;0;0.952381;0.047619;1
2369;2370;10;CC(C1=CC=C(Br)C=C1)C;0;0;0.909091;0.090909;1
2370;2371;11;NC1=C2N=CC=CC2=CC=C1;0;0;1;0;0.047986
2371;2372;11;NC1=C2N=CC=CC2=CC=C1;0;0;0.990099;0.009901;0.078764
2372;2373;11;NC1=C2N=CC=CC2=CC=C1;0;0;0.980392;0.019608;0.124315
2373;2374;11;NC1=C2N=CC=CC2=CC=C1;0;0;0.967742;0.032258;0.266127
2374;2375;11;NC1=C2N=CC=CC2=CC=C1;0;0;0.952381;0.047619;0.507575
2375;2376;11;NC1=C2N=CC=CC2=CC=C1;0;0;0.909091;0.090909;0.68096
2376;2377;12;CC(C1=CC=C2C=CC=CC2=C1)=O;0;0;1;0;0.512621
2377;2378;12;CC(C1=CC=C2C=CC=CC2=C1)=O;0;0;0.990099;0.009901;0.549323
2378;2379;12;CC(C1=CC=C2C=CC=CC2=C1)=O;0;0;0.980392;0.019608;0.70247
2379;2380;12;CC(C1=CC=C2C=CC=CC2=C1)=O;0;0;0.967742;0.032258;0.758553
2380;2381;12;CC(C1=CC=C2C=CC=CC2=C1)=O;0;0;0.952381;0.047619;0.901515
2381;2382;12;CC(C1=CC=C2C=CC=CC2=C1)=O;0;0;0.909091;0.090909;0.963059
2382;2383;13;OCCOCC1=CC=CC=C1;0;0;1;0;0.1
2383;2384;13;OCCOCC1=CC=CC=C1;0;0;0.990099;0.009901;0.111532
2384;2385;13;OCCOCC1=CC=CC=C1;0;0;0.980392;0.019608;0.154223
2385;2386;13;OCCOCC1=CC=CC=C1;0;0;0.967742;0.032258;0.339311
2386;2387;13;OCCOCC1=CC=CC=C1;0;0;0.952381;0.047619;0.569668
2387;2388;13;OCCOCC1=CC=CC=C1;0;0;0.909091;0.090909;0.728306
2388;2389;14;BrC1=CC=CC=C1C2=CC=CC=C2;0;0;1;0;1
2389;2390;14;BrC1=CC=CC=C1C2=CC=CC=C2;0;0;0.990099;0.009901;1
2390;2391;14;BrC1=CC=CC=C1C2=CC=CC=C2;0;0;0.980392;0.019608;1
2391;2392;14;BrC1=CC=CC=C1C2=CC=CC=C2;0;0;0.967742;0.032258;1
2392;2393;14;BrC1=CC=CC=C1C2=CC=CC=C2;0;0;0.952381;0.047619;1
2393;2394;14;BrC1=CC=CC=C1C2=CC=CC=C2;0;0;0.909091;0.090909;1
2394;2395;15;IC1=CC=CC=C1CBr;0;0;1;0;1
2395;2396;15;IC1=CC=CC=C1CBr;0;0;0.990099;0.009901;1
2396;2397;15;IC1=CC=CC=C1CBr;0;0;0.980392;0.019608;1
2397;2398;15;IC1=CC=CC=C1CBr;0;0;0.967742;0.032258;1
2398;2399;15;IC1=CC=CC=C1CBr;0;0;0.952381;0.047619;1
2399;2400;15;IC1=CC=CC=C1CBr;0;0;0.909091;0.090909;1
2400;2401;16;C=CCCC1=CC=CC=C1;0;0;1;0;1
2401;2402;16;C=CCCC1=CC=CC=C1;0;0;0.990099;0.009901;1
2402;2403;16;C=CCCC1=CC=CC=C1;0;0;0.980392;0.019608;1
2403;2404;16;C=CCCC1=CC=CC=C1;0;0;0.967742;0.032258;1
2404;2405;16;C=CCCC1=CC=CC=C1;0;0;0.952381;0.047619;1
2405;2406;16;C=CCCC1=CC=CC=C1;0;0;0.909091;0.090909;1
2406;2407;17;C1(C2=NC=CC=C2)=NC=CC=C1;0;0;1;0;0.045778
2407;2408;17;C1(C2=NC=CC=C2)=NC=CC=C1;0;0;0.990099;0.009901;0.052081
2408;2409;17;C1(C2=NC=CC=C2)=NC=CC=C1;0;0;0.980392;0.019608;0.056395
2409;2410;17;C1(C2=NC=CC=C2)=NC=CC=C1;0;0;0.967742;0.032258;0.088783
2410;2411;17;C1(C2=NC=CC=C2)=NC=CC=C1;0;0;0.952381;0.047619;0.182409
2411;2412;17;C1(C2=NC=CC=C2)=NC=CC=C1;0;0;0.909091;0.090909;0.295599
2412;2413;19;C12=CC=C3C=CC=NC3=C1N=CC=C2;0;0;1;0;0.029154
2413;2414;19;C12=CC=C3C=CC=NC3=C1N=CC=C2;0;0;0.990099;0.009901;0.03887
2414;2415;19;C12=CC=C3C=CC=NC3=C1N=CC=C2;0;0;0.980392;0.019608;0.045959
2415;2416;19;C12=CC=C3C=CC=NC3=C1N=CC=C2;0;0;0.967742;0.032258;0.040824
2416;2417;19;C12=CC=C3C=CC=NC3=C1N=CC=C2;0;0;0.952381;0.047619;0.077242
2417;2418;19;C12=CC=C3C=CC=NC3=C1N=CC=C2;0;0;0.909091;0.090909;0.103807
2418;2419;20;BrCCCC1=CC=CC=C1;0;0;1;0;1
2419;2420;20;BrCCCC1=CC=CC=C1;0;0;0.990099;0.009901;1
2420;2421;20;BrCCCC1=CC=CC=C1;0;0;0.980392;0.019608;1
2421;2422;20;BrCCCC1=CC=CC=C1;0;0;0.967742;0.032258;1
2422;2423;20;BrCCCC1=CC=CC=C1;0;0;0.952381;0.047619;1
2423;2424;20;BrCCCC1=CC=CC=C1;0;0;0.909091;0.090909;1
2424;2425;21;COC1=CC=C(CCBr)C=C1;0;0;1;0;1
2425;2426;21;COC1=CC=C(CCBr)C=C1;0;0;0.990099;0.009901;1
2426;2427;21;COC1=CC=C(CCBr)C=C1;0;0;0.980392;0.019608;1
2427;2428;21;COC1=CC=C(CCBr)C=C1;0;0;0.967742;0.032258;1
2428;2429;21;COC1=CC=C(CCBr)C=C1;0;0;0.952381;0.047619;1
2429;2430;21;COC1=CC=C(CCBr)C=C1;0;0;0.909091;0.090909;1
2430;2431;22;O=C(OCC)C1=CC=C(C#N)C=C1;0;0;1;0;0.525785
2431;2432;22;O=C(OCC)C1=CC=C(C#N)C=C1;0;0;0.990099;0.009901;0.546943
2432;2433;22;O=C(OCC)C1=CC=C(C#N)C=C1;0;0;0.980392;0.019608;0.589683
2433;2434;22;O=C(OCC)C1=CC=C(C#N)C=C1;0;0;0.967742;0.032258;0.731335
2434;2435;22;O=C(OCC)C1=CC=C(C#N)C=C1;0;0;0.952381;0.047619;0.822655
2435;2436;22;O=C(OCC)C1=CC=C(C#N)C=C1;0;0;0.909091;0.090909;0.979004
2436;2437;23;CC1=CC(C2=NC=CC(C)=C2)=NC=C1;0;0;1;0;0.012325
2437;2438;23;CC1=CC(C2=NC=CC(C)=C2)=NC=C1;0;0;0.990099;0.009901;0.016122
2438;2439;23;CC1=CC(C2=NC=CC(C)=C2)=NC=C1;0;0;0.980392;0.019608;0.019236
2439;2440;23;CC1=CC(C2=NC=CC(C)=C2)=NC=C1;0;0;0.967742;0.032258;0.063031
2440;2441;23;CC1=CC(C2=NC=CC(C)=C2)=NC=C1;0;0;0.952381;0.047619;0.141776
2441;2442;23;CC1=CC(C2=NC=CC(C)=C2)=NC=C1;0;0;0.909091;0.090909;0.307132
2442;2443;25;C1(C2=CC=CC=C2)=CC=CC=C1;0;0;1;0;1
2443;2444;25;C1(C2=CC=CC=C2)=CC=CC=C1;0;0;0.990099;0.009901;1
2444;2445;25;C1(C2=CC=CC=C2)=CC=CC=C1;0;0;0.980392;0.019608;1
2445;2446;25;C1(C2=CC=CC=C2)=CC=CC=C1;0;0;0.967742;0.032258;1
2446;2447;25;C1(C2=CC=CC=C2)=CC=CC=C1;0;0;0.952381;0.047619;1
2447;2448;25;C1(C2=CC=CC=C2)=CC=CC=C1;0;0;0.909091;0.090909;1
2448;2449;26;ClCCC1=CC=C(Cl)C=C1;0;0;1;0;1
2449;2450;26;ClCCC1=CC=C(Cl)C=C1;0;0;0.990099;0.009901;1
2450;2451;26;ClCCC1=CC=C(Cl)C=C1;0;0;0.980392;0.019608;1
2451;2452;26;ClCCC1=CC=C(Cl)C=C1;0;0;0.967742;0.032258;1
2452;2453;26;ClCCC1=CC=C(Cl)C=C1;0;0;0.952381;0.047619;1
2453;2454;26;ClCCC1=CC=C(Cl)C=C1;0;0;0.909091;0.090909;1
2454;2455;27;CC(C1=CC=C(O)C=C1)=O;0;0;1;0;0.065614
2455;2456;27;CC(C1=CC=C(O)C=C1)=O;0;0;0.990099;0.009901;0.078939
2456;2457;27;CC(C1=CC=C(O)C=C1)=O;0;0;0.980392;0.019608;0.18118
2457;2458;27;CC(C1=CC=C(O)C=C1)=O;0;0;0.967742;0.032258;0.314957
2458;2459;27;CC(C1=CC=C(O)C=C1)=O;0;0;0.952381;0.047619;0.553811
2459;2460;27;CC(C1=CC=C(O)C=C1)=O;0;0;0.909091;0.090909;0.678562
2460;2461;28;BrCC1=CC(CBr)=CC=C1;0;0;1;0;1
2461;2462;28;BrCC1=CC(CBr)=CC=C1;0;0;0.990099;0.009901;1
2462;2463;28;BrCC1=CC(CBr)=CC=C1;0;0;0.980392;0.019608;1
2463;2464;28;BrCC1=CC(CBr)=CC=C1;0;0;0.967742;0.032258;1
2464;2465;28;BrCC1=CC(CBr)=CC=C1;0;0;0.952381;0.047619;1
2465;2466;28;BrCC1=CC(CBr)=CC=C1;0;0;0.909091;0.090909;1
2466;2467;29;O=C(OC(C)(C)C)NC1=CC=C(Br)C=C1;0;0;1;0;0.759437
2467;2468;29;O=C(OC(C)(C)C)NC1=CC=C(Br)C=C1;0;0;0.990099;0.009901;0.758776
2468;2469;29;O=C(OC(C)(C)C)NC1=CC=C(Br)C=C1;0;0;0.980392;0.019608;0.860358
2469;2470;29;O=C(OC(C)(C)C)NC1=CC=C(Br)C=C1;0;0;0.967742;0.032258;0.932426
2470;2471;29;O=C(OC(C)(C)C)NC1=CC=C(Br)C=C1;0;0;0.952381;0.047619;0.944764
2471;2472;29;O=C(OC(C)(C)C)NC1=CC=C(Br)C=C1;0;0;0.909091;0.090909;1
2472;2473;30;OC1=CC=C(C(F)(F)F)C=C1;0;0;1;0;0.462135
2473;2474;30;OC1=CC=C(C(F)(F)F)C=C1;0;0;0.990099;0.009901;0.477176
2474;2475;30;OC1=CC=C(C(F)(F)F)C=C1;0;0;0.980392;0.019608;0.524551
2475;2476;30;OC1=CC=C(C(F)(F)F)C=C1;0;0;0.967742;0.032258;0.568811
2476;2477;30;OC1=CC=C(C(F)(F)F)C=C1;0;0;0.952381;0.047619;0.67833
2477;2478;30;OC1=CC=C(C(F)(F)F)C=C1;0;0;0.909091;0.090909;0.747314
2478;2479;31;COC1=CC=C(OC)C=C1;0;0;1;0;0.749814
2479;2480;31;COC1=CC=C(OC)C=C1;0;0;0.990099;0.009901;0.768555
2480;2481;31;COC1=CC=C(OC)C=C1;0;0;0.980392;0.019608;0.860358
2481;2482;31;COC1=CC=C(OC)C=C1;0;0;0.967742;0.032258;0.906683
2482;2483;31;COC1=CC=C(OC)C=C1;0;0;0.952381;0.047619;0.964259
2483;2484;31;COC1=CC=C(OC)C=C1;0;0;0.909091;0.090909;1
2484;2485;32;O=C(OC)C1=CC=C(I)C=C1;0;0;1;0;0.801135
2485;2486;32;O=C(OC)C1=CC=C(I)C=C1;0;0;0.990099;0.009901;0.833751
2486;2487;32;O=C(OC)C1=CC=C(I)C=C1;0;0;0.980392;0.019608;0.936828
2487;2488;32;O=C(OC)C1=CC=C(I)C=C1;0;0;0.967742;0.032258;0.958168
2488;2489;32;O=C(OC)C1=CC=C(I)C=C1;0;0;0.952381;0.047619;0.983754
2489;2490;32;O=C(OC)C1=CC=C(I)C=C1;0;0;0.909091;0.090909;1
2490;2491;33;CC(O)C1=CC=CC=C1;0;0;1;0;0.274859
2491;2492;33;CC(O)C1=CC=CC=C1;0;0;0.990099;0.009901;0.300447
2492;2493;33;CC(O)C1=CC=CC=C1;0;0;0.980392;0.019608;0.389529
2493;2494;33;CC(O)C1=CC=CC=C1;0;0;0.967742;0.032258;0.529056
2494;2495;33;CC(O)C1=CC=CC=C1;0;0;0.952381;0.047619;0.664242
2495;2496;33;CC(O)C1=CC=CC=C1;0;0;0.909091;0.090909;0.786996
2496;2497;34;O=C(OCC)C1=CC=C(N)C=C1;0;0;1;0;0.179705
2497;2498;34;O=C(OCC)C1=CC=C(N)C=C1;0;0;0.990099;0.009901;0.206525
2498;2499;34;O=C(OCC)C1=CC=C(N)C=C1;0;0;0.980392;0.019608;0.35617
2499;2500;34;O=C(OCC)C1=CC=C(N)C=C1;0;0;0.967742;0.032258;0.545408
2500;2501;34;O=C(OCC)C1=CC=C(N)C=C1;0;0;0.952381;0.047619;0.69684
2501;2502;34;O=C(OCC)C1=CC=C(N)C=C1;0;0;0.909091;0.090909;0.786996
2502;2503;35;O=C1C2=C(OC3=C1C=CC=C3)C=CC=C2;0;0;1;0;0.422513
2503;2504;35;O=C1C2=C(OC3=C1C=CC=C3)C=CC=C2;0;0;0.990099;0.009901;0.455903
2504;2505;35;O=C1C2=C(OC3=C1C=CC=C3)C=CC=C2;0;0;0.980392;0.019608;0.586347
2505;2506;35;O=C1C2=C(OC3=C1C=CC=C3)C=CC=C2;0;0;0.967742;0.032258;0.725282
2506;2507;35;O=C1C2=C(OC3=C1C=CC=C3)C=CC=C2;0;0;0.952381;0.047619;0.921765
2507;2508;35;O=C1C2=C(OC3=C1C=CC=C3)C=CC=C2;0;0;0.909091;0.090909;0.935761
2508;2509;36;CC(CC/C=C(C)\C)C(/C=C/C1=CC=CC=C1)C(O)=O;0;0;1;0;0.028771
2509;2510;36;CC(CC/C=C(C)\C)C(/C=C/C1=CC=CC=C1)C(O)=O;0;0;0.990099;0.009901;0.04783
2510;2511;36;CC(CC/C=C(C)\C)C(/C=C/C1=CC=CC=C1)C(O)=O;0;0;0.980392;0.019608;0.15268
2511;2512;36;CC(CC/C=C(C)\C)C(/C=C/C1=CC=CC=C1)C(O)=O;0;0;0.967742;0.032258;0.358992
2512;2513;36;CC(CC/C=C(C)\C)C(/C=C/C1=CC=CC=C1)C(O)=O;0;0;0.952381;0.047619;0.726178
2513;2514;36;CC(CC/C=C(C)\C)C(/C=C/C1=CC=CC=C1)C(O)=O;0;0;0.909091;0.090909;0.817425
2514;2515;37;BrCC1=CC=C(Br)C=C1;0;0;1;0;0.996761
2515;2516;37;BrCC1=CC=C(Br)C=C1;0;0;0.990099;0.009901;0.99674
2516;2517;37;BrCC1=CC=C(Br)C=C1;0;0;0.980392;0.019608;0.996501
2517;2518;37;BrCC1=CC=C(Br)C=C1;0;0;0.967742;0.032258;0.990026
2518;2519;37;BrCC1=CC=C(Br)C=C1;0;0;0.952381;0.047619;0.986701
2519;2520;37;BrCC1=CC=C(Br)C=C1;0;0;0.909091;0.090909;0.993145
2520;2521;38;O=CC1=CC=C([N+]([O-])=O)C=C1;0;0;1;0;0.643746
2521;2522;38;O=CC1=CC=C([N+]([O-])=O)C=C1;0;0;0.990099;0.009901;0.680541
2522;2523;38;O=CC1=CC=C([N+]([O-])=O)C=C1;0;0;0.980392;0.019608;0.776043
2523;2524;38;O=CC1=CC=C([N+]([O-])=O)C=C1;0;0;0.967742;0.032258;0.870332
2524;2525;38;O=CC1=CC=C([N+]([O-])=O)C=C1;0;0;0.952381;0.047619;0.923529
2525;2526;38;O=CC1=CC=C([N+]([O-])=O)C=C1;0;0;0.909091;0.090909;0.928025
2526;2527;39;BrCC1=CC=CC=C1Br;0;0;1;0;1
2527;2528;39;BrCC1=CC=CC=C1Br;0;0;0.990099;0.009901;1
2528;2529;39;BrCC1=CC=CC=C1Br;0;0;0.980392;0.019608;1
2529;2530;39;BrCC1=CC=CC=C1Br;0;0;0.967742;0.032258;1
2530;2531;39;BrCC1=CC=CC=C1Br;0;0;0.952381;0.047619;1
2531;2532;39;BrCC1=CC=CC=C1Br;0;0;0.909091;0.090909;1
2532;2533;40;CC(NC1=CC=CC=C1)=O;0;0;1;0;0.070501
2533;2534;40;CC(NC1=CC=CC=C1)=O;0;0;0.990099;0.009901;0.084
2534;2535;40;CC(NC1=CC=CC=C1)=O;0;0;0.980392;0.019608;0.10417
2535;2536;40;CC(NC1=CC=CC=C1)=O;0;0;0.967742;0.032258;0.231967
2536;2537;40;CC(NC1=CC=CC=C1)=O;0;0;0.952381;0.047619;0.491303
2537;2538;40;CC(NC1=CC=CC=C1)=O;0;0;0.909091;0.090909;0.640126
2538;2539;41;NC1=C(C)C=C(Br)C=C1C;0;0;1;0;0.628006
2539;2540;41;NC1=C(C)C=C(Br)C=C1C;0;0;0.990099;0.009901;0.653966
2540;2541;41;NC1=C(C)C=C(Br)C=C1C;0;0;0.980392;0.019608;0.726747
2541;2542;41;NC1=C(C)C=C(Br)C=C1C;0;0;0.967742;0.032258;0.790005
2542;2543;41;NC1=C(C)C=C(Br)C=C1C;0;0;0.952381;0.047619;0.904217
2543;2544;41;NC1=C(C)C=C(Br)C=C1C;0;0;0.909091;0.090909;0.957861
2544;2545;42;N#CC1=CC=C(C#N)C=C1;0;0;1;0;0.539123
2545;2546;42;N#CC1=CC=C(C#N)C=C1;0;0;0.990099;0.009901;0.565761
2546;2547;42;N#CC1=CC=C(C#N)C=C1;0;0;0.980392;0.019608;0.66868
2547;2548;42;N#CC1=CC=C(C#N)C=C1;0;0;0.967742;0.032258;0.747349
2548;2549;42;N#CC1=CC=C(C#N)C=C1;0;0;0.952381;0.047619;0.904217
2549;2550;42;N#CC1=CC=C(C#N)C=C1;0;0;0.909091;0.090909;0.950837
2550;2551;43;CC(C1=CC=C(N)C=C1)=O;0;0;1;0;0.084829
2551;2552;43;CC(C1=CC=C(N)C=C1)=O;0;0;0.990099;0.009901;0.104382
2552;2553;43;CC(C1=CC=C(N)C=C1)=O;0;0;0.980392;0.019608;0.146083
2553;2554;43;CC(C1=CC=C(N)C=C1)=O;0;0;0.967742;0.032258;0.268297
2554;2555;43;CC(C1=CC=C(N)C=C1)=O;0;0;0.952381;0.047619;0.540903
2555;2556;43;CC(C1=CC=C(N)C=C1)=O;0;0;0.909091;0.090909;0.698
2556;2557;45;N#CC1=CC=CC(N)=C1;0;0;1;0;0.298464
2557;2558;45;N#CC1=CC=CC(N)=C1;0;0;0.990099;0.009901;0.313206
2558;2559;45;N#CC1=CC=CC(N)=C1;0;0;0.980392;0.019608;0.408464
2559;2560;45;N#CC1=CC=CC(N)=C1;0;0;0.967742;0.032258;0.569668
2560;2561;45;N#CC1=CC=CC(N)=C1;0;0;0.952381;0.047619;0.73952
2561;2562;45;N#CC1=CC=CC(N)=C1;0;0;0.909091;0.090909;0.83724
2562;2563;46;O=[N+](C1=CC=C(CBr)C=C1)[O-];0;0;1;0;1
2563;2564;46;O=[N+](C1=CC=C(CBr)C=C1)[O-];0;0;0.990099;0.009901;1
2564;2565;46;O=[N+](C1=CC=C(CBr)C=C1)[O-];0;0;0.980392;0.019608;1
2565;2566;46;O=[N+](C1=CC=C(CBr)C=C1)[O-];0;0;0.967742;0.032258;1
2566;2567;46;O=[N+](C1=CC=C(CBr)C=C1)[O-];0;0;0.952381;0.047619;1
2567;2568;46;O=[N+](C1=CC=C(CBr)C=C1)[O-];0;0;0.909091;0.090909;1
2568;2569;47;N#CC1=CC=C(I)C=C1;0;0;1;0;0.860358
2569;2570;47;N#CC1=CC=C(I)C=C1;0;0;0.990099;0.009901;0.8561
2570;2571;47;N#CC1=CC=C(I)C=C1;0;0;0.980392;0.019608;0.903703
2571;2572;47;N#CC1=CC=C(I)C=C1;0;0;0.967742;0.032258;0.919938
2572;2573;47;N#CC1=CC=C(I)C=C1;0;0;0.952381;0.047619;0.986291
2573;2574;47;N#CC1=CC=C(I)C=C1;0;0;0.909091;0.090909;0.996537
2574;2575;48;N#CC1=CC=C(N)C=C1;0;0;1;0;0.308438
2575;2576;48;N#CC1=CC=C(N)C=C1;0;0;0.990099;0.009901;0.329558
2576;2577;48;N#CC1=CC=C(N)C=C1;0;0;0.980392;0.019608;0.418782
2577;2578;48;N#CC1=CC=C(N)C=C1;0;0;0.967742;0.032258;0.583012
2578;2579;48;N#CC1=CC=C(N)C=C1;0;0;0.952381;0.047619;0.828631
2579;2580;48;N#CC1=CC=C(N)C=C1;0;0;0.909091;0.090909;0.833777
2580;2581;73;CC1=C(I)C=CC=C1F;0;0;1;0;1
2581;2582;73;CC1=C(I)C=CC=C1F;0;0;0.990099;0.009901;1
2582;2583;73;CC1=C(I)C=CC=C1F;0;0;0.980392;0.019608;1
2583;2584;73;CC1=C(I)C=CC=C1F;0;0;0.967742;0.032258;1
2584;2585;73;CC1=C(I)C=CC=C1F;0;0;0.952381;0.047619;1
2585;2586;73;CC1=C(I)C=CC=C1F;0;0;0.909091;0.090909;1
2586;2587;74;IC1=CC(Cl)=CC(Cl)=C1;0;0;1;0;1
2587;2588;74;IC1=CC(Cl)=CC(Cl)=C1;0;0;0.990099;0.009901;1
2588;2589;74;IC1=CC(Cl)=CC(Cl)=C1;0;0;0.980392;0.019608;1
2589;2590;74;IC1=CC(Cl)=CC(Cl)=C1;0;0;0.967742;0.032258;1
2590;2591;74;IC1=CC(Cl)=CC(Cl)=C1;0;0;0.952381;0.047619;1
2591;2592;74;IC1=CC(Cl)=CC(Cl)=C1;0;0;0.909091;0.090909;1
2592;2593;75;IC1=CC=CC=C1Cl;0;0;1;0;1
2593;2594;75;IC1=CC=CC=C1Cl;0;0;0.990099;0.009901;1
2594;2595;75;IC1=CC=CC=C1Cl;0;0;0.980392;0.019608;1
2595;2596;75;IC1=CC=CC=C1Cl;0;0;0.967742;0.032258;1
2596;2597;75;IC1=CC=CC=C1Cl;0;0;0.952381;0.047619;1
2597;2598;75;IC1=CC=CC=C1Cl;0;0;0.909091;0.090909;1
2598;2599;76;O=[N+](C1=CC=C(I)C=C1)[O-];0;0;1;0;1
2599;2600;76;O=[N+](C1=CC=C(I)C=C1)[O-];0;0;0.990099;0.009901;1
2600;2601;76;O=[N+](C1=CC=C(I)C=C1)[O-];0;0;0.980392;0.019608;1
2601;2602;76;O=[N+](C1=CC=C(I)C=C1)[O-];0;0;0.967742;0.032258;1
2602;2603;76;O=[N+](C1=CC=C(I)C=C1)[O-];0;0;0.952381;0.047619;1
2603;2604;76;O=[N+](C1=CC=C(I)C=C1)[O-];0;0;0.909091;0.090909;1
2604;2605;77;CC1=CC=C(I)C=C1;0;0;1;0;1
2605;2606;77;CC1=CC=C(I)C=C1;0;0;0.990099;0.009901;1
2606;2607;77;CC1=CC=C(I)C=C1;0;0;0.980392;0.019608;1
2607;2608;77;CC1=CC=C(I)C=C1;0;0;0.967742;0.032258;1
2608;2609;77;CC1=CC=C(I)C=C1;0;0;0.952381;0.047619;1
2609;2610;77;CC1=CC=C(I)C=C1;0;0;0.909091;0.090909;1
2610;2611;78;CC1=CC=C(I)C(C)=C1;0;0;1;0;1
2611;2612;78;CC1=CC=C(I)C(C)=C1;0;0;0.990099;0.009901;1
2612;2613;78;CC1=CC=C(I)C(C)=C1;0;0;0.980392;0.019608;1
2613;2614;78;CC1=CC=C(I)C(C)=C1;0;0;0.967742;0.032258;1
2614;2615;78;CC1=CC=C(I)C(C)=C1;0;0;0.952381;0.047619;1
2615;2616;78;CC1=CC=C(I)C(C)=C1;0;0;0.909091;0.090909;1
2616;2617;79;C[Si](C)(CI)C;0;0;1;0;1
2617;2618;79;C[Si](C)(CI)C;0;0;0.990099;0.009901;1
2618;2619;79;C[Si](C)(CI)C;0;0;0.980392;0.019608;1
2619;2620;79;C[Si](C)(CI)C;0;0;0.967742;0.032258;1
2620;2621;79;C[Si](C)(CI)C;0;0;0.952381;0.047619;1
2621;2622;79;C[Si](C)(CI)C;0;0;0.909091;0.090909;1
2622;2623;80;IC1=CC=C(Cl)C=C1Br;0;0;1;0;1
2623;2624;80;IC1=CC=C(Cl)C=C1Br;0;0;0.990099;0.009901;1
2624;2625;80;IC1=CC=C(Cl)C=C1Br;0;0;0.980392;0.019608;1
2625;2626;80;IC1=CC=C(Cl)C=C1Br;0;0;0.967742;0.032258;1
2626;2627;80;IC1=CC=C(Cl)C=C1Br;0;0;0.952381;0.047619;1
2627;2628;80;IC1=CC=C(Cl)C=C1Br;0;0;0.909091;0.090909;1
2628;2629;81;CC(C1=CC=CC=C1I)=O;0;0;1;0;0.676693
2629;2630;81;CC(C1=CC=CC=C1I)=O;0;0;0.990099;0.009901;0.750614
2630;2631;81;CC(C1=CC=CC=C1I)=O;0;0;0.980392;0.019608;0.834888
2631;2632;81;CC(C1=CC=CC=C1I)=O;0;0;0.967742;0.032258;0.873725
2632;2633;81;CC(C1=CC=CC=C1I)=O;0;0;0.952381;0.047619;0.947493
2633;2634;81;CC(C1=CC=CC=C1I)=O;0;0;0.909091;0.090909;1
2634;2635;82;CC1=CC=C(F)C=C1I;0;0;1;0;1
2635;2636;82;CC1=CC=C(F)C=C1I;0;0;0.990099;0.009901;1
2636;2637;82;CC1=CC=C(F)C=C1I;0;0;0.980392;0.019608;1
2637;2638;82;CC1=CC=C(F)C=C1I;0;0;0.967742;0.032258;1
2638;2639;82;CC1=CC=C(F)C=C1I;0;0;0.952381;0.047619;1
2639;2640;82;CC1=CC=C(F)C=C1I;0;0;0.909091;0.090909;1
2640;2641;84;CC1=C(C)C(I)=CC=C1;0;0;1;0;1
2641;2642;84;CC1=C(C)C(I)=CC=C1;0;0;0.990099;0.009901;1
2642;2643;84;CC1=C(C)C(I)=CC=C1;0;0;0.980392;0.019608;1
2643;2644;84;CC1=C(C)C(I)=CC=C1;0;0;0.967742;0.032258;1
2644;2645;84;CC1=C(C)C(I)=CC=C1;0;0;0.952381;0.047619;1
2645;2646;84;CC1=C(C)C(I)=CC=C1;0;0;0.909091;0.090909;1
2646;2647;85;O=[N+](C1=CC=C(I)C(Cl)=C1)[O-];0;0;1;0;1
2647;2648;85;O=[N+](C1=CC=C(I)C(Cl)=C1)[O-];0;0;0.990099;0.009901;1
2648;2649;85;O=[N+](C1=CC=C(I)C(Cl)=C1)[O-];0;0;0.980392;0.019608;1
2649;2650;85;O=[N+](C1=CC=C(I)C(Cl)=C1)[O-];0;0;0.967742;0.032258;1
2650;2651;85;O=[N+](C1=CC=C(I)C(Cl)=C1)[O-];0;0;0.952381;0.047619;1
2651;2652;85;O=[N+](C1=CC=C(I)C(Cl)=C1)[O-];0;0;0.909091;0.090909;1
2652;2653;86;CC1=CC=C(C)C(I)=C1;0;0;1;0;1
2653;2654;86;CC1=CC=C(C)C(I)=C1;0;0;0.990099;0.009901;1
2654;2655;86;CC1=CC=C(C)C(I)=C1;0;0;0.980392;0.019608;1
2655;2656;86;CC1=CC=C(C)C(I)=C1;0;0;0.967742;0.032258;1
2656;2657;86;CC1=CC=C(C)C(I)=C1;0;0;0.952381;0.047619;1
2657;2658;86;CC1=CC=C(C)C(I)=C1;0;0;0.909091;0.090909;1
2658;2659;87;COC1=CC=C(I)C=C1;0;0;1;0;1
2659;2660;87;COC1=CC=C(I)C=C1;0;0;0.990099;0.009901;1
2660;2661;87;COC1=CC=C(I)C=C1;0;0;0.980392;0.019608;1
2661;2662;87;COC1=CC=C(I)C=C1;0;0;0.967742;0.032258;1
2662;2663;87;COC1=CC=C(I)C=C1;0;0;0.952381;0.047619;1
2663;2664;87;COC1=CC=C(I)C=C1;0;0;0.909091;0.090909;1
2664;2665;88;CC1=CC(I)=CC=C1C;0;0;1;0;1
2665;2666;88;CC1=CC(I)=CC=C1C;0;0;0.990099;0.009901;1
2666;2667;88;CC1=CC(I)=CC=C1C;0;0;0.980392;0.019608;1
2667;2668;88;CC1=CC(I)=CC=C1C;0;0;0.967742;0.032258;1
2668;2669;88;CC1=CC(I)=CC=C1C;0;0;0.952381;0.047619;1
2669;2670;88;CC1=CC(I)=CC=C1C;0;0;0.909091;0.090909;1
2670;2671;89;IC1=CC=CC=C1C2=CC=CC=C2;0;0;1;0;1
2671;2672;89;IC1=CC=CC=C1C2=CC=CC=C2;0;0;0.990099;0.009901;1
2672;2673;89;IC1=CC=CC=C1C2=CC=CC=C2;0;0;0.980392;0.019608;1
2673;2674;89;IC1=CC=CC=C1C2=CC=CC=C2;0;0;0.967742;0.032258;1
2674;2675;89;IC1=CC=CC=C1C2=CC=CC=C2;0;0;0.952381;0.047619;1
2675;2676;89;IC1=CC=CC=C1C2=CC=CC=C2;0;0;0.909091;0.090909;1
2676;2677;90;IC1=CC(Cl)=CC(Cl)=C1;0;0;1;0;1
2677;2678;90;IC1=CC(Cl)=CC(Cl)=C1;0;0;0.990099;0.009901;1
2678;2679;90;IC1=CC(Cl)=CC(Cl)=C1;0;0;0.980392;0.019608;1
2679;2680;90;IC1=CC(Cl)=CC(Cl)=C1;0;0;0.967742;0.032258;1
2680;2681;90;IC1=CC(Cl)=CC(Cl)=C1;0;0;0.952381;0.047619;1
2681;2682;90;IC1=CC(Cl)=CC(Cl)=C1;0;0;0.909091;0.090909;1
2682;2683;91;O=C(OC(C1=CC=C(F)C=C1)=C)OC(C)(C)C;0;0;1;0;1
2683;2684;91;O=C(OC(C1=CC=C(F)C=C1)=C)OC(C)(C)C;0;0;0.990099;0.009901;1
2684;2685;91;O=C(OC(C1=CC=C(F)C=C1)=C)OC(C)(C)C;0;0;0.980392;0.019608;1
2685;2686;91;O=C(OC(C1=CC=C(F)C=C1)=C)OC(C)(C)C;0;0;0.967742;0.032258;1
2686;2687;91;O=C(OC(C1=CC=C(F)C=C1)=C)OC(C)(C)C;0;0;0.952381;0.047619;1
2687;2688;91;O=C(OC(C1=CC=C(F)C=C1)=C)OC(C)(C)C;0;0;0.909091;0.090909;1
2688;2689;92;COC1=CC=C(I)C=C1;0;0;1;0;1
2689;2690;92;COC1=CC=C(I)C=C1;0;0;0.990099;0.009901;1
2690;2691;92;COC1=CC=C(I)C=C1;0;0;0.980392;0.019608;1
2691;2692;92;COC1=CC=C(I)C=C1;0;0;0.967742;0.032258;1
2692;2693;92;COC1=CC=C(I)C=C1;0;0;0.952381;0.047619;1
2693;2694;92;COC1=CC=C(I)C=C1;0;0;0.909091;0.090909;1
2694;2695;93;CC1=CC=C(F)C(I)=C1;0;0;1;0;1
2695;2696;93;CC1=CC=C(F)C(I)=C1;0;0;0.990099;0.009901;1
2696;2697;93;CC1=CC=C(F)C(I)=C1;0;0;0.980392;0.019608;1
2697;2698;93;CC1=CC=C(F)C(I)=C1;0;0;0.967742;0.032258;1
2698;2699;93;CC1=CC=C(F)C(I)=C1;0;0;0.952381;0.047619;1
2699;2700;93;CC1=CC=C(F)C(I)=C1;0;0;0.909091;0.090909;1
2700;2701;94;N#CC1=CC=C(I)C=C1;0;0;1;0;0.807997
2701;2702;94;N#CC1=CC=C(I)C=C1;0;0;0.990099;0.009901;0.81433
2702;2703;94;N#CC1=CC=C(I)C=C1;0;0;0.980392;0.019608;0.83658
2703;2704;94;N#CC1=CC=C(I)C=C1;0;0;0.967742;0.032258;0.895346
2704;2705;94;N#CC1=CC=C(I)C=C1;0;0;0.952381;0.047619;0.967402
2705;2706;94;N#CC1=CC=C(I)C=C1;0;0;0.909091;0.090909;1
2706;2707;95;FC(C1=CC=C(I)C=C1)(F)F;0;0;1;0;1
2707;2708;95;FC(C1=CC=C(I)C=C1)(F)F;0;0;0.990099;0.009901;1
2708;2709;95;FC(C1=CC=C(I)C=C1)(F)F;0;0;0.980392;0.019608;1
2709;2710;95;FC(C1=CC=C(I)C=C1)(F)F;0;0;0.967742;0.032258;1
2710;2711;95;FC(C1=CC=C(I)C=C1)(F)F;0;0;0.952381;0.047619;1
2711;2712;95;FC(C1=CC=C(I)C=C1)(F)F;0;0;0.909091;0.090909;1
2712;2713;96;O=C(OCC)C1=CC=C(I)C=C1;0;0;1;0;0.80433
2713;2714;96;O=C(OCC)C1=CC=C(I)C=C1;0;0;0.990099;0.009901;0.808036
2714;2715;96;O=C(OCC)C1=CC=C(I)C=C1;0;0;0.980392;0.019608;0.828409
2715;2716;96;O=C(OCC)C1=CC=C(I)C=C1;0;0;0.967742;0.032258;0.918239
2716;2717;96;O=C(OCC)C1=CC=C(I)C=C1;0;0;0.952381;0.047619;0.973922
2717;2718;96;O=C(OCC)C1=CC=C(I)C=C1;0;0;0.909091;0.090909;0.993145
2718;2719;97;FC(F)(F)OC1=CC=C(I)C=C1;0;0;1;0;1
2719;2720;97;FC(F)(F)OC1=CC=C(I)C=C1;0;0;0.990099;0.009901;1
2720;2721;97;FC(F)(F)OC1=CC=C(I)C=C1;0;0;0.980392;0.019608;1
2721;2722;97;FC(F)(F)OC1=CC=C(I)C=C1;0;0;0.967742;0.032258;1
2722;2723;97;FC(F)(F)OC1=CC=C(I)C=C1;0;0;0.952381;0.047619;1
2723;2724;97;FC(F)(F)OC1=CC=C(I)C=C1;0;0;0.909091;0.090909;1
2724;2725;98;IC1=CC=CC=C1Br;0;0;1;0;1
2725;2726;98;IC1=CC=CC=C1Br;0;0;0.990099;0.009901;1
2726;2727;98;IC1=CC=CC=C1Br;0;0;0.980392;0.019608;1
2727;2728;98;IC1=CC=CC=C1Br;0;0;0.967742;0.032258;1
2728;2729;98;IC1=CC=CC=C1Br;0;0;0.952381;0.047619;1
2729;2730;98;IC1=CC=CC=C1Br;0;0;0.909091;0.090909;1
2730;2731;99;O=C(OC)CC1=CC=C(OC)C=C1;0;0;1;0;0.434376
2731;2732;99;O=C(OC)CC1=CC=C(OC)C=C1;0;0;0.990099;0.009901;0.550949
2732;2733;99;O=C(OC)CC1=CC=C(OC)C=C1;0;0;0.980392;0.019608;0.724955
2733;2734;99;O=C(OC)CC1=CC=C(OC)C=C1;0;0;0.967742;0.032258;0.81515
2734;2735;99;O=C(OC)CC1=CC=C(OC)C=C1;0;0;0.952381;0.047619;0.922772
2735;2736;99;O=C(OC)CC1=CC=C(OC)C=C1;0;0;0.909091;0.090909;0.993215
2736;2737;100;CC(OC1=CC=CC=C1)=O;0;0;1;0;0.707865
2737;2738;100;CC(OC1=CC=CC=C1)=O;0;0;0.990099;0.009901;0.785097
2738;2739;100;CC(OC1=CC=CC=C1)=O;0;0;0.980392;0.019608;0.867448
2739;2740;100;CC(OC1=CC=CC=C1)=O;0;0;0.967742;0.032258;0.939446
2740;2741;100;CC(OC1=CC=CC=C1)=O;0;0;0.952381;0.047619;0.983911
2741;2742;100;CC(OC1=CC=CC=C1)=O;0;0;0.909091;0.090909;0.993215
2742;2743;101;O=C(OC)CC1=CC=C(C(C)(C)C)C=C1;0;0;1;0;0.773719
2743;2744;101;O=C(OC)CC1=CC=C(C(C)(C)C)C=C1;0;0;0.990099;0.009901;0.776532
2744;2745;101;O=C(OC)CC1=CC=C(C(C)(C)C)C=C1;0;0;0.980392;0.019608;0.924034
2745;2746;101;O=C(OC)CC1=CC=C(C(C)(C)C)C=C1;0;0;0.967742;0.032258;0.947673
2746;2747;101;O=C(OC)CC1=CC=C(C(C)(C)C)C=C1;0;0;0.952381;0.047619;0.990347
2747;2748;101;O=C(OC)CC1=CC=C(C(C)(C)C)C=C1;0;0;0.909091;0.090909;0.993438
2748;2749;102;O=C(OCC)C1=CC=CC([N+]([O-])=O)=C1;0;0;1;0;0.700416
2749;2750;102;O=C(OCC)C1=CC=CC([N+]([O-])=O)=C1;0;0;0.990099;0.009901;0.737668
2750;2751;102;O=C(OCC)C1=CC=CC([N+]([O-])=O)=C1;0;0;0.980392;0.019608;0.848069
2751;2752;102;O=C(OCC)C1=CC=CC([N+]([O-])=O)=C1;0;0;0.967742;0.032258;0.905157
2752;2753;102;O=C(OCC)C1=CC=CC([N+]([O-])=O)=C1;0;0;0.952381;0.047619;0.967822
2753;2754;102;O=C(OCC)C1=CC=CC([N+]([O-])=O)=C1;0;0;0.909091;0.090909;0.980313
2754;2755;103;CC(C1=NC(C(C)=O)=CC=C1)=O;0;0;1;0;0.231918
2755;2756;103;CC(C1=NC(C(C)=O)=CC=C1)=O;0;0;0.990099;0.009901;0.303685
2756;2757;103;CC(C1=NC(C(C)=O)=CC=C1)=O;0;0;0.980392;0.019608;0.534298
2757;2758;103;CC(C1=NC(C(C)=O)=CC=C1)=O;0;0;0.967742;0.032258;0.689307
2758;2759;103;CC(C1=NC(C(C)=O)=CC=C1)=O;0;0;0.952381;0.047619;0.842326
2759;2760;103;CC(C1=NC(C(C)=O)=CC=C1)=O;0;0;0.909091;0.090909;0.891721
2760;2761;104;O=C1C(C)=CC(C2=C1C=CC=C2)=O;0;0;1;0;0.506005
2761;2762;104;O=C1C(C)=CC(C2=C1C=CC=C2)=O;0;0;0.990099;0.009901;0.58545
2762;2763;104;O=C1C(C)=CC(C2=C1C=CC=C2)=O;0;0;0.980392;0.019608;0.735772
2763;2764;104;O=C1C(C)=CC(C2=C1C=CC=C2)=O;0;0;0.967742;0.032258;0.888805
2764;2765;104;O=C1C(C)=CC(C2=C1C=CC=C2)=O;0;0;0.952381;0.047619;0.977475
2765;2766;104;O=C1C(C)=CC(C2=C1C=CC=C2)=O;0;0;0.909091;0.090909;0.993438
2766;2767;105;CC(C1=CC=NC=C1)=O;0;0;1;0;0.085392
2767;2768;105;CC(C1=CC=NC=C1)=O;0;0;0.990099;0.009901;0.091746
2768;2769;105;CC(C1=CC=NC=C1)=O;0;0;0.980392;0.019608;0.132223
2769;2770;105;CC(C1=CC=NC=C1)=O;0;0;0.967742;0.032258;0.327358
2770;2771;105;CC(C1=CC=NC=C1)=O;0;0;0.952381;0.047619;0.562779
2771;2772;105;CC(C1=CC=NC=C1)=O;0;0;0.909091;0.090909;0.720321
2772;2773;108;CC(C1=C2C=CC=CC2=CC=C1)=O;0;0;1;0;0.622227
2773;2774;108;CC(C1=C2C=CC=CC2=CC=C1)=O;0;0;0.990099;0.009901;0.681254
2774;2775;108;CC(C1=C2C=CC=CC2=CC=C1)=O;0;0;0.980392;0.019608;0.72404
2775;2776;108;CC(C1=C2C=CC=CC2=CC=C1)=O;0;0;0.967742;0.032258;0.885159
2776;2777;108;CC(C1=C2C=CC=CC2=CC=C1)=O;0;0;0.952381;0.047619;0.961136
2777;2778;108;CC(C1=C2C=CC=CC2=CC=C1)=O;0;0;0.909091;0.090909;1
2778;2779;109;CC1=CC=C(C=C1)NC;0;0;1;0;0.411896
2779;2780;109;CC1=CC=C(C=C1)NC;0;0;0.990099;0.009901;0.444386
2780;2781;109;CC1=CC=C(C=C1)NC;0;0;0.980392;0.019608;0.497911
2781;2782;109;CC1=CC=C(C=C1)NC;0;0;0.967742;0.032258;0.658757
2782;2783;109;CC1=CC=C(C=C1)NC;0;0;0.952381;0.047619;0.842503
2783;2784;109;CC1=CC=C(C=C1)NC;0;0;0.909091;0.090909;0.906595
2784;2785;110;NC1=CC=C(C2=CC=CC=C2)C=C1;0;0;1;0;0.379404
2785;2786;110;NC1=CC=C(C2=CC=CC=C2)C=C1;0;0;0.990099;0.009901;0.410915
2786;2787;110;NC1=CC=C(C2=CC=CC=C2)C=C1;0;0;0.980392;0.019608;0.443631
2787;2788;110;NC1=CC=C(C2=CC=CC=C2)C=C1;0;0;0.967742;0.032258;0.612821
2788;2789;110;NC1=CC=C(C2=CC=CC=C2)C=C1;0;0;0.952381;0.047619;0.760474
2789;2790;110;NC1=CC=C(C2=CC=CC=C2)C=C1;0;0;0.909091;0.090909;0.819861
2790;2791;112;O=S(C1=CC=CC=C1C)(Cl)=O;0;0;1;0;1
2791;2792;112;O=S(C1=CC=CC=C1C)(Cl)=O;0;0;0.990099;0.009901;1
2792;2793;112;O=S(C1=CC=CC=C1C)(Cl)=O;0;0;0.980392;0.019608;1
2793;2794;112;O=S(C1=CC=CC=C1C)(Cl)=O;0;0;0.967742;0.032258;1
2794;2795;112;O=S(C1=CC=CC=C1C)(Cl)=O;0;0;0.952381;0.047619;1
2795;2796;112;O=S(C1=CC=CC=C1C)(Cl)=O;0;0;0.909091;0.090909;1
2796;2797;113;COC1=CC(C2=NC=CC(OC)=C2)=NC=C1;0;0;1;0;0.045029
2797;2798;113;COC1=CC(C2=NC=CC(OC)=C2)=NC=C1;0;0;0.990099;0.009901;0.049397
2798;2799;113;COC1=CC(C2=NC=CC(OC)=C2)=NC=C1;0;0;0.980392;0.019608;0.049447
2799;2800;113;COC1=CC(C2=NC=CC(OC)=C2)=NC=C1;0;0;0.967742;0.032258;0.04994
2800;2801;113;COC1=CC(C2=NC=CC(OC)=C2)=NC=C1;0;0;0.952381;0.047619;0.204688
2801;2802;113;COC1=CC(C2=NC=CC(OC)=C2)=NC=C1;0;0;0.909091;0.090909;0.400206
2802;2803;114;N#CC1=C2C=CC=CC2=CC=C1;0;0;1;0;0.862641
2803;2804;114;N#CC1=C2C=CC=CC2=CC=C1;0;0;0.990099;0.009901;0.869026
2804;2805;114;N#CC1=C2C=CC=CC2=CC=C1;0;0;0.980392;0.019608;0.869951
2805;2806;114;N#CC1=C2C=CC=CC2=CC=C1;0;0;0.967742;0.032258;0.933724
2806;2807;114;N#CC1=C2C=CC=CC2=CC=C1;0;0;0.952381;0.047619;0.980117
2807;2808;114;N#CC1=C2C=CC=CC2=CC=C1;0;0;0.909091;0.090909;0.986521
2808;2809;115;NC1=CC=C(C2=CC=CC=C2)C=C1;0;0;1;0;0.380156
2809;2810;115;NC1=CC=C(C2=CC=CC=C2)C=C1;0;0;0.990099;0.009901;0.38207
2810;2811;115;NC1=CC=C(C2=CC=CC=C2)C=C1;0;0;0.980392;0.019608;0.388787
2811;2812;115;NC1=CC=C(C2=CC=CC=C2)C=C1;0;0;0.967742;0.032258;0.622227
2812;2813;115;NC1=CC=C(C2=CC=CC=C2)C=C1;0;0;0.952381;0.047619;0.787917
2813;2814;115;NC1=CC=C(C2=CC=CC=C2)C=C1;0;0;0.909091;0.090909;0.81467
2814;2815;116;N#CC1=CC=C(F)C=C1;0;0;1;0;0.78415
2815;2816;116;N#CC1=CC=C(F)C=C1;0;0;0.990099;0.009901;0.818651
2816;2817;116;N#CC1=CC=C(F)C=C1;0;0;0.980392;0.019608;0.835443
2817;2818;116;N#CC1=CC=C(F)C=C1;0;0;0.967742;0.032258;0.920469
2818;2819;116;N#CC1=CC=C(F)C=C1;0;0;0.952381;0.047619;0.990059
2819;2820;116;N#CC1=CC=C(F)C=C1;0;0;0.909091;0.090909;1
2820;2821;117;OC1=C2C=CC=CC2=CC=C1;0;0;1;0;0.517783
2821;2822;117;OC1=C2C=CC=CC2=CC=C1;0;0;0.990099;0.009901;0.54363
2822;2823;117;OC1=C2C=CC=CC2=CC=C1;0;0;0.980392;0.019608;0.606363
2823;2824;117;OC1=C2C=CC=CC2=CC=C1;0;0;0.967742;0.032258;0.642589
2824;2825;117;OC1=C2C=CC=CC2=CC=C1;0;0;0.952381;0.047619;0.746423
2825;2826;117;OC1=C2C=CC=CC2=CC=C1;0;0;0.909091;0.090909;0.864002
2826;2827;118;NC1=CC=C(Cl)C=C1I;0;0;1;0;0.844766
2827;2828;118;NC1=CC=C(Cl)C=C1I;0;0;0.990099;0.009901;0.85331
2828;2829;118;NC1=CC=C(Cl)C=C1I;0;0;0.980392;0.019608;0.873236
2829;2830;118;NC1=CC=C(Cl)C=C1I;0;0;0.967742;0.032258;0.889527
2830;2831;118;NC1=CC=C(Cl)C=C1I;0;0;0.952381;0.047619;0.939142
2831;2832;118;NC1=CC=C(Cl)C=C1I;0;0;0.909091;0.090909;0.982564
2832;2833;119;N#CCC1=CC=CC=C1Br;0;0;1;0;0.821646
2833;2834;119;N#CCC1=CC=CC=C1Br;0;0;0.990099;0.009901;0.84679
2834;2835;119;N#CCC1=CC=CC=C1Br;0;0;0.980392;0.019608;0.863228
2835;2836;119;N#CCC1=CC=CC=C1Br;0;0;0.967742;0.032258;0.889527
2836;2837;119;N#CCC1=CC=CC=C1Br;0;0;0.952381;0.047619;0.962809
2837;2838;119;N#CCC1=CC=CC=C1Br;0;0;0.909091;0.090909;1
2838;2839;121;NC1=CC=C(C(C)C)C=C1;0;0;1;0;0.265682
2839;2840;121;NC1=CC=C(C(C)C)C=C1;0;0;0.990099;0.009901;0.331774
2840;2841;121;NC1=CC=C(C(C)C)C=C1;0;0;0.980392;0.019608;0.483159
2841;2842;121;NC1=CC=C(C(C)C)C=C1;0;0;0.967742;0.032258;0.647758
2842;2843;121;NC1=CC=C(C(C)C)C=C1;0;0;0.952381;0.047619;0.774339
2843;2844;121;NC1=CC=C(C(C)C)C=C1;0;0;0.909091;0.090909;0.888048
2844;2845;123;N#CC1=CC=CC(OC)=C1;0;0;1;0;0.779055
2845;2846;123;N#CC1=CC=CC(OC)=C1;0;0;0.990099;0.009901;0.811362
2846;2847;123;N#CC1=CC=CC(OC)=C1;0;0;0.980392;0.019608;0.874905
2847;2848;123;N#CC1=CC=CC(OC)=C1;0;0;0.967742;0.032258;0.944036
2848;2849;123;N#CC1=CC=CC(OC)=C1;0;0;0.952381;0.047619;0.980377
2849;2850;123;N#CC1=CC=CC(OC)=C1;0;0;0.909091;0.090909;0.98643
2850;2851;124;O=S(C(F)(F)F)(N(C1=CC=CC=C1)S(=O)(C(F)(F)F)=O)=O;0;0;1;0;0.850537
2851;2852;124;O=S(C(F)(F)F)(N(C1=CC=CC=C1)S(=O)(C(F)(F)F)=O)=O;0;0;0.990099;0.009901;0.868913
2852;2853;124;O=S(C(F)(F)F)(N(C1=CC=CC=C1)S(=O)(C(F)(F)F)=O)=O;0;0;0.980392;0.019608;0.937452
2853;2854;124;O=S(C(F)(F)F)(N(C1=CC=CC=C1)S(=O)(C(F)(F)F)=O)=O;0;0;0.967742;0.032258;0.973664
2854;2855;124;O=S(C(F)(F)F)(N(C1=CC=CC=C1)S(=O)(C(F)(F)F)=O)=O;0;0;0.952381;0.047619;0.990189
2855;2856;124;O=S(C(F)(F)F)(N(C1=CC=CC=C1)S(=O)(C(F)(F)F)=O)=O;0;0;0.909091;0.090909;1
2856;2857;126;CNC1=CC=C(Cl)C=C1;0;0;1;0;0.960234
2857;2858;126;CNC1=CC=C(Cl)C=C1;0;0;0.990099;0.009901;0.967613
2858;2859;126;CNC1=CC=C(Cl)C=C1;0;0;0.980392;0.019608;1
2859;2860;126;CNC1=CC=C(Cl)C=C1;0;0;0.967742;0.032258;1
2860;2861;126;CNC1=CC=C(Cl)C=C1;0;0;0.952381;0.047619;1
2861;2862;126;CNC1=CC=C(Cl)C=C1;0;0;0.909091;0.090909;1
2862;2863;130;O=C(O)C1=CC=CC=C1;0;0;1;0;0.09966
2863;2864;130;O=C(O)C1=CC=CC=C1;0;0;0.990099;0.009901;0.128047
2864;2865;130;O=C(O)C1=CC=CC=C1;0;0;0.980392;0.019608;0.162521
2865;2866;130;O=C(O)C1=CC=CC=C1;0;0;0.967742;0.032258;0.278343
2866;2867;130;O=C(O)C1=CC=CC=C1;0;0;0.952381;0.047619;0.504696
2867;2868;130;O=C(O)C1=CC=CC=C1;0;0;0.909091;0.090909;0.674731
2868;2869;132;O=C(O)CC1=CC=CC=C1C;0;0;1;0;0.060838
2869;2870;132;O=C(O)CC1=CC=CC=C1C;0;0;0.990099;0.009901;0.068595
2870;2871;132;O=C(O)CC1=CC=CC=C1C;0;0;0.980392;0.019608;0.127771
2871;2872;132;O=C(O)CC1=CC=CC=C1C;0;0;0.967742;0.032258;0.223879
2872;2873;132;O=C(O)CC1=CC=CC=C1C;0;0;0.952381;0.047619;0.518266
2873;2874;132;O=C(O)CC1=CC=CC=C1C;0;0;0.909091;0.090909;0.706901
2874;2875;143;O=C(OC(C1=CC=CC=C1)=O)C2=CC=CC=C2;0;0;1;0;0.689646
2875;2876;143;O=C(OC(C1=CC=CC=C1)=O)C2=CC=CC=C2;0;0;0.990099;0.009901;0.72369
2876;2877;143;O=C(OC(C1=CC=CC=C1)=O)C2=CC=CC=C2;0;0;0.980392;0.019608;0.781289
2877;2878;143;O=C(OC(C1=CC=CC=C1)=O)C2=CC=CC=C2;0;0;0.967742;0.032258;0.860358
2878;2879;143;O=C(OC(C1=CC=CC=C1)=O)C2=CC=CC=C2;0;0;0.952381;0.047619;0.986196
2879;2880;143;O=C(OC(C1=CC=CC=C1)=O)C2=CC=CC=C2;0;0;0.909091;0.090909;0.996451
2880;2881;144;CC(C1=CC=C(O)C(OC)=C1)=O;0;0;1;0;0.141776
2881;2882;144;CC(C1=CC=C(O)C(OC)=C1)=O;0;0;0.990099;0.009901;0.160962
2882;2883;144;CC(C1=CC=C(O)C(OC)=C1)=O;0;0;0.980392;0.019608;0.208002
2883;2884;144;CC(C1=CC=C(O)C(OC)=C1)=O;0;0;0.967742;0.032258;0.361635
2884;2885;144;CC(C1=CC=C(O)C(OC)=C1)=O;0;0;0.952381;0.047619;0.685956
2885;2886;144;CC(C1=CC=C(O)C(OC)=C1)=O;0;0;0.909091;0.090909;0.776412
2886;2887;145;O=C(O)C(Br)C1=CC=CC=C1;0;0;1;0;0.054711
2887;2888;145;O=C(O)C(Br)C1=CC=CC=C1;0;0;0.990099;0.009901;0.123211
2888;2889;145;O=C(O)C(Br)C1=CC=CC=C1;0;0;0.980392;0.019608;0.20131
2889;2890;145;O=C(O)C(Br)C1=CC=CC=C1;0;0;0.967742;0.032258;0.215603
2890;2891;145;O=C(O)C(Br)C1=CC=CC=C1;0;0;0.952381;0.047619;0.348043
2891;2892;145;O=C(O)C(Br)C1=CC=CC=C1;0;0;0.909091;0.090909;0.493126
2892;2893;146;O=C(O)CC1=CC=CC(C)=C1;0;0;1;0;0.091661
2893;2894;146;O=C(O)CC1=CC=CC(C)=C1;0;0;0.990099;0.009901;0.166585
2894;2895;146;O=C(O)CC1=CC=CC(C)=C1;0;0;0.980392;0.019608;0.343369
2895;2896;146;O=C(O)CC1=CC=CC(C)=C1;0;0;0.967742;0.032258;0.360987
2896;2897;146;O=C(O)CC1=CC=CC(C)=C1;0;0;0.952381;0.047619;0.582747
2897;2898;146;O=C(O)CC1=CC=CC(C)=C1;0;0;0.909091;0.090909;0.67833
2898;2899;147;N[C@@H](C1=CC=CC=C1)[C@H](C2=CC=CC=C2)N;0;0;1;0;0.020841
2899;2900;147;N[C@@H](C1=CC=CC=C1)[C@H](C2=CC=CC=C2)N;0;0;0.990099;0.009901;0.029647
2900;2901;147;N[C@@H](C1=CC=CC=C1)[C@H](C2=CC=CC=C2)N;0;0;0.980392;0.019608;0.042658
2901;2902;147;N[C@@H](C1=CC=CC=C1)[C@H](C2=CC=CC=C2)N;0;0;0.967742;0.032258;0.056093
2902;2903;147;N[C@@H](C1=CC=CC=C1)[C@H](C2=CC=CC=C2)N;0;0;0.952381;0.047619;0.119858
2903;2904;148;O=C(O)CC1=C(C)C=C(C)C=C1C;0;0;1;0;0.073186
2904;2905;148;O=C(O)CC1=C(C)C=C(C)C=C1C;0;0;0.990099;0.009901;0.160389
2905;2906;148;O=C(O)CC1=C(C)C=C(C)C=C1C;0;0;0.980392;0.019608;0.35284
2906;2907;148;O=C(O)CC1=C(C)C=C(C)C=C1C;0;0;0.967742;0.032258;0.401559
2907;2908;148;O=C(O)CC1=C(C)C=C(C)C=C1C;0;0;0.952381;0.047619;0.602306
2908;2909;148;O=C(O)CC1=C(C)C=C(C)C=C1C;0;0;0.909091;0.090909;0.775806
2909;2910;149;CC(C)CC(O)=O;0;0;1;0;0.090225
2910;2911;149;CC(C)CC(O)=O;0;0;0.990099;0.009901;0.147275
2911;2912;149;CC(C)CC(O)=O;0;0;0.980392;0.019608;0.274537
2912;2913;149;CC(C)CC(O)=O;0;0;0.967742;0.032258;0.321621
2913;2914;149;CC(C)CC(O)=O;0;0;0.952381;0.047619;0.519371
2914;2915;149;CC(C)CC(O)=O;0;0;0.909091;0.090909;0.676417
2915;2916;152;O=C(C1=CC=CC=C1)C2=NC=CC=C2;0;0;1;0;0.187701
2916;2917;152;O=C(C1=CC=CC=C1)C2=NC=CC=C2;0;0;0.990099;0.009901;0.327474
2917;2918;152;O=C(C1=CC=CC=C1)C2=NC=CC=C2;0;0;0.980392;0.019608;0.623869
2918;2919;152;O=C(C1=CC=CC=C1)C2=NC=CC=C2;0;0;0.967742;0.032258;0.646985
2919;2920;152;O=C(C1=CC=CC=C1)C2=NC=CC=C2;0;0;0.952381;0.047619;0.818941
2920;2921;152;O=C(C1=CC=CC=C1)C2=NC=CC=C2;0;0;0.909091;0.090909;0.903259
2921;2922;153;CC(C1=CC=C2C=CC=CC2=C1)=O;0;0;1;0;0.525128
2922;2923;153;CC(C1=CC=C2C=CC=CC2=C1)=O;0;0;0.990099;0.009901;0.705281
2923;2924;153;CC(C1=CC=C2C=CC=CC2=C1)=O;0;0;0.980392;0.019608;0.839748
2924;2925;153;CC(C1=CC=C2C=CC=CC2=C1)=O;0;0;0.967742;0.032258;0.901565
2925;2926;153;CC(C1=CC=C2C=CC=CC2=C1)=O;0;0;0.952381;0.047619;0.956195
2926;2927;153;CC(C1=CC=C2C=CC=CC2=C1)=O;0;0;0.909091;0.090909;0.989857
2927;2928;156;CC(Br)C(C1=CC=CC=C1)=O;0;0;1;0;0.920323
2928;2929;156;CC(Br)C(C1=CC=CC=C1)=O;0;0;0.990099;0.009901;0.974091
2929;2930;156;CC(Br)C(C1=CC=CC=C1)=O;0;0;0.980392;0.019608;0.960626
2930;2931;156;CC(Br)C(C1=CC=CC=C1)=O;0;0;0.967742;0.032258;0.986918
2931;2932;156;CC(Br)C(C1=CC=CC=C1)=O;0;0;0.952381;0.047619;0.993261
2932;2933;156;CC(Br)C(C1=CC=CC=C1)=O;0;0;0.909091;0.090909;0.993238
2933;2934;158;CC(C1=CC=C(O)C=C1)=O;0;0;1;0;0.082078
2934;2935;158;CC(C1=CC=C(O)C=C1)=O;0;0;0.990099;0.009901;0.119081
2935;2936;158;CC(C1=CC=C(O)C=C1)=O;0;0;0.980392;0.019608;0.210618
2936;2937;158;CC(C1=CC=C(O)C=C1)=O;0;0;0.967742;0.032258;0.280792
2937;2938;158;CC(C1=CC=C(O)C=C1)=O;0;0;0.952381;0.047619;0.506371
2938;2939;158;CC(C1=CC=C(O)C=C1)=O;0;0;0.909091;0.090909;0.635449
2939;2940;159;N#CCC(C1=CC=CC=C1)=O;0;0;1;0;0.390261
2940;2941;159;N#CCC(C1=CC=CC=C1)=O;0;0;0.990099;0.009901;0.523915
2941;2942;159;N#CCC(C1=CC=CC=C1)=O;0;0;0.980392;0.019608;0.692835
2942;2943;159;N#CCC(C1=CC=CC=C1)=O;0;0;0.967742;0.032258;0.721816
2943;2944;159;N#CCC(C1=CC=CC=C1)=O;0;0;0.952381;0.047619;0.888426
2944;2945;159;N#CCC(C1=CC=CC=C1)=O;0;0;0.909091;0.090909;0.941534
2945;2946;160;O=C1CCC2=C1C=C(OC)C(OC)=C2;0;0;1;0;0.062195
2946;2947;160;O=C1CCC2=C1C=C(OC)C(OC)=C2;0;0;0.990099;0.009901;0.174139
2947;2948;160;O=C1CCC2=C1C=C(OC)C(OC)=C2;0;0;0.980392;0.019608;0.477556
2948;2949;160;O=C1CCC2=C1C=C(OC)C(OC)=C2;0;0;0.967742;0.032258;0.562549
2949;2950;160;O=C1CCC2=C1C=C(OC)C(OC)=C2;0;0;0.952381;0.047619;0.732899
2950;2951;160;O=C1CCC2=C1C=C(OC)C(OC)=C2;0;0;0.909091;0.090909;0.87619
2951;2952;162;O=CC1=CC=C(F)C([N+]([O-])=O)=C1;0;0;1;0;0.662128
2952;2953;162;O=CC1=CC=C(F)C([N+]([O-])=O)=C1;0;0;0.990099;0.009901;0.741635
2953;2954;162;O=CC1=CC=C(F)C([N+]([O-])=O)=C1;0;0;0.980392;0.019608;0.859892
2954;2955;162;O=CC1=CC=C(F)C([N+]([O-])=O)=C1;0;0;0.967742;0.032258;0.891511
2955;2956;162;O=CC1=CC=C(F)C([N+]([O-])=O)=C1;0;0;0.952381;0.047619;0.926364
2956;2957;162;O=CC1=CC=C(F)C([N+]([O-])=O)=C1;0;0;0.909091;0.090909;0.952017
2957;2958;163;CC(C(C1=CC=CC=C1)C2=CC=CC=C2)=O;0;0;1;0;0.716831
2958;2959;163;CC(C(C1=CC=CC=C1)C2=CC=CC=C2)=O;0;0;0.990099;0.009901;0.78415
2959;2960;163;CC(C(C1=CC=CC=C1)C2=CC=CC=C2)=O;0;0;0.980392;0.019608;0.873236
2960;2961;163;CC(C(C1=CC=CC=C1)C2=CC=CC=C2)=O;0;0;0.967742;0.032258;0.937572
2961;2962;163;CC(C(C1=CC=CC=C1)C2=CC=CC=C2)=O;0;0;0.952381;0.047619;0.973223
2962;2963;163;CC(C(C1=CC=CC=C1)C2=CC=CC=C2)=O;0;0;0.909091;0.090909;0.982863
2963;2964;164;CC(C1=CC=C(Cl)C(Cl)=C1)=O;0;0;1;0;0.761881
2964;2965;164;CC(C1=CC=C(Cl)C(Cl)=C1)=O;0;0;0.990099;0.009901;0.833207
2965;2966;164;CC(C1=CC=C(Cl)C(Cl)=C1)=O;0;0;0.980392;0.019608;0.906595
2966;2967;164;CC(C1=CC=C(Cl)C(Cl)=C1)=O;0;0;0.967742;0.032258;0.949694
2967;2968;164;CC(C1=CC=C(Cl)C(Cl)=C1)=O;0;0;0.952381;0.047619;0.979918
2968;2969;164;CC(C1=CC=C(Cl)C(Cl)=C1)=O;0;0;0.909091;0.090909;0.993145
2969;2970;166;O=CC1=CC=C2C=C(OC)C=CC2=C1;0;0;1;0;0.54805
2970;2971;166;O=CC1=CC=C2C=C(OC)C=CC2=C1;0;0;0.990099;0.009901;0.650062
2971;2972;166;O=CC1=CC=C2C=C(OC)C=CC2=C1;0;0;0.980392;0.019608;0.836048
2972;2973;166;O=CC1=CC=C2C=C(OC)C=CC2=C1;0;0;0.967742;0.032258;0.878444
2973;2974;166;O=CC1=CC=C2C=C(OC)C=CC2=C1;0;0;0.952381;0.047619;0.905967
2974;2975;166;O=CC1=CC=C2C=C(OC)C=CC2=C1;0;0;0.909091;0.090909;0.958008
2975;2976;167;CC(C1=CC=CC=C1O)=O;0;0;1;0;0.76434
2976;2977;167;CC(C1=CC=CC=C1O)=O;0;0;0.990099;0.009901;0.810314
2977;2978;167;CC(C1=CC=CC=C1O)=O;0;0;0.980392;0.019608;0.911193
2978;2979;167;CC(C1=CC=CC=C1O)=O;0;0;0.967742;0.032258;0.937507
2979;2980;167;CC(C1=CC=CC=C1O)=O;0;0;0.952381;0.047619;0.966417
2980;2981;167;CC(C1=CC=CC=C1O)=O;0;0;0.909091;0.090909;0.965007
2981;2982;168;CC(C1=CC=C(C2=CC=CC=C2)C=C1)=O;0;0;1;0;0.538365
2982;2983;168;CC(C1=CC=C(C2=CC=CC=C2)C=C1)=O;0;0;0.990099;0.009901;0.656603
2983;2984;168;CC(C1=CC=C(C2=CC=CC=C2)C=C1)=O;0;0;0.980392;0.019608;0.839464
2984;2985;168;CC(C1=CC=C(C2=CC=CC=C2)C=C1)=O;0;0;0.967742;0.032258;0.901348
2985;2986;168;CC(C1=CC=C(C2=CC=CC=C2)C=C1)=O;0;0;0.952381;0.047619;0.966417
2986;2987;168;CC(C1=CC=C(C2=CC=CC=C2)C=C1)=O;0;0;0.909091;0.090909;0.975505
2987;2988;169;CC(C1=CC=C(C(C)(C)C)C=C1)=O;0;0;1;0;0.513841
2988;2989;169;CC(C1=CC=C(C(C)(C)C)C=C1)=O;0;0;0.990099;0.009901;0.617837
2989;2990;169;CC(C1=CC=C(C(C)(C)C)C=C1)=O;0;0;0.980392;0.019608;0.753061
2990;2991;169;CC(C1=CC=C(C(C)(C)C)C=C1)=O;0;0;0.967742;0.032258;0.844544
2991;2992;169;CC(C1=CC=C(C(C)(C)C)C=C1)=O;0;0;0.952381;0.047619;0.92351
2992;2993;169;CC(C1=CC=C(C(C)(C)C)C=C1)=O;0;0;0.909091;0.090909;0.983265
2993;2994;170;O=C1CCC2=C1C=CC=C2;0;0;1;0;0.226565
2994;2995;170;O=C1CCC2=C1C=CC=C2;0;0;0.990099;0.009901;0.323118
2995;2996;170;O=C1CCC2=C1C=CC=C2;0;0;0.980392;0.019608;0.574355
2996;2997;170;O=C1CCC2=C1C=CC=C2;0;0;0.967742;0.032258;0.685849
2997;2998;170;O=C1CCC2=C1C=CC=C2;0;0;0.952381;0.047619;0.811963
2998;2999;170;O=C1CCC2=C1C=CC=C2;0;0;0.909091;0.090909;0.892894
2999;3000;172;CCCCC(C1=CC=CC=C1)=O;0;0;1;0;0.731665
3000;3001;172;CCCCC(C1=CC=CC=C1)=O;0;0;0.990099;0.009901;0.821873
3001;3002;172;CCCCC(C1=CC=CC=C1)=O;0;0;0.980392;0.019608;0.912272
3002;3003;172;CCCCC(C1=CC=CC=C1)=O;0;0;0.967742;0.032258;0.967613
3003;3004;172;CCCCC(C1=CC=CC=C1)=O;0;0;0.952381;0.047619;0.977691
3004;3005;172;CCCCC(C1=CC=CC=C1)=O;0;0;0.909091;0.090909;0.986612
3005;3006;173;O=C(OC)C1=CC=C(C(C)=O)C=C1;0;0;1;0;0.271348
3006;3007;173;O=C(OC)C1=CC=C(C(C)=O)C=C1;0;0;0.990099;0.009901;0.356659
3007;3008;173;O=C(OC)C1=CC=C(C(C)=O)C=C1;0;0;0.980392;0.019608;0.625125
3008;3009;173;O=C(OC)C1=CC=C(C(C)=O)C=C1;0;0;0.967742;0.032258;0.739799
3009;3010;173;O=C(OC)C1=CC=C(C(C)=O)C=C1;0;0;0.952381;0.047619;0.882063
3010;3011;173;O=C(OC)C1=CC=C(C(C)=O)C=C1;0;0;0.909091;0.090909;0.933282
3011;3012;174;O=CC1=CC=C(Cl)C=C1Br;0;0;1;0;0.881164
3012;3013;174;O=CC1=CC=C(Cl)C=C1Br;0;0;0.990099;0.009901;0.925269
3013;3014;174;O=CC1=CC=C(Cl)C=C1Br;0;0;0.980392;0.019608;0.941324
3014;3015;174;O=CC1=CC=C(Cl)C=C1Br;0;0;0.967742;0.032258;0.963305
3015;3016;174;O=CC1=CC=C(Cl)C=C1Br;0;0;0.952381;0.047619;0.986521
3016;3017;174;O=CC1=CC=C(Cl)C=C1Br;0;0;0.909091;0.090909;0.989992
3017;3018;175;O/N=C(C1=CC=CC=C1)\C2=CC=CC=C2;0;0;1;0;0.621601
3018;3019;175;O/N=C(C1=CC=CC=C1)\C2=CC=CC=C2;0;0;0.990099;0.009901;0.701074
3019;3020;175;O/N=C(C1=CC=CC=C1)\C2=CC=CC=C2;0;0;0.980392;0.019608;0.833751
3020;3021;175;O/N=C(C1=CC=CC=C1)\C2=CC=CC=C2;0;0;0.967742;0.032258;0.899923
3021;3022;175;O/N=C(C1=CC=CC=C1)\C2=CC=CC=C2;0;0;0.952381;0.047619;0.986521
3022;3023;175;O/N=C(C1=CC=CC=C1)\C2=CC=CC=C2;0;0;0.909091;0.090909;1
3023;3024;176;O=CC1=CC=CC(O)=C1;0;0;1;0;0.086839
3024;3025;176;O=CC1=CC=CC(O)=C1;0;0;0.990099;0.009901;0.103222
3025;3026;176;O=CC1=CC=CC(O)=C1;0;0;0.980392;0.019608;0.214391
3026;3027;176;O=CC1=CC=CC(O)=C1;0;0;0.967742;0.032258;0.376185
3027;3028;176;O=CC1=CC=CC(O)=C1;0;0;0.952381;0.047619;0.63608
3028;3029;176;O=CC1=CC=CC(O)=C1;0;0;0.909091;0.090909;0.773158
3029;3030;177;O=CC1=C(F)C(F)=C(F)C(F)=C1F;0;0;1;0;0.881878
3030;3031;177;O=CC1=C(F)C(F)=C(F)C(F)=C1F;0;0;0.990099;0.009901;0.910888
3031;3032;177;O=CC1=C(F)C(F)=C(F)C(F)=C1F;0;0;0.980392;0.019608;0.930979
3032;3033;177;O=CC1=C(F)C(F)=C(F)C(F)=C1F;0;0;0.967742;0.032258;0.935016
3033;3034;177;O=CC1=C(F)C(F)=C(F)C(F)=C1F;0;0;0.952381;0.047619;0.954363
3034;3035;177;O=CC1=C(F)C(F)=C(F)C(F)=C1F;0;0;0.909091;0.090909;0.966971
3035;3036;180;O=CC1=C(Cl)C=CC=C1Cl;0;0;1;0;0.373295
3036;3037;180;O=CC1=C(Cl)C=CC=C1Cl;0;0;0.990099;0.009901;0.890324
3037;3038;180;O=CC1=C(Cl)C=CC=C1Cl;0;0;0.980392;0.019608;0.955137
3038;3039;180;O=CC1=C(Cl)C=CC=C1Cl;0;0;0.967742;0.032258;0.964259
3039;3040;180;O=CC1=C(Cl)C=CC=C1Cl;0;0;0.952381;0.047619;0.977181
3040;3041;180;O=CC1=C(Cl)C=CC=C1Cl;0;0;0.909091;0.090909;0.983486
3041;3042;181;O=CC1=CC=CC=C1I;0;0;1;0;0.856076
3042;3043;181;O=CC1=CC=CC=C1I;0;0;0.990099;0.009901;0.874902
3043;3044;181;O=CC1=CC=CC=C1I;0;0;0.980392;0.019608;0.952505
3044;3045;181;O=CC1=CC=CC=C1I;0;0;0.967742;0.032258;0.954363
3045;3046;181;O=CC1=CC=CC=C1I;0;0;0.952381;0.047619;0.976492
3046;3047;181;O=CC1=CC=CC=C1I;0;0;0.909091;0.090909;0.98643
3047;3048;182;O=CC1=CC(F)=CC=C1Br;0;0;1;0;0.928999
3048;3049;182;O=CC1=CC(F)=CC=C1Br;0;0;0.990099;0.009901;0.933059
3049;3050;182;O=CC1=CC(F)=CC=C1Br;0;0;0.980392;0.019608;0.962683
3050;3051;182;O=CC1=CC(F)=CC=C1Br;0;0;0.967742;0.032258;0.967402
3051;3052;182;O=CC1=CC(F)=CC=C1Br;0;0;0.952381;0.047619;0.986567
3052;3053;182;O=CC1=CC(F)=CC=C1Br;0;0;0.909091;0.090909;0.98643
3053;3054;183;O=CC1=CC=C([N+]([O-])=O)C=C1;0;0;1;0;0.661946
3054;3055;183;O=CC1=CC=C([N+]([O-])=O)C=C1;0;0;0.990099;0.009901;0.712613
3055;3056;183;O=CC1=CC=C([N+]([O-])=O)C=C1;0;0;0.980392;0.019608;0.786273
3056;3057;183;O=CC1=CC=C([N+]([O-])=O)C=C1;0;0;0.967742;0.032258;0.84027
3057;3058;183;O=CC1=CC=C([N+]([O-])=O)C=C1;0;0;0.952381;0.047619;0.946267
3058;3059;183;O=CC1=CC=C([N+]([O-])=O)C=C1;0;0;0.909091;0.090909;0.989823
3059;3060;184;CC(C1=CC=C(C(F)(F)F)C=C1)=O;0;0;1;0;0.72554
3060;3061;184;CC(C1=CC=C(C(F)(F)F)C=C1)=O;0;0;0.990099;0.009901;0.759947
3061;3062;184;CC(C1=CC=C(C(F)(F)F)C=C1)=O;0;0;0.980392;0.019608;0.82359
3062;3063;184;CC(C1=CC=C(C(F)(F)F)C=C1)=O;0;0;0.967742;0.032258;0.882648
3063;3064;184;CC(C1=CC=C(C(F)(F)F)C=C1)=O;0;0;0.952381;0.047619;0.983208
3064;3065;184;CC(C1=CC=C(C(F)(F)F)C=C1)=O;0;0;0.909091;0.090909;0.98643
3065;3066;185;CC(OC1=CC=C(C=O)C=C1)=O;0;0;1;0;0.275877
3066;3067;185;CC(OC1=CC=C(C=O)C=C1)=O;0;0;0.990099;0.009901;0.315965
3067;3068;185;CC(OC1=CC=C(C=O)C=C1)=O;0;0;0.980392;0.019608;0.499609
3068;3069;185;CC(OC1=CC=C(C=O)C=C1)=O;0;0;0.967742;0.032258;0.684142
3069;3070;185;CC(OC1=CC=C(C=O)C=C1)=O;0;0;0.952381;0.047619;0.857852
3070;3071;185;CC(OC1=CC=C(C=O)C=C1)=O;0;0;0.909091;0.090909;0.941534
3071;3072;186;O=CC1=CC=CC=C1OC;0;0;1;0;0.477886
3072;3073;186;O=CC1=CC=CC=C1OC;0;0;0.990099;0.009901;0.531621
3073;3074;186;O=CC1=CC=CC=C1OC;0;0;0.980392;0.019608;0.624707
3074;3075;186;O=CC1=CC=CC=C1OC;0;0;0.967742;0.032258;0.73069
3075;3076;186;O=CC1=CC=CC=C1OC;0;0;0.952381;0.047619;0.857522
3076;3077;186;O=CC1=CC=CC=C1OC;0;0;0.909091;0.090909;0.903703
3077;3078;188;O=CC1=CC=C(F)C=C1;0;0;1;0;0.639492
3078;3079;188;O=CC1=CC=C(F)C=C1;0;0;0.990099;0.009901;0.706842
3079;3080;188;O=CC1=CC=C(F)C=C1;0;0;0.980392;0.019608;0.797139
3080;3081;188;O=CC1=CC=C(F)C=C1;0;0;0.967742;0.032258;0.840409
3081;3082;188;O=CC1=CC=C(F)C=C1;0;0;0.952381;0.047619;0.904887
3082;3083;188;O=CC1=CC=C(F)C=C1;0;0;0.909091;0.090909;1
3083;3084;190;O=C(OC)C1=CC=CC(C=O)=C1;0;0;1;0;0.363158
3084;3085;190;O=C(OC)C1=CC=CC(C=O)=C1;0;0;0.990099;0.009901;0.370014
3085;3086;190;O=C(OC)C1=CC=CC(C=O)=C1;0;0;0.980392;0.019608;0.530038
3086;3087;190;O=C(OC)C1=CC=CC(C=O)=C1;0;0;0.967742;0.032258;0.607936
3087;3088;190;O=C(OC)C1=CC=CC(C=O)=C1;0;0;0.952381;0.047619;0.836105
3088;3089;190;O=C(OC)C1=CC=CC(C=O)=C1;0;0;0.909091;0.090909;0.960256
3089;3090;191;O=CC1=C(Br)C=C(OCO2)C2=C1;0;0;1;0;0.684828
3090;3091;191;O=CC1=C(Br)C=C(OCO2)C2=C1;0;0;0.990099;0.009901;0.688288
3091;3092;191;O=CC1=C(Br)C=C(OCO2)C2=C1;0;0;0.980392;0.019608;0.776853
3092;3093;191;O=CC1=C(Br)C=C(OCO2)C2=C1;0;0;0.967742;0.032258;0.803968
3093;3094;191;O=CC1=C(Br)C=C(OCO2)C2=C1;0;0;0.952381;0.047619;0.954667
3094;3095;191;O=CC1=C(Br)C=C(OCO2)C2=C1;0;0;0.909091;0.090909;1
3095;3096;192;O=CC1=CC(OC)=CC(OC)=C1;0;0;1;0;0.457384
3096;3097;192;O=CC1=CC(OC)=CC(OC)=C1;0;0;0.990099;0.009901;0.491417
3097;3098;192;O=CC1=CC(OC)=CC(OC)=C1;0;0;0.980392;0.019608;0.651755
3098;3099;192;O=CC1=CC(OC)=CC(OC)=C1;0;0;0.967742;0.032258;0.71111
3099;3100;192;O=CC1=CC(OC)=CC(OC)=C1;0;0;0.952381;0.047619;0.954667
3100;3101;192;O=CC1=CC(OC)=CC(OC)=C1;0;0;0.909091;0.090909;0.992774
3101;3102;193;O=CC1=CC=CC=C1O;0;0;1;0;0.80755
3102;3103;193;O=CC1=CC=CC=C1O;0;0;0.990099;0.009901;0.81176
3103;3104;193;O=CC1=CC=CC=C1O;0;0;0.980392;0.019608;0.806461
3104;3105;193;O=CC1=CC=CC=C1O;0;0;0.967742;0.032258;0.935521
3105;3106;193;O=CC1=CC=CC=C1O;0;0;0.952381;0.047619;0.947913
3106;3107;193;O=CC1=CC=CC=C1O;0;0;0.909091;0.090909;0.976835
3107;3108;194;O=CC1=CC(C(C)(C)C)=CC(C(C)(C)C)=C1;0;0;1;0;0.794045
3108;3109;194;O=CC1=CC(C(C)(C)C)=CC(C(C)(C)C)=C1;0;0;0.990099;0.009901;0.801493
3109;3110;194;O=CC1=CC(C(C)(C)C)=CC(C(C)(C)C)=C1;0;0;0.980392;0.019608;0.799423
3110;3111;194;O=CC1=CC(C(C)(C)C)=CC(C(C)(C)C)=C1;0;0;0.967742;0.032258;0.92585
3111;3112;194;O=CC1=CC(C(C)(C)C)=CC(C(C)(C)C)=C1;0;0;0.952381;0.047619;0.944658
3112;3113;194;O=CC1=CC(C(C)(C)C)=CC(C(C)(C)C)=C1;0;0;0.909091;0.090909;0.990072
3113;3114;195;CC(C1=CC(CC2=C3C=CC=C2)=C3C=C1)=O;0;0;1;0;0.439531
3114;3115;195;CC(C1=CC(CC2=C3C=CC=C2)=C3C=C1)=O;0;0;0.990099;0.009901;0.448971
3115;3116;195;CC(C1=CC(CC2=C3C=CC=C2)=C3C=C1)=O;0;0;0.980392;0.019608;0.482723
3116;3117;195;CC(C1=CC(CC2=C3C=CC=C2)=C3C=C1)=O;0;0;0.967742;0.032258;0.771101
3117;3118;195;CC(C1=CC(CC2=C3C=CC=C2)=C3C=C1)=O;0;0;0.952381;0.047619;0.863273
3118;3119;195;CC(C1=CC(CC2=C3C=CC=C2)=C3C=C1)=O;0;0;0.909091;0.090909;0.970216
3119;3120;196;O=CC1=CC=C(O)C([N+]([O-])=O)=C1;0;0;1;0;0.459789
3120;3121;196;O=CC1=CC=C(O)C([N+]([O-])=O)=C1;0;0;0.990099;0.009901;0.476351
3121;3122;196;O=CC1=CC=C(O)C([N+]([O-])=O)=C1;0;0;0.980392;0.019608;0.500318
3122;3123;196;O=CC1=CC=C(O)C([N+]([O-])=O)=C1;0;0;0.967742;0.032258;0.822684
3123;3124;196;O=CC1=CC=C(O)C([N+]([O-])=O)=C1;0;0;0.952381;0.047619;0.899082
3124;3125;196;O=CC1=CC=C(O)C([N+]([O-])=O)=C1;0;0;0.909091;0.090909;0.973526
3125;3126;198;O=CC1=C(OC)C=CC=C1OC;0;0;1;0;0.096188
3126;3127;198;O=CC1=C(OC)C=CC=C1OC;0;0;0.990099;0.009901;0.099872
3127;3128;198;O=CC1=C(OC)C=CC=C1OC;0;0;0.980392;0.019608;0.116189
3128;3129;198;O=CC1=C(OC)C=CC=C1OC;0;0;0.967742;0.032258;0.501934
3129;3130;198;O=CC1=C(OC)C=CC=C1OC;0;0;0.952381;0.047619;0.592471
3130;3131;198;O=CC1=C(OC)C=CC=C1OC;0;0;0.909091;0.090909;0.740286
3131;3132;199;CC(C1=CC=C(OC(F)(F)F)C=C1)=O;0;0;1;0;0.678281
3132;3133;199;CC(C1=CC=C(OC(F)(F)F)C=C1)=O;0;0;0.990099;0.009901;0.697465
3133;3134;199;CC(C1=CC=C(OC(F)(F)F)C=C1)=O;0;0;0.980392;0.019608;0.698729
3134;3135;199;CC(C1=CC=C(OC(F)(F)F)C=C1)=O;0;0;0.967742;0.032258;0.829609
3135;3136;199;CC(C1=CC=C(OC(F)(F)F)C=C1)=O;0;0;0.952381;0.047619;0.877094
3136;3137;199;CC(C1=CC=C(OC(F)(F)F)C=C1)=O;0;0;0.909091;0.090909;0.907949
3137;3138;200;O=CC1=CC=NC2=CC=CC=C12;0;0;1;0;0.082759
3138;3139;200;O=CC1=CC=NC2=CC=CC=C12;0;0;0.990099;0.009901;0.095793
3139;3140;200;O=CC1=CC=NC2=CC=CC=C12;0;0;0.980392;0.019608;0.097818
3140;3141;200;O=CC1=CC=NC2=CC=CC=C12;0;0;0.967742;0.032258;0.34465
3141;3142;200;O=CC1=CC=NC2=CC=CC=C12;0;0;0.952381;0.047619;0.456628
3142;3143;200;O=CC1=CC=NC2=CC=CC=C12;0;0;0.909091;0.090909;0.648235
3143;3144;201;O=CC1=C(Br)C=CC=C1Br;0;0;1;0;0.932701
3144;3145;201;O=CC1=C(Br)C=CC=C1Br;0;0;0.990099;0.009901;0.938604
3145;3146;201;O=CC1=C(Br)C=CC=C1Br;0;0;0.980392;0.019608;0.943923
3146;3147;201;O=CC1=C(Br)C=CC=C1Br;0;0;0.967742;0.032258;0.960935
3147;3148;201;O=CC1=C(Br)C=CC=C1Br;0;0;0.952381;0.047619;0.993468
3148;3149;201;O=CC1=C(Br)C=CC=C1Br;0;0;0.909091;0.090909;0.990137
3149;3150;203;O=CC1=CC=C(O)C=C1;0;0;1;0;0.064542
3150;3151;203;O=CC1=CC=C(O)C=C1;0;0;0.990099;0.009901;0.072244
3151;3152;203;O=CC1=CC=C(O)C=C1;0;0;0.980392;0.019608;0.049037
3152;3153;203;O=CC1=CC=C(O)C=C1;0;0;0.967742;0.032258;0.274043
3153;3154;203;O=CC1=CC=C(O)C=C1;0;0;0.952381;0.047619;0.382717
3154;3155;203;O=CC1=CC=C(O)C=C1;0;0;0.909091;0.090909;0.595635
3155;3156;204;O=C(OC(C)(C)C)OC(C1=CC=C(C(C)C)C=C1)=C;0;0;1;0;0.959621
3156;3157;204;O=C(OC(C)(C)C)OC(C1=CC=C(C(C)C)C=C1)=C;0;0;0.990099;0.009901;0.948837
3157;3158;204;O=C(OC(C)(C)C)OC(C1=CC=C(C(C)C)C=C1)=C;0;0;0.980392;0.019608;0.920465
3158;3159;204;O=C(OC(C)(C)C)OC(C1=CC=C(C(C)C)C=C1)=C;0;0;0.967742;0.032258;0.954424
3159;3160;204;O=C(OC(C)(C)C)OC(C1=CC=C(C(C)C)C=C1)=C;0;0;0.952381;0.047619;0.970606
3160;3161;204;O=C(OC(C)(C)C)OC(C1=CC=C(C(C)C)C=C1)=C;0;0;0.909091;0.090909;0.990137
3161;3162;205;CC(C1=CC=CC=C1Br)=O;0;0;1;0;0.73162
3162;3163;205;CC(C1=CC=CC=C1Br)=O;0;0;0.990099;0.009901;0.710525
3163;3164;205;CC(C1=CC=CC=C1Br)=O;0;0;0.980392;0.019608;0.659643
3164;3165;205;CC(C1=CC=CC=C1Br)=O;0;0;0.967742;0.032258;0.913512
3165;3166;205;CC(C1=CC=CC=C1Br)=O;0;0;0.952381;0.047619;0.946341
3166;3167;205;CC(C1=CC=CC=C1Br)=O;0;0;0.909091;0.090909;0.976124
3167;3168;206;CC(C1=CC=C(OCO2)C2=C1)=O;0;0;1;0;0.371426
3168;3169;206;CC(C1=CC=C(OCO2)C2=C1)=O;0;0;0.990099;0.009901;0.352128
3169;3170;206;CC(C1=CC=C(OCO2)C2=C1)=O;0;0;0.980392;0.019608;0.348252
3170;3171;206;CC(C1=CC=C(OCO2)C2=C1)=O;0;0;0.967742;0.032258;0.660453
3171;3172;206;CC(C1=CC=C(OCO2)C2=C1)=O;0;0;0.952381;0.047619;0.755182
3172;3173;206;CC(C1=CC=C(OCO2)C2=C1)=O;0;0;0.909091;0.090909;0.829457
3173;3174;207;O=CC1=C(OC)C=CC=C1OC;0;0;1;0;0.103046
3174;3175;207;O=CC1=C(OC)C=CC=C1OC;0;0;0.990099;0.009901;0.114345
3175;3176;207;O=CC1=C(OC)C=CC=C1OC;0;0;0.980392;0.019608;0.069449
3176;3177;207;O=CC1=C(OC)C=CC=C1OC;0;0;0.967742;0.032258;0.381768
3177;3178;207;O=CC1=C(OC)C=CC=C1OC;0;0;0.952381;0.047619;0.567376
3178;3179;207;O=CC1=C(OC)C=CC=C1OC;0;0;0.909091;0.090909;0.696433
3179;3180;209;O=CC1=C(F)C=CC=C1F;0;0;1;0;0.707411
3180;3181;209;O=CC1=C(F)C=CC=C1F;0;0;0.990099;0.009901;0.764037
3181;3182;209;O=CC1=C(F)C=CC=C1F;0;0;0.980392;0.019608;0.669121
3182;3183;209;O=CC1=C(F)C=CC=C1F;0;0;0.967742;0.032258;0.891512
3183;3184;209;O=CC1=C(F)C=CC=C1F;0;0;0.952381;0.047619;0.929097
3184;3185;209;O=CC1=C(F)C=CC=C1F;0;0;0.909091;0.090909;0.960289
3185;3186;210;O=CC1=CC=C(O)C([N+]([O-])=O)=C1;0;0;1;0;0.454271
3186;3187;210;O=CC1=CC=C(O)C([N+]([O-])=O)=C1;0;0;0.990099;0.009901;0.500313
3187;3188;210;O=CC1=CC=C(O)C([N+]([O-])=O)=C1;0;0;0.980392;0.019608;0.429402
3188;3189;210;O=CC1=CC=C(O)C([N+]([O-])=O)=C1;0;0;0.967742;0.032258;0.733711
3189;3190;210;O=CC1=CC=C(O)C([N+]([O-])=O)=C1;0;0;0.952381;0.047619;0.804174
3190;3191;210;O=CC1=CC=C(O)C([N+]([O-])=O)=C1;0;0;0.909091;0.090909;0.824608
3191;3192;211;O=CC1=CC=C(C)C=C1Br;0;0;1;0;0.776449
3192;3193;211;O=CC1=CC=C(C)C=C1Br;0;0;0.990099;0.009901;0.840378
3193;3194;211;O=CC1=CC=C(C)C=C1Br;0;0;0.980392;0.019608;0.729894
3194;3195;211;O=CC1=CC=C(C)C=C1Br;0;0;0.967742;0.032258;0.901374
3195;3196;211;O=CC1=CC=C(C)C=C1Br;0;0;0.952381;0.047619;0.932474
3196;3197;211;O=CC1=CC=C(C)C=C1Br;0;0;0.909091;0.090909;0.884175
3197;3198;212;O=CC1=C(Br)C=CC=C1Br;0;0;1;0;0.881649
3198;3199;212;O=CC1=C(Br)C=CC=C1Br;0;0;0.990099;0.009901;0.954889
3199;3200;212;O=CC1=C(Br)C=CC=C1Br;0;0;0.980392;0.019608;0.868324
3200;3201;212;O=CC1=C(Br)C=CC=C1Br;0;0;0.967742;0.032258;0.970412
3201;3202;212;O=CC1=C(Br)C=CC=C1Br;0;0;0.952381;0.047619;0.983118
3202;3203;212;O=CC1=C(Br)C=CC=C1Br;0;0;0.909091;0.090909;0.980144
3203;3204;214;O=C(OC(C)(C)C)OC(C1=CC=CC=C1)=C;0;0;1;0;0.950386
3204;3205;214;O=C(OC(C)(C)C)OC(C1=CC=CC=C1)=C;0;0;0.990099;0.009901;0.945091
3205;3206;214;O=C(OC(C)(C)C)OC(C1=CC=CC=C1)=C;0;0;0.980392;0.019608;-0.012724
3206;3207;214;O=C(OC(C)(C)C)OC(C1=CC=CC=C1)=C;0;0;0.967742;0.032258;0.975877
3207;3208;214;O=C(OC(C)(C)C)OC(C1=CC=CC=C1)=C;0;0;0.952381;0.047619;0.979535
3208;3209;214;O=C(OC(C)(C)C)OC(C1=CC=CC=C1)=C;0;0;0.909091;0.090909;0.983232
3209;3210;217;NC1=CC=C(N)C=C1;0;0;1;0;0.01961
3210;3211;217;NC1=CC=C(N)C=C1;0;0;0.990099;0.009901;0.019672
3211;3212;217;NC1=CC=C(N)C=C1;0;0;0.980392;0.019608;0.060093
3212;3213;217;NC1=CC=C(N)C=C1;0;0;0.967742;0.032258;0.1191
3213;3214;217;NC1=CC=C(N)C=C1;0;0;0.952381;0.047619;0.199827
3214;3215;217;NC1=CC=C(N)C=C1;0;0;0.909091;0.090909;0.317851
3215;3216;218;O=C(N)C1=CC=CC=C1N;0;0;1;0;0.022782
3216;3217;218;O=C(N)C1=CC=CC=C1N;0;0;0.990099;0.009901;0.048318
3217;3218;218;O=C(N)C1=CC=CC=C1N;0;0;0.980392;0.019608;0.122754
3218;3219;218;O=C(N)C1=CC=CC=C1N;0;0;0.967742;0.032258;0.224808
3219;3220;218;O=C(N)C1=CC=CC=C1N;0;0;0.952381;0.047619;0.343049
3220;3221;218;O=C(N)C1=CC=CC=C1N;0;0;0.909091;0.090909;0.584365
3221;3222;220;CNC1=CC=CC=C1;0;0;1;0;0.530428
3222;3223;220;CNC1=CC=CC=C1;0;0;0.990099;0.009901;0.614871
3223;3224;220;CNC1=CC=CC=C1;0;0;0.980392;0.019608;0.783821
3224;3225;220;CNC1=CC=CC=C1;0;0;0.967742;0.032258;0.830226
3225;3226;220;CNC1=CC=CC=C1;0;0;0.952381;0.047619;0.859892
3226;3227;220;CNC1=CC=CC=C1;0;0;0.909091;0.090909;0.927026
3227;3228;221;O=C(C1=CC=CC=C1)C(C2=CC=CC=C2)=O;0;0;1;0;0.782458
3228;3229;221;O=C(C1=CC=CC=C1)C(C2=CC=CC=C2)=O;0;0;0.990099;0.009901;0.874285
3229;3230;221;O=C(C1=CC=CC=C1)C(C2=CC=CC=C2)=O;0;0;0.980392;0.019608;0.970315
3230;3231;221;O=C(C1=CC=CC=C1)C(C2=CC=CC=C2)=O;0;0;0.967742;0.032258;0.983984
3231;3232;221;O=C(C1=CC=CC=C1)C(C2=CC=CC=C2)=O;0;0;0.952381;0.047619;1
3232;3233;221;O=C(C1=CC=CC=C1)C(C2=CC=CC=C2)=O;0;0;0.909091;0.090909;1
3233;3234;222;CC(NC1=CC=C(C(C)=O)C=C1)=O;0;0;1;0;0.022639
3234;3235;222;CC(NC1=CC=C(C(C)=O)C=C1)=O;0;0;0.990099;0.009901;0.047711
3235;3236;222;CC(NC1=CC=C(C(C)=O)C=C1)=O;0;0;0.980392;0.019608;0.149022
3236;3237;222;CC(NC1=CC=C(C(C)=O)C=C1)=O;0;0;0.967742;0.032258;0.215198
3237;3238;222;CC(NC1=CC=C(C(C)=O)C=C1)=O;0;0;0.952381;0.047619;0.349426
3238;3239;222;CC(NC1=CC=C(C(C)=O)C=C1)=O;0;0;0.909091;0.090909;0.591607
3239;3240;223;O=C(C1=CC=C2C=C(C3=CC=C(OC)C(C45CC6CC(C5)CC(C6)C4)=C3)C=CC2=C1)O;0;0;1;0;0.041555
3240;3241;223;O=C(C1=CC=C2C=C(C3=CC=C(OC)C(C45CC6CC(C5)CC(C6)C4)=C3)C=CC2=C1)O;0;0;0.990099;0.009901;0.072853
3241;3242;223;O=C(C1=CC=C2C=C(C3=CC=C(OC)C(C45CC6CC(C5)CC(C6)C4)=C3)C=CC2=C1)O;0;0;0.980392;0.019608;0.182006
3242;3243;223;O=C(C1=CC=C2C=C(C3=CC=C(OC)C(C45CC6CC(C5)CC(C6)C4)=C3)C=CC2=C1)O;0;0;0.967742;0.032258;0.272857
3243;3244;223;O=C(C1=CC=C2C=C(C3=CC=C(OC)C(C45CC6CC(C5)CC(C6)C4)=C3)C=CC2=C1)O;0;0;0.952381;0.047619;0.415426
3244;3245;223;O=C(C1=CC=C2C=C(C3=CC=C(OC)C(C45CC6CC(C5)CC(C6)C4)=C3)C=CC2=C1)O;0;0;0.909091;0.090909;0.63145
3245;3246;224;CC1=CC2=C(C(C)(C)CCC2(C)C)C=C1;0;0;1;0;1
3246;3247;224;CC1=CC2=C(C(C)(C)CCC2(C)C)C=C1;0;0;0.990099;0.009901;1
3247;3248;224;CC1=CC2=C(C(C)(C)CCC2(C)C)C=C1;0;0;0.980392;0.019608;1
3248;3249;224;CC1=CC2=C(C(C)(C)CCC2(C)C)C=C1;0;0;0.967742;0.032258;1
3249;3250;224;CC1=CC2=C(C(C)(C)CCC2(C)C)C=C1;0;0;0.952381;0.047619;1
3250;3251;224;CC1=CC2=C(C(C)(C)CCC2(C)C)C=C1;0;0;0.909091;0.090909;1
3251;3252;226;O=C(C)C1=CC(C(C)(C)CC(C)C2(C)C)=C2C=C1C;0;0;1;0;0.56451
3252;3253;226;O=C(C)C1=CC(C(C)(C)CC(C)C2(C)C)=C2C=C1C;0;0;0.990099;0.009901;0.674309
3253;3254;226;O=C(C)C1=CC(C(C)(C)CC(C)C2(C)C)=C2C=C1C;0;0;0.980392;0.019608;0.76545
3254;3255;226;O=C(C)C1=CC(C(C)(C)CC(C)C2(C)C)=C2C=C1C;0;0;0.967742;0.032258;0.83838
3255;3256;226;O=C(C)C1=CC(C(C)(C)CC(C)C2(C)C)=C2C=C1C;0;0;0.952381;0.047619;0.89222
3256;3257;226;O=C(C)C1=CC(C(C)(C)CC(C)C2(C)C)=C2C=C1C;0;0;0.909091;0.090909;0.946521
3257;3258;227;O=C1CCCC2=C1C=C(Cl)C=C2;0;0;1;0;0.577042
3258;3259;227;O=C1CCCC2=C1C=C(Cl)C=C2;0;0;0.990099;0.009901;0.651958
3259;3260;227;O=C1CCCC2=C1C=C(Cl)C=C2;0;0;0.980392;0.019608;0.772249
3260;3261;227;O=C1CCCC2=C1C=C(Cl)C=C2;0;0;0.967742;0.032258;0.821888
3261;3262;227;O=C1CCCC2=C1C=C(Cl)C=C2;0;0;0.952381;0.047619;0.882422
3262;3263;227;O=C1CCCC2=C1C=C(Cl)C=C2;0;0;0.909091;0.090909;0.95989
3263;3264;229;O=C1CCCC2=C1C=C(Br)C=C2;0;0;1;0;0.5976
3264;3265;229;O=C1CCCC2=C1C=C(Br)C=C2;0;0;0.990099;0.009901;0.682155
3265;3266;229;O=C1CCCC2=C1C=C(Br)C=C2;0;0;0.980392;0.019608;0.838482
3266;3267;229;O=C1CCCC2=C1C=C(Br)C=C2;0;0;0.967742;0.032258;0.888581
3267;3268;229;O=C1CCCC2=C1C=C(Br)C=C2;0;0;0.952381;0.047619;0.905593
3268;3269;229;O=C1CCCC2=C1C=C(Br)C=C2;0;0;0.909091;0.090909;0.986357
3269;3270;230;O=C(C1=CC=CC=C1)CCCl;0;0;1;0;0.792203
3270;3271;230;O=C(C1=CC=CC=C1)CCCl;0;0;0.990099;0.009901;0.839439
3271;3272;230;O=C(C1=CC=CC=C1)CCCl;0;0;0.980392;0.019608;0.902416
3272;3273;230;O=C(C1=CC=CC=C1)CCCl;0;0;0.967742;0.032258;0.939226
3273;3274;230;O=C(C1=CC=CC=C1)CCCl;0;0;0.952381;0.047619;0.935125
3274;3275;230;O=C(C1=CC=CC=C1)CCCl;0;0;0.909091;0.090909;0.982946
3275;3276;231;CCC(C1=CC=C2C=C(OC)C=CC2=C1)=O;0;0;1;0;0.485455
3276;3277;231;CCC(C1=CC=C2C=C(OC)C=CC2=C1)=O;0;0;0.990099;0.009901;0.590406
3277;3278;231;CCC(C1=CC=C2C=C(OC)C=CC2=C1)=O;0;0;0.980392;0.019608;0.717344
3278;3279;231;CCC(C1=CC=C2C=C(OC)C=CC2=C1)=O;0;0;0.967742;0.032258;0.821055
3279;3280;231;CCC(C1=CC=C2C=C(OC)C=CC2=C1)=O;0;0;0.952381;0.047619;0.827463
3280;3281;231;CCC(C1=CC=C2C=C(OC)C=CC2=C1)=O;0;0;0.909091;0.090909;0.942015
3281;3282;232;CCC(C1=CC=CC(O)=C1)=O;0;0;1;0;0.066563
3282;3283;232;CCC(C1=CC=CC(O)=C1)=O;0;0;0.990099;0.009901;0.098894
3283;3284;232;CCC(C1=CC=CC(O)=C1)=O;0;0;0.980392;0.019608;0.195775
3284;3285;232;CCC(C1=CC=CC(O)=C1)=O;0;0;0.967742;0.032258;0.304478
3285;3286;232;CCC(C1=CC=CC(O)=C1)=O;0;0;0.952381;0.047619;0.423792
3286;3287;232;CCC(C1=CC=CC(O)=C1)=O;0;0;0.909091;0.090909;0.679378
3287;3288;233;O=C1CCCC2=C1C=C(OC)C=C2;0;0;1;0;0.273458
3288;3289;233;O=C1CCCC2=C1C=C(OC)C=C2;0;0;0.990099;0.009901;0.408846
3289;3290;233;O=C1CCCC2=C1C=C(OC)C=C2;0;0;0.980392;0.019608;0.658992
3290;3291;233;O=C1CCCC2=C1C=C(OC)C=C2;0;0;0.967742;0.032258;0.705474
3291;3292;233;O=C1CCCC2=C1C=C(OC)C=C2;0;0;0.952381;0.047619;0.879268
3292;3293;233;O=C1CCCC2=C1C=C(OC)C=C2;0;0;0.909091;0.090909;0.96286
3293;3294;234;O=C1CCC(C2=CC=C(Cl)C(Cl)=C2)C3=C1C=CC=C3;0;0;1;0;0.533172
3294;3295;234;O=C1CCC(C2=CC=C(Cl)C(Cl)=C2)C3=C1C=CC=C3;0;0;0.990099;0.009901;0.630937
3295;3296;234;O=C1CCC(C2=CC=C(Cl)C(Cl)=C2)C3=C1C=CC=C3;0;0;0.980392;0.019608;0.763658
3296;3297;234;O=C1CCC(C2=CC=C(Cl)C(Cl)=C2)C3=C1C=CC=C3;0;0;0.967742;0.032258;0.794825
3297;3298;234;O=C1CCC(C2=CC=C(Cl)C(Cl)=C2)C3=C1C=CC=C3;0;0;0.952381;0.047619;0.902743
3298;3299;234;O=C1CCC(C2=CC=C(Cl)C(Cl)=C2)C3=C1C=CC=C3;0;0;0.909091;0.090909;0.966237
3299;3300;235;CCC(C1=CC=CN=C1)=O;0;0;1;0;0.092644
3300;3301;235;CCC(C1=CC=CN=C1)=O;0;0;0.990099;0.009901;0.134498
3301;3302;235;CCC(C1=CC=CN=C1)=O;0;0;0.980392;0.019608;0.179555
3302;3303;235;CCC(C1=CC=CN=C1)=O;0;0;0.967742;0.032258;0.271958
3303;3304;235;CCC(C1=CC=CN=C1)=O;0;0;0.952381;0.047619;0.429876
3304;3305;235;CCC(C1=CC=CN=C1)=O;0;0;0.909091;0.090909;0.655615
3305;3306;236;O=C1C=CC(C)(C)CC1;0;0;1;0;0.299758
3306;3307;236;O=C1C=CC(C)(C)CC1;0;0;0.990099;0.009901;0.366387
3307;3308;236;O=C1C=CC(C)(C)CC1;0;0;0.980392;0.019608;0.567831
3308;3309;236;O=C1C=CC(C)(C)CC1;0;0;0.967742;0.032258;0.642598
3309;3310;236;O=C1C=CC(C)(C)CC1;0;0;0.952381;0.047619;0.748475
3310;3311;236;O=C1C=CC(C)(C)CC1;0;0;0.909091;0.090909;0.905463
3311;3312;237;CCC(C1=NC=CS1)=O;0;0;1;0;0.47572
3312;3313;237;CCC(C1=NC=CS1)=O;0;0;0.990099;0.009901;0.523007
3313;3314;237;CCC(C1=NC=CS1)=O;0;0;0.980392;0.019608;0.636585
3314;3315;237;CCC(C1=NC=CS1)=O;0;0;0.967742;0.032258;0.780539
3315;3316;237;CCC(C1=NC=CS1)=O;0;0;0.952381;0.047619;0.863869
3316;3317;237;CCC(C1=NC=CS1)=O;0;0;0.909091;0.090909;0.949184
3317;3318;238;O=C(C1=CC=CC=C1)CCC2=CC=CC=C2;0;0;1;0;0.780458
3318;3319;238;O=C(C1=CC=CC=C1)CCC2=CC=CC=C2;0;0;0.990099;0.009901;0.798819
3319;3320;238;O=C(C1=CC=CC=C1)CCC2=CC=CC=C2;0;0;0.980392;0.019608;0.858672
3320;3321;238;O=C(C1=CC=CC=C1)CCC2=CC=CC=C2;0;0;0.967742;0.032258;0.956108
3321;3322;238;O=C(C1=CC=CC=C1)CCC2=CC=CC=C2;0;0;0.952381;0.047619;0.966797
3322;3323;238;O=C(C1=CC=CC=C1)CCC2=CC=CC=C2;0;0;0.909091;0.090909;0.972898
3323;3324;239;O=C1CCC(C)C2=C1C=CC=C2;0;0;1;0;0.492104
3324;3325;239;O=C1CCC(C)C2=C1C=CC=C2;0;0;0.990099;0.009901;0.519762
3325;3326;239;O=C1CCC(C)C2=C1C=CC=C2;0;0;0.980392;0.019608;0.623125
3326;3327;239;O=C1CCC(C)C2=C1C=CC=C2;0;0;0.967742;0.032258;0.750152
3327;3328;239;O=C1CCC(C)C2=C1C=CC=C2;0;0;0.952381;0.047619;0.837307
3328;3329;239;O=C1CCC(C)C2=C1C=CC=C2;0;0;0.909091;0.090909;0.942408
3329;3330;242;O=C1CCCC2=C1C=C(F)C=C2;0;0;1;0;0.516217
3330;3331;242;O=C1CCCC2=C1C=C(F)C=C2;0;0;0.990099;0.009901;0.648776
3331;3332;242;O=C1CCCC2=C1C=C(F)C=C2;0;0;0.980392;0.019608;0.769881
3332;3333;242;O=C1CCCC2=C1C=C(F)C=C2;0;0;0.967742;0.032258;0.840353
3333;3334;242;O=C1CCCC2=C1C=C(F)C=C2;0;0;0.952381;0.047619;0.898756
3334;3335;242;O=C1CCCC2=C1C=C(F)C=C2;0;0;0.909091;0.090909;0.966908
3335;3336;243;CCC(C1=CC=CC(F)=C1)=O;0;0;1;0;0.786754
3336;3337;243;CCC(C1=CC=CC(F)=C1)=O;0;0;0.990099;0.009901;0.83716
3337;3338;243;CCC(C1=CC=CC(F)=C1)=O;0;0;0.980392;0.019608;0.891515
3338;3339;243;CCC(C1=CC=CC(F)=C1)=O;0;0;0.967742;0.032258;0.923369
3339;3340;243;CCC(C1=CC=CC(F)=C1)=O;0;0;0.952381;0.047619;0.964075
3340;3341;243;CCC(C1=CC=CC(F)=C1)=O;0;0;0.909091;0.090909;1
3341;3342;244;CCC(C1=CC=CS1)=O;0;0;1;0;0.653077
3342;3343;244;CCC(C1=CC=CS1)=O;0;0;0.990099;0.009901;0.75095
3343;3344;244;CCC(C1=CC=CS1)=O;0;0;0.980392;0.019608;0.878366
3344;3345;244;CCC(C1=CC=CS1)=O;0;0;0.967742;0.032258;0.910598
3345;3346;244;CCC(C1=CC=CS1)=O;0;0;0.952381;0.047619;0.960809
3346;3347;244;CCC(C1=CC=CS1)=O;0;0;0.909091;0.090909;0.993382
3347;3348;245;O=C1CCCCC2=CC=CC=C21;0;0;1;0;0.53554
3348;3349;245;O=C1CCCCC2=CC=CC=C21;0;0;0.990099;0.009901;0.638103
3349;3350;245;O=C1CCCCC2=CC=CC=C21;0;0;0.980392;0.019608;0.791794
3350;3351;245;O=C1CCCCC2=CC=CC=C21;0;0;0.967742;0.032258;0.815157
3351;3352;245;O=C1CCCCC2=CC=CC=C21;0;0;0.952381;0.047619;0.910311
3352;3353;245;O=C1CCCCC2=CC=CC=C21;0;0;0.909091;0.090909;0.979811
3353;3354;246;CCC(C1=CC=C(C(F)(F)F)C=C1)=O;0;0;1;0;0.846248
3354;3355;246;CCC(C1=CC=C(C(F)(F)F)C=C1)=O;0;0;0.990099;0.009901;0.887115
3355;3356;246;CCC(C1=CC=C(C(F)(F)F)C=C1)=O;0;0;0.980392;0.019608;0.913514
3356;3357;246;CCC(C1=CC=C(C(F)(F)F)C=C1)=O;0;0;0.967742;0.032258;0.936012
3357;3358;246;CCC(C1=CC=C(C(F)(F)F)C=C1)=O;0;0;0.952381;0.047619;0.971171
3358;3359;246;CCC(C1=CC=C(C(F)(F)F)C=C1)=O;0;0;0.909091;0.090909;0.99327
3359;3360;247;O=C(C1=CC=C(F)C=C1)CCCCl;0;0;1;0;0.811013
3360;3361;247;O=C(C1=CC=C(F)C=C1)CCCCl;0;0;0.990099;0.009901;0.863874
3361;3362;247;O=C(C1=CC=C(F)C=C1)CCCCl;0;0;0.980392;0.019608;0.903905
3362;3363;247;O=C(C1=CC=C(F)C=C1)CCCCl;0;0;0.967742;0.032258;0.936613
3363;3364;247;O=C(C1=CC=C(F)C=C1)CCCCl;0;0;0.952381;0.047619;0.961562
3364;3365;247;O=C(C1=CC=C(F)C=C1)CCCCl;0;0;0.909091;0.090909;0.989905
3365;3366;248;O=C(C1=CC=CC(C(C2=CC=CC=C2)=O)=C1)C3=CC=CC=C3;0;0;1;0;0.349756
3366;3367;248;O=C(C1=CC=CC(C(C2=CC=CC=C2)=O)=C1)C3=CC=CC=C3;0;0;0.990099;0.009901;0.555099
3367;3368;248;O=C(C1=CC=CC(C(C2=CC=CC=C2)=O)=C1)C3=CC=CC=C3;0;0;0.980392;0.019608;0.759762
3368;3369;248;O=C(C1=CC=CC(C(C2=CC=CC=C2)=O)=C1)C3=CC=CC=C3;0;0;0.967742;0.032258;0.846487
3369;3370;248;O=C(C1=CC=CC(C(C2=CC=CC=C2)=O)=C1)C3=CC=CC=C3;0;0;0.952381;0.047619;0.932733
3370;3371;248;O=C(C1=CC=CC(C(C2=CC=CC=C2)=O)=C1)C3=CC=CC=C3;0;0;0.909091;0.090909;0.976446
3371;3372;249;FC1=CC=CC=C1CC(C2CC2)=O;0;0;1;0;0.763722
3372;3373;249;FC1=CC=CC=C1CC(C2CC2)=O;0;0;0.990099;0.009901;0.818596
3373;3374;249;FC1=CC=CC=C1CC(C2CC2)=O;0;0;0.980392;0.019608;0.902747
3374;3375;249;FC1=CC=CC=C1CC(C2CC2)=O;0;0;0.967742;0.032258;0.913843
3375;3376;249;FC1=CC=CC=C1CC(C2CC2)=O;0;0;0.952381;0.047619;0.937126
3376;3377;249;FC1=CC=CC=C1CC(C2CC2)=O;0;0;0.909091;0.090909;0.986023
3377;3378;252;O=C1CCCC2=C1C=CS2;0;0;1;0;0.227308
3378;3379;252;O=C1CCCC2=C1C=CS2;0;0;0.990099;0.009901;0.35684
3379;3380;252;O=C1CCCC2=C1C=CS2;0;0;0.980392;0.019608;0.637816
3380;3381;252;O=C1CCCC2=C1C=CS2;0;0;0.967742;0.032258;0.680622
3381;3382;252;O=C1CCCC2=C1C=CS2;0;0;0.952381;0.047619;0.788213
3382;3383;252;O=C1CCCC2=C1C=CS2;0;0;0.909091;0.090909;0.91614
3383;3384;253;CCC(C1=CC=C(C)O1)=O;0;0;1;0;0.435573
3384;3385;253;CCC(C1=CC=C(C)O1)=O;0;0;0.990099;0.009901;0.538756
3385;3386;253;CCC(C1=CC=C(C)O1)=O;0;0;0.980392;0.019608;0.66688
3386;3387;253;CCC(C1=CC=C(C)O1)=O;0;0;0.967742;0.032258;0.755261
3387;3388;253;CCC(C1=CC=C(C)O1)=O;0;0;0.952381;0.047619;0.80731
3388;3389;253;CCC(C1=CC=C(C)O1)=O;0;0;0.909091;0.090909;0.963234
3389;3390;254;CCC(C1=CC=C(OC)C=C1)=O;0;0;1;0;0.425613
3390;3391;254;CCC(C1=CC=C(OC)C=C1)=O;0;0;0.990099;0.009901;0.518701
3391;3392;254;CCC(C1=CC=C(OC)C=C1)=O;0;0;0.980392;0.019608;0.656786
3392;3393;254;CCC(C1=CC=C(OC)C=C1)=O;0;0;0.967742;0.032258;0.751862
3393;3394;254;CCC(C1=CC=C(OC)C=C1)=O;0;0;0.952381;0.047619;0.800778
3394;3395;254;CCC(C1=CC=C(OC)C=C1)=O;0;0;0.909091;0.090909;0.923126
3395;3396;255;CCC(C1=CC=CC(O)=C1)=O;0;0;1;0;0.053755
3396;3397;255;CCC(C1=CC=CC(O)=C1)=O;0;0;0.990099;0.009901;0.087538
3397;3398;255;CCC(C1=CC=CC(O)=C1)=O;0;0;0.980392;0.019608;0.199167
3398;3399;255;CCC(C1=CC=CC(O)=C1)=O;0;0;0.967742;0.032258;0.289576
3399;3400;255;CCC(C1=CC=CC(O)=C1)=O;0;0;0.952381;0.047619;0.418663
3400;3401;255;CCC(C1=CC=CC(O)=C1)=O;0;0;0.909091;0.090909;0.625657
3401;3402;256;CC(C1=CC=C(C2=CC=C(C(C)=O)C=C2)C=C1)=O;0;0;1;0;0.1434
3402;3403;256;CC(C1=CC=C(C2=CC=C(C(C)=O)C=C2)C=C1)=O;0;0;0.990099;0.009901;0.21789
3403;3404;256;CC(C1=CC=C(C2=CC=C(C(C)=O)C=C2)C=C1)=O;0;0;0.980392;0.019608;0.515462
3404;3405;256;CC(C1=CC=C(C2=CC=C(C(C)=O)C=C2)C=C1)=O;0;0;0.967742;0.032258;0.643089
3405;3406;256;CC(C1=CC=C(C2=CC=C(C(C)=O)C=C2)C=C1)=O;0;0;0.952381;0.047619;0.751789
3406;3407;256;CC(C1=CC=C(C2=CC=C(C(C)=O)C=C2)C=C1)=O;0;0;0.909091;0.090909;0.832882
3407;3408;257;O=C(/C=C/C1=CC=CC=C1)/C=C/C2=CC=CC=C2;0;0;1;0;0.484188
3408;3409;257;O=C(/C=C/C1=CC=CC=C1)/C=C/C2=CC=CC=C2;0;0;0.990099;0.009901;0.604353
3409;3410;257;O=C(/C=C/C1=CC=CC=C1)/C=C/C2=CC=CC=C2;0;0;0.980392;0.019608;0.836346
3410;3411;257;O=C(/C=C/C1=CC=CC=C1)/C=C/C2=CC=CC=C2;0;0;0.967742;0.032258;0.852949
3411;3412;257;O=C(/C=C/C1=CC=CC=C1)/C=C/C2=CC=CC=C2;0;0;0.952381;0.047619;0.88087
3412;3413;257;O=C(/C=C/C1=CC=CC=C1)/C=C/C2=CC=CC=C2;0;0;0.909091;0.090909;0.918617
3413;3414;258;O=C1COC2=C1C=CC=C2;0;0;1;0;0.390697
3414;3415;258;O=C1COC2=C1C=CC=C2;0;0;0.990099;0.009901;0.478155
3415;3416;258;O=C1COC2=C1C=CC=C2;0;0;0.980392;0.019608;0.686619
3416;3417;258;O=C1COC2=C1C=CC=C2;0;0;0.967742;0.032258;0.704424
3417;3418;258;O=C1COC2=C1C=CC=C2;0;0;0.952381;0.047619;0.765049
3418;3419;258;O=C1COC2=C1C=CC=C2;0;0;0.909091;0.090909;0.766065
3419;3420;259;CCC(C1=CC=C(N)C=C1)=O;0;0;1;0;0.103777
3420;3421;259;CCC(C1=CC=C(N)C=C1)=O;0;0;0.990099;0.009901;0.160955
3421;3422;259;CCC(C1=CC=C(N)C=C1)=O;0;0;0.980392;0.019608;0.317526
3422;3423;259;CCC(C1=CC=C(N)C=C1)=O;0;0;0.967742;0.032258;0.419404
3423;3424;259;CCC(C1=CC=C(N)C=C1)=O;0;0;0.952381;0.047619;0.546644
3424;3425;259;CCC(C1=CC=C(N)C=C1)=O;0;0;0.909091;0.090909;0.651682
3425;3426;260;CCCC(C1=CC=C(OCO2)C2=C1)=O;0;0;1;0;0.526098
3426;3427;260;CCCC(C1=CC=C(OCO2)C2=C1)=O;0;0;0.990099;0.009901;0.600942
3427;3428;260;CCCC(C1=CC=C(OCO2)C2=C1)=O;0;0;0.980392;0.019608;0.787597
3428;3429;260;CCCC(C1=CC=C(OCO2)C2=C1)=O;0;0;0.967742;0.032258;0.841656
3429;3430;260;CCCC(C1=CC=C(OCO2)C2=C1)=O;0;0;0.952381;0.047619;0.917271
3430;3431;260;CCCC(C1=CC=C(OCO2)C2=C1)=O;0;0;0.909091;0.090909;0.918851
3431;3432;261;O=C(C1=CC=C(C(F)(F)F)C=C1)CCCCOC;0;0;1;0;0.183456
3432;3433;261;O=C(C1=CC=C(C(F)(F)F)C=C1)CCCCOC;0;0;0.990099;0.009901;0.24291
3433;3434;261;O=C(C1=CC=C(C(F)(F)F)C=C1)CCCCOC;0;0;0.980392;0.019608;0.508974
3434;3435;261;O=C(C1=CC=C(C(F)(F)F)C=C1)CCCCOC;0;0;0.967742;0.032258;0.584786
3435;3436;261;O=C(C1=CC=C(C(F)(F)F)C=C1)CCCCOC;0;0;0.952381;0.047619;0.78743
3436;3437;261;O=C(C1=CC=C(C(F)(F)F)C=C1)CCCCOC;0;0;0.909091;0.090909;0.877275
3437;3438;262;CC(NC(C=C1CCC2)=CC=C1C2=O)=O;0;0;1;0;0.013212
3438;3439;262;CC(NC(C=C1CCC2)=CC=C1C2=O)=O;0;0;0.990099;0.009901;0.024195
3439;3440;262;CC(NC(C=C1CCC2)=CC=C1C2=O)=O;0;0;0.980392;0.019608;0.038696
3440;3441;262;CC(NC(C=C1CCC2)=CC=C1C2=O)=O;0;0;0.967742;0.032258;0.081602
3441;3442;262;CC(NC(C=C1CCC2)=CC=C1C2=O)=O;0;0;0.952381;0.047619;0.225865
3442;3443;262;CC(NC(C=C1CCC2)=CC=C1C2=O)=O;0;0;0.909091;0.090909;0.575722
3443;3444;263;CCC(C1=CC=C(Cl)C(Cl)=C1)=O;0;0;1;0;0.810839
3444;3445;263;CCC(C1=CC=C(Cl)C(Cl)=C1)=O;0;0;0.990099;0.009901;0.88223
3445;3446;263;CCC(C1=CC=C(Cl)C(Cl)=C1)=O;0;0;0.980392;0.019608;0.920468
3446;3447;263;CCC(C1=CC=C(Cl)C(Cl)=C1)=O;0;0;0.967742;0.032258;0.936662
3447;3448;263;CCC(C1=CC=C(Cl)C(Cl)=C1)=O;0;0;0.952381;0.047619;0.952129
3448;3449;263;CCC(C1=CC=C(Cl)C(Cl)=C1)=O;0;0;0.909091;0.090909;0.989481
3449;3450;264;CCC(C1=CC=CC([N+]([O-])=O)=C1)=O;0;0;1;0;0.637442
3450;3451;264;CCC(C1=CC=CC([N+]([O-])=O)=C1)=O;0;0;0.990099;0.009901;0.717353
3451;3452;264;CCC(C1=CC=CC([N+]([O-])=O)=C1)=O;0;0;0.980392;0.019608;0.837477
3452;3453;264;CCC(C1=CC=CC([N+]([O-])=O)=C1)=O;0;0;0.967742;0.032258;0.890918
3453;3454;264;CCC(C1=CC=CC([N+]([O-])=O)=C1)=O;0;0;0.952381;0.047619;0.940402
3454;3455;264;CCC(C1=CC=CC([N+]([O-])=O)=C1)=O;0;0;0.909091;0.090909;0.992987
3455;3456;265;CCC(C1=CC=CC(Br)=C1)=O;0;0;1;0;0.782315
3456;3457;265;CCC(C1=CC=CC(Br)=C1)=O;0;0;0.990099;0.009901;0.897754
3457;3458;265;CCC(C1=CC=CC(Br)=C1)=O;0;0;0.980392;0.019608;0.931415
3458;3459;265;CCC(C1=CC=CC(Br)=C1)=O;0;0;0.967742;0.032258;0.963478
3459;3460;265;CCC(C1=CC=CC(Br)=C1)=O;0;0;0.952381;0.047619;0.977213
3460;3461;265;CCC(C1=CC=CC(Br)=C1)=O;0;0;0.909091;0.090909;1
3461;3462;266;O=C1CCCC2=C1C=CS2;0;0;1;0;0.198524
3462;3463;266;O=C1CCCC2=C1C=CS2;0;0;0.990099;0.009901;0.373331
3463;3464;266;O=C1CCCC2=C1C=CS2;0;0;0.980392;0.019608;0.624417
3464;3465;266;O=C1CCCC2=C1C=CS2;0;0;0.967742;0.032258;0.714467
3465;3466;266;O=C1CCCC2=C1C=CS2;0;0;0.952381;0.047619;0.759107
3466;3467;266;O=C1CCCC2=C1C=CS2;0;0;0.909091;0.090909;0.835629
3467;3468;267;O=C1CCCC2=C1C=CC(OC)=C2;0;0;1;0;0.188629
3468;3469;267;O=C1CCCC2=C1C=CC(OC)=C2;0;0;0.990099;0.009901;0.337051
3469;3470;267;O=C1CCCC2=C1C=CC(OC)=C2;0;0;0.980392;0.019608;0.598289
3470;3471;267;O=C1CCCC2=C1C=CC(OC)=C2;0;0;0.967742;0.032258;0.701186
3471;3472;267;O=C1CCCC2=C1C=CC(OC)=C2;0;0;0.952381;0.047619;0.73632
3472;3473;267;O=C1CCCC2=C1C=CC(OC)=C2;0;0;0.909091;0.090909;0.878366
3473;3474;269;O=C1CCCC(N2C)=C1C3=C2C=CC=C3;0;0;1;0;0.046804
3474;3475;269;O=C1CCCC(N2C)=C1C3=C2C=CC=C3;0;0;0.990099;0.009901;0.134088
3475;3476;269;O=C1CCCC(N2C)=C1C3=C2C=CC=C3;0;0;0.980392;0.019608;0.372992
3476;3477;269;O=C1CCCC(N2C)=C1C3=C2C=CC=C3;0;0;0.967742;0.032258;0.481172
3477;3478;269;O=C1CCCC(N2C)=C1C3=C2C=CC=C3;0;0;0.952381;0.047619;0.614104
3478;3479;269;O=C1CCCC(N2C)=C1C3=C2C=CC=C3;0;0;0.909091;0.090909;0.796741
3479;3480;270;CCCC(C1=CC=C(C2=CC=CC=C2)C=C1)=O;0;0;1;0;0.71635
3480;3481;270;CCCC(C1=CC=C(C2=CC=CC=C2)C=C1)=O;0;0;0.990099;0.009901;0.801426
3481;3482;270;CCCC(C1=CC=C(C2=CC=CC=C2)C=C1)=O;0;0;0.980392;0.019608;0.831313
3482;3483;270;CCCC(C1=CC=C(C2=CC=CC=C2)C=C1)=O;0;0;0.967742;0.032258;0.91875
3483;3484;270;CCCC(C1=CC=C(C2=CC=CC=C2)C=C1)=O;0;0;0.952381;0.047619;0.94393
3484;3485;270;CCCC(C1=CC=C(C2=CC=CC=C2)C=C1)=O;0;0;0.909091;0.090909;0.983062
3485;3486;271;CC(C1=CC=C(I)C=C1)=O;0;0;1;0;0.600911
3486;3487;271;CC(C1=CC=C(I)C=C1)=O;0;0;0.990099;0.009901;0.694001
3487;3488;271;CC(C1=CC=C(I)C=C1)=O;0;0;0.980392;0.019608;0.77084
3488;3489;271;CC(C1=CC=C(I)C=C1)=O;0;0;0.967742;0.032258;0.853125
3489;3490;271;CC(C1=CC=C(I)C=C1)=O;0;0;0.952381;0.047619;0.897754
3490;3491;271;CC(C1=CC=C(I)C=C1)=O;0;0;0.909091;0.090909;0.962736
3491;3492;272;O=CC1=CC=CC=C1Br;0;0;1;0;0.831789
3492;3493;272;O=CC1=CC=CC=C1Br;0;0;0.990099;0.009901;0.905596
3493;3494;272;O=CC1=CC=CC=C1Br;0;0;0.980392;0.019608;0.936344
3494;3495;272;O=CC1=CC=CC=C1Br;0;0;0.967742;0.032258;0.952083
3495;3496;272;O=CC1=CC=CC=C1Br;0;0;0.952381;0.047619;0.970316
3496;3497;272;O=CC1=CC=CC=C1Br;0;0;0.909091;0.090909;0.996612
3497;3498;273;O=CC1=CC=C([N+]([O-])=O)C=C1[N+]([O-])=O;0;0;1;0;0.646488
3498;3499;273;O=CC1=CC=C([N+]([O-])=O)C=C1[N+]([O-])=O;0;0;0.990099;0.009901;0.699188
3499;3500;273;O=CC1=CC=C([N+]([O-])=O)C=C1[N+]([O-])=O;0;0;0.980392;0.019608;0.787299
3500;3501;273;O=CC1=CC=C([N+]([O-])=O)C=C1[N+]([O-])=O;0;0;0.967742;0.032258;0.797826
3501;3502;273;O=CC1=CC=C([N+]([O-])=O)C=C1[N+]([O-])=O;0;0;0.952381;0.047619;0.817067
3502;3503;273;O=CC1=CC=C([N+]([O-])=O)C=C1[N+]([O-])=O;0;0;0.909091;0.090909;0.833444
3503;3504;274;N#CCC(C1=CC=CC=C1)=O;0;0;1;0;0.35416
3504;3505;274;N#CCC(C1=CC=CC=C1)=O;0;0;0.990099;0.009901;0.465224
3505;3506;274;N#CCC(C1=CC=CC=C1)=O;0;0;0.980392;0.019608;0.70627
3506;3507;274;N#CCC(C1=CC=CC=C1)=O;0;0;0.967742;0.032258;0.734177
3507;3508;274;N#CCC(C1=CC=CC=C1)=O;0;0;0.952381;0.047619;0.796741
3508;3509;274;N#CCC(C1=CC=CC=C1)=O;0;0;0.909091;0.090909;0.836913
3509;3510;275;O=CC1=CC(Cl)=CC=C1O;0;0;1;0;0.857235
3510;3511;275;O=CC1=CC(Cl)=CC=C1O;0;0;0.990099;0.009901;0.893045
3511;3512;275;O=CC1=CC(Cl)=CC=C1O;0;0;0.980392;0.019608;0.956109
3512;3513;275;O=CC1=CC(Cl)=CC=C1O;0;0;0.967742;0.032258;0.967892
3513;3514;275;O=CC1=CC(Cl)=CC=C1O;0;0;0.952381;0.047619;0.983062
3514;3515;275;O=CC1=CC(Cl)=CC=C1O;0;0;0.909091;0.090909;0.98959
3515;3516;276;O=CC1=CC=CC=C1C=O;0;0;1;0;0.024442
3516;3517;276;O=CC1=CC=CC=C1C=O;0;0;0.990099;0.009901;0.04743
3517;3518;276;O=CC1=CC=CC=C1C=O;0;0;0.980392;0.019608;0.162701
3518;3519;276;O=CC1=CC=CC=C1C=O;0;0;0.967742;0.032258;0.229451
3519;3520;276;O=CC1=CC=CC=C1C=O;0;0;0.952381;0.047619;0.33941
3520;3521;276;O=CC1=CC=CC=C1C=O;0;0;0.909091;0.090909;0.625248
3521;3522;277;O=CC1=CC=CC=C1[N+]([O-])=O;0;0;1;0;0.724921
3522;3523;277;O=CC1=CC=CC=C1[N+]([O-])=O;0;0;0.990099;0.009901;0.79945
3523;3524;277;O=CC1=CC=CC=C1[N+]([O-])=O;0;0;0.980392;0.019608;0.926622
3524;3525;277;O=CC1=CC=CC=C1[N+]([O-])=O;0;0;0.967742;0.032258;0.93842
3525;3526;277;O=CC1=CC=CC=C1[N+]([O-])=O;0;0;0.952381;0.047619;0.955811
3526;3527;277;O=CC1=CC=CC=C1[N+]([O-])=O;0;0;0.909091;0.090909;0.98265
3527;3528;278;O=CC1=CC=C(O)C=C1O;0;0;1;0;0.066822
3528;3529;278;O=CC1=CC=C(O)C=C1O;0;0;0.990099;0.009901;0.116219
3529;3530;278;O=CC1=CC=C(O)C=C1O;0;0;0.980392;0.019608;0.255741
3530;3531;278;O=CC1=CC=C(O)C=C1O;0;0;0.967742;0.032258;0.292975
3531;3532;278;O=CC1=CC=C(O)C=C1O;0;0;0.952381;0.047619;0.422143
3532;3533;278;O=CC1=CC=C(O)C=C1O;0;0;0.909091;0.090909;0.628718
3533;3534;279;O=CC1=CC=C(C(F)(F)F)C=C1;0;0;1;0;0.867684
3534;3535;279;O=CC1=CC=C(C(F)(F)F)C=C1;0;0;0.990099;0.009901;0.88103
3535;3536;279;O=CC1=CC=C(C(F)(F)F)C=C1;0;0;0.980392;0.019608;0.919634
3536;3537;279;O=CC1=CC=C(C(F)(F)F)C=C1;0;0;0.967742;0.032258;0.932017
3537;3538;279;O=CC1=CC=C(C(F)(F)F)C=C1;0;0;0.952381;0.047619;0.952412
3538;3539;279;O=CC1=CC=C(C(F)(F)F)C=C1;0;0;0.909091;0.090909;0.97918
3539;3540;280;C/C(C1=CC=CC=C1)=N\O;0;0;1;0;0.209584
3540;3541;280;C/C(C1=CC=CC=C1)=N\O;0;0;0.990099;0.009901;0.248786
3541;3542;280;C/C(C1=CC=CC=C1)=N\O;0;0;0.980392;0.019608;0.461897
3542;3543;280;C/C(C1=CC=CC=C1)=N\O;0;0;0.967742;0.032258;0.507122
3543;3544;280;C/C(C1=CC=CC=C1)=N\O;0;0;0.952381;0.047619;0.578505
3544;3545;280;C/C(C1=CC=CC=C1)=N\O;0;0;0.909091;0.090909;0.736286
3545;3546;281;O=C1CCCCCC1;0;0;1;0;0.5493
3546;3547;281;O=C1CCCCCC1;0;0;0.990099;0.009901;0.645499
3547;3548;281;O=C1CCCCCC1;0;0;0.980392;0.019608;0.774455
3548;3549;281;O=C1CCCCCC1;0;0;0.967742;0.032258;0.879804
3549;3550;281;O=C1CCCCCC1;0;0;0.952381;0.047619;0.920742
3550;3551;281;O=C1CCCCCC1;0;0;0.909091;0.090909;0.947219
3551;3552;282;O=CC1=CC(C)=CC=C1O;0;0;1;0;0.728927
3552;3553;282;O=CC1=CC(C)=CC=C1O;0;0;0.990099;0.009901;0.824437
3553;3554;282;O=CC1=CC(C)=CC=C1O;0;0;0.980392;0.019608;0.882023
3554;3555;282;O=CC1=CC(C)=CC=C1O;0;0;0.967742;0.032258;0.927882
3555;3556;282;O=CC1=CC(C)=CC=C1O;0;0;0.952381;0.047619;0.944864
3556;3557;282;O=CC1=CC(C)=CC=C1O;0;0;0.909091;0.090909;0.975369
3557;3558;283;O=CC1=C2C=CC=CC2=CC=C1O;0;0;1;0;0.75832
3558;3559;283;O=CC1=C2C=CC=CC2=CC=C1O;0;0;0.990099;0.009901;0.848071
3559;3560;283;O=CC1=C2C=CC=CC2=CC=C1O;0;0;0.980392;0.019608;0.923662
3560;3561;283;O=CC1=C2C=CC=CC2=CC=C1O;0;0;0.967742;0.032258;0.945053
3561;3562;283;O=CC1=C2C=CC=CC2=CC=C1O;0;0;0.952381;0.047619;0.958648
3562;3563;283;O=CC1=C2C=CC=CC2=CC=C1O;0;0;0.909091;0.090909;0.989444
3563;3564;284;O=CC1=CC=CC(I)=C1;0;0;1;0;0.771384
3564;3565;284;O=CC1=CC=CC(I)=C1;0;0;0.990099;0.009901;0.861576
3565;3566;284;O=CC1=CC=CC(I)=C1;0;0;0.980392;0.019608;0.944481
3566;3567;284;O=CC1=CC=CC(I)=C1;0;0;0.967742;0.032258;0.95879
3567;3568;284;O=CC1=CC=CC(I)=C1;0;0;0.952381;0.047619;0.968986
3568;3569;284;O=CC1=CC=CC(I)=C1;0;0;0.909091;0.090909;1
3569;3570;285;O=CC1=CC([N+]([O-])=O)=CC=C1O;0;0;1;0;0.644959
3570;3571;285;O=CC1=CC([N+]([O-])=O)=CC=C1O;0;0;0.990099;0.009901;0.728989
3571;3572;285;O=CC1=CC([N+]([O-])=O)=CC=C1O;0;0;0.980392;0.019608;0.888585
3572;3573;285;O=CC1=CC([N+]([O-])=O)=CC=C1O;0;0;0.967742;0.032258;0.899372
3573;3574;285;O=CC1=CC([N+]([O-])=O)=CC=C1O;0;0;0.952381;0.047619;0.948839
3574;3575;285;O=CC1=CC([N+]([O-])=O)=CC=C1O;0;0;0.909091;0.090909;0.957923
3575;3576;286;O=CC1=CC=CC([N+]([O-])=O)=C1;0;0;1;0;0.608798
3576;3577;286;O=CC1=CC=CC([N+]([O-])=O)=C1;0;0;0.990099;0.009901;0.701888
3577;3578;286;O=CC1=CC=CC([N+]([O-])=O)=C1;0;0;0.980392;0.019608;0.797428
3578;3579;286;O=CC1=CC=CC([N+]([O-])=O)=C1;0;0;0.967742;0.032258;0.829974
3579;3580;286;O=CC1=CC=CC([N+]([O-])=O)=C1;0;0;0.952381;0.047619;0.880624
3580;3581;286;O=CC1=CC=CC([N+]([O-])=O)=C1;0;0;0.909091;0.090909;0.933378
3581;3582;287;O=CC1=CC2=CC=CC=C2S1;0;0;1;0;0.677834
3582;3583;287;O=CC1=CC2=CC=CC=C2S1;0;0;0.990099;0.009901;0.75609
3583;3584;287;O=CC1=CC2=CC=CC=C2S1;0;0;0.980392;0.019608;0.800804
3584;3585;287;O=CC1=CC2=CC=CC=C2S1;0;0;0.967742;0.032258;0.875083
3585;3586;287;O=CC1=CC2=CC=CC=C2S1;0;0;0.952381;0.047619;0.924963
3586;3587;287;O=CC1=CC2=CC=CC=C2S1;0;0;0.909091;0.090909;0.971949
3587;3588;288;O=CC1=CC=CC(OC)=C1O;0;0;1;0;0.404978
3588;3589;288;O=CC1=CC=CC(OC)=C1O;0;0;0.990099;0.009901;0.52573
3589;3590;288;O=CC1=CC=CC(OC)=C1O;0;0;0.980392;0.019608;0.665756
3590;3591;288;O=CC1=CC=CC(OC)=C1O;0;0;0.967742;0.032258;0.781395
3591;3592;288;O=CC1=CC=CC(OC)=C1O;0;0;0.952381;0.047619;0.866981
3592;3593;288;O=CC1=CC=CC(OC)=C1O;0;0;0.909091;0.090909;0.971949
3593;3594;290;O=C(C1=CC=CC=C1)CC(C(F)(F)F)=O;0;0;1;0;0.908554
3594;3595;290;O=C(C1=CC=CC=C1)CC(C(F)(F)F)=O;0;0;0.990099;0.009901;0.943744
3595;3596;290;O=C(C1=CC=CC=C1)CC(C(F)(F)F)=O;0;0;0.980392;0.019608;0.964075
3596;3597;290;O=C(C1=CC=CC=C1)CC(C(F)(F)F)=O;0;0;0.967742;0.032258;0.970607
3597;3598;290;O=C(C1=CC=CC=C1)CC(C(F)(F)F)=O;0;0;0.952381;0.047619;0.974375
3598;3599;290;O=C(C1=CC=CC=C1)CC(C(F)(F)F)=O;0;0;0.909091;0.090909;0.983288
3599;3600;291;O=CC1=C2C=CC=CC2=CC3=CC=CC=C13;0;0;1;0;0.75832
3600;3601;291;O=CC1=C2C=CC=CC2=CC3=CC=CC=C13;0;0;0.990099;0.009901;0.837851
3601;3602;291;O=CC1=C2C=CC=CC2=CC3=CC=CC=C13;0;0;0.980392;0.019608;0.928149
3602;3603;291;O=CC1=C2C=CC=CC2=CC3=CC=CC=C13;0;0;0.967742;0.032258;0.944479
3603;3604;291;O=CC1=C2C=CC=CC2=CC3=CC=CC=C13;0;0;0.952381;0.047619;0.948749
3604;3605;291;O=CC1=C2C=CC=CC2=CC3=CC=CC=C13;0;0;0.909091;0.090909;0.989973
3605;3606;292;O=CC1=CC=C(OC(F)(F)F)C=C1;0;0;1;0;0.787714
3606;3607;292;O=CC1=CC=C(OC(F)(F)F)C=C1;0;0;0.990099;0.009901;0.854397
3607;3608;292;O=CC1=CC=C(OC(F)(F)F)C=C1;0;0;0.980392;0.019608;0.937947
3608;3609;292;O=CC1=CC=C(OC(F)(F)F)C=C1;0;0;0.967742;0.032258;0.957543
3609;3610;292;O=CC1=CC=C(OC(F)(F)F)C=C1;0;0;0.952381;0.047619;0.958359
3610;3611;292;O=CC1=CC=C(OC(F)(F)F)C=C1;0;0;0.909091;0.090909;0.973261
3611;3612;293;O=CC1=CC=CC(C(F)(F)F)=C1;0;0;1;0;0.802005
3612;3613;293;O=CC1=CC=CC(C(F)(F)F)=C1;0;0;0.990099;0.009901;0.905466
3613;3614;293;O=CC1=CC=CC(C(F)(F)F)=C1;0;0;0.980392;0.019608;0.943369
3614;3615;293;O=CC1=CC=CC(C(F)(F)F)=C1;0;0;0.967742;0.032258;0.962987
3615;3616;293;O=CC1=CC=CC(C(F)(F)F)=C1;0;0;0.952381;0.047619;0.972948
3616;3617;293;O=CC1=CC=CC(C(F)(F)F)=C1;0;0;0.909091;0.090909;0.993036
3617;3618;294;O=CC1=CC2=CC=CC=C2S1;0;0;1;0;0.688866
3618;3619;294;O=CC1=CC2=CC=CC=C2S1;0;0;0.990099;0.009901;0.787299
3619;3620;294;O=CC1=CC2=CC=CC=C2S1;0;0;0.980392;0.019608;0.860089
3620;3621;294;O=CC1=CC2=CC=CC=C2S1;0;0;0.967742;0.032258;0.919244
3621;3622;294;O=CC1=CC2=CC=CC=C2S1;0;0;0.952381;0.047619;0.946739
3622;3623;294;O=CC1=CC2=CC=CC=C2S1;0;0;0.909091;0.090909;0.989554
3623;3624;295;CC(C1=CC=C(C)C=C1)=O;0;0;1;0;0.538013
3624;3625;295;CC(C1=CC=C(C)C=C1)=O;0;0;0.990099;0.009901;0.638746
3625;3626;295;CC(C1=CC=C(C)C=C1)=O;0;0;0.980392;0.019608;0.773477
3626;3627;295;CC(C1=CC=C(C)C=C1)=O;0;0;0.967742;0.032258;0.845217
3627;3628;295;CC(C1=CC=C(C)C=C1)=O;0;0;0.952381;0.047619;0.909687
3628;3629;295;CC(C1=CC=C(C)C=C1)=O;0;0;0.909091;0.090909;0.93036
3629;3630;296;O=CC1=CC=C(OCC2=CC=CC=C2)C=C1;0;0;1;0;0.453158
3630;3631;296;O=CC1=CC=C(OCC2=CC=CC=C2)C=C1;0;0;0.990099;0.009901;0.618489
3631;3632;296;O=CC1=CC=C(OCC2=CC=CC=C2)C=C1;0;0;0.980392;0.019608;0.816783
3632;3633;296;O=CC1=CC=C(OCC2=CC=CC=C2)C=C1;0;0;0.967742;0.032258;0.878866
3633;3634;296;O=CC1=CC=C(OCC2=CC=CC=C2)C=C1;0;0;0.952381;0.047619;0.906739
3634;3635;296;O=CC1=CC=C(OCC2=CC=CC=C2)C=C1;0;0;0.909091;0.090909;0.96518
3635;3636;297;CC(C1=CC=C(N)C=C1)=O;0;0;1;0;0.061079
3636;3637;297;CC(C1=CC=C(N)C=C1)=O;0;0;0.990099;0.009901;0.169961
3637;3638;297;CC(C1=CC=C(N)C=C1)=O;0;0;0.980392;0.019608;0.421247
3638;3639;297;CC(C1=CC=C(N)C=C1)=O;0;0;0.967742;0.032258;0.491742
3639;3640;297;CC(C1=CC=C(N)C=C1)=O;0;0;0.952381;0.047619;0.612287
3640;3641;297;CC(C1=CC=C(N)C=C1)=O;0;0;0.909091;0.090909;0.786855
3641;3642;298;O=CC1=CC=C(C)C=C1;0;0;1;0;0.672174
3642;3643;298;O=CC1=CC=C(C)C=C1;0;0;0.990099;0.009901;0.754308
3643;3644;298;O=CC1=CC=C(C)C=C1;0;0;0.980392;0.019608;0.838487
3644;3645;298;O=CC1=CC=C(C)C=C1;0;0;0.967742;0.032258;0.886672
3645;3646;298;O=CC1=CC=C(C)C=C1;0;0;0.952381;0.047619;0.939838
3646;3647;298;O=CC1=CC=C(C)C=C1;0;0;0.909091;0.090909;0.982529
3647;3648;299;CC(C1=CC=CC=C1F)=O;0;0;1;0;0.681722
3648;3649;299;CC(C1=CC=CC=C1F)=O;0;0;0.990099;0.009901;0.767589
3649;3650;299;CC(C1=CC=CC=C1F)=O;0;0;0.980392;0.019608;0.855312
3650;3651;299;CC(C1=CC=CC=C1F)=O;0;0;0.967742;0.032258;0.896975
3651;3652;299;CC(C1=CC=CC=C1F)=O;0;0;0.952381;0.047619;0.936495
3652;3653;299;CC(C1=CC=CC=C1F)=O;0;0;0.909091;0.090909;0.968552
3653;3654;300;N#CS(=O)(C1=CC=C(C)C=C1)=O;0;0;1;0;0.914065
3654;3655;300;N#CS(=O)(C1=CC=C(C)C=C1)=O;0;0;0.990099;0.009901;0.966798
3655;3656;300;N#CS(=O)(C1=CC=C(C)C=C1)=O;0;0;0.980392;0.019608;1
3656;3657;300;N#CS(=O)(C1=CC=C(C)C=C1)=O;0;0;0.967742;0.032258;1
3657;3658;300;N#CS(=O)(C1=CC=C(C)C=C1)=O;0;0;0.952381;0.047619;1
3658;3659;300;N#CS(=O)(C1=CC=C(C)C=C1)=O;0;0;0.909091;0.090909;1
3659;3660;301;CC(C1=CC=C(C)C=C1C)=O;0;0;1;0;0.635977
3660;3661;301;CC(C1=CC=C(C)C=C1C)=O;0;0;0.990099;0.009901;0.658434
3661;3662;301;CC(C1=CC=C(C)C=C1C)=O;0;0;0.980392;0.019608;0.865606
3662;3663;301;CC(C1=CC=C(C)C=C1C)=O;0;0;0.967742;0.032258;0.893174
3663;3664;301;CC(C1=CC=C(C)C=C1C)=O;0;0;0.952381;0.047619;0.918495
3664;3665;301;CC(C1=CC=C(C)C=C1C)=O;0;0;0.909091;0.090909;1
3665;3666;302;CCC(C1=CC=C(Cl)C=C1)=O;0;0;1;0;0.746988
3666;3667;302;CCC(C1=CC=C(Cl)C=C1)=O;0;0;0.990099;0.009901;0.787081
3667;3668;302;CCC(C1=CC=C(Cl)C=C1)=O;0;0;0.980392;0.019608;0.906958
3668;3669;302;CCC(C1=CC=C(Cl)C=C1)=O;0;0;0.967742;0.032258;0.917296
3669;3670;302;CCC(C1=CC=C(Cl)C=C1)=O;0;0;0.952381;0.047619;0.946844
3670;3671;302;CCC(C1=CC=C(Cl)C=C1)=O;0;0;0.909091;0.090909;0.996418
3671;3672;303;CC(C1=CC=CC(C)=C1)=O;0;0;1;0;0.635977
3672;3673;303;CC(C1=CC=CC(C)=C1)=O;0;0;0.990099;0.009901;0.636295
3673;3674;303;CC(C1=CC=CC(C)=C1)=O;0;0;0.980392;0.019608;0.789793
3674;3675;303;CC(C1=CC=CC(C)=C1)=O;0;0;0.967742;0.032258;0.848376
3675;3676;303;CC(C1=CC=CC(C)=C1)=O;0;0;0.952381;0.047619;0.918495
3676;3677;303;CC(C1=CC=CC(C)=C1)=O;0;0;0.909091;0.090909;0.974928
3677;3678;304;CC(C1=CC=C(C)C=C1)=O;0;0;1;0;0.591333
3678;3679;304;CC(C1=CC=C(C)C=C1)=O;0;0;0.990099;0.009901;0.623645
3679;3680;304;CC(C1=CC=C(C)C=C1)=O;0;0;0.980392;0.019608;0.820807
3680;3681;304;CC(C1=CC=C(C)C=C1)=O;0;0;0.967742;0.032258;0.869052
3681;3682;304;CC(C1=CC=C(C)C=C1)=O;0;0;0.952381;0.047619;0.939757
3682;3683;304;CC(C1=CC=C(C)C=C1)=O;0;0;0.909091;0.090909;0.971346
3683;3684;305;CC(C1=C(N)C=C(OCO2)C2=C1)=O;0;0;1;0;0.117108
3684;3685;305;CC(C1=C(N)C=C(OCO2)C2=C1)=O;0;0;0.990099;0.009901;0.182041
3685;3686;305;CC(C1=C(N)C=C(OCO2)C2=C1)=O;0;0;0.980392;0.019608;0.519483
3686;3687;305;CC(C1=C(N)C=C(OCO2)C2=C1)=O;0;0;0.967742;0.032258;0.611368
3687;3688;305;CC(C1=C(N)C=C(OCO2)C2=C1)=O;0;0;0.952381;0.047619;0.716504
3688;3689;305;CC(C1=C(N)C=C(OCO2)C2=C1)=O;0;0;0.909091;0.090909;0.885383
3689;3690;306;CC(C1=C(C)C=C(C)C=C1C)=O;0;0;1;0;0.668839
3690;3691;306;CC(C1=C(C)C=C(C)C=C1C)=O;0;0;0.990099;0.009901;0.702249
3691;3692;306;CC(C1=C(C)C=C(C)C=C1C)=O;0;0;0.980392;0.019608;0.822418
3692;3693;306;CC(C1=C(C)C=C(C)C=C1C)=O;0;0;0.967742;0.032258;0.885492
3693;3694;306;CC(C1=C(C)C=C(C)C=C1C)=O;0;0;0.952381;0.047619;0.936213
3694;3695;306;CC(C1=C(C)C=C(C)C=C1C)=O;0;0;0.909091;0.090909;0.967764
3695;3696;307;CC(C1=CC=CC=C1OC)=O;0;0;1;0;0.438723
3696;3697;307;CC(C1=CC=CC=C1OC)=O;0;0;0.990099;0.009901;0.454175
3697;3698;307;CC(C1=CC=CC=C1OC)=O;0;0;0.980392;0.019608;0.634389
3698;3699;307;CC(C1=CC=CC=C1OC)=O;0;0;0.967742;0.032258;0.757105
3699;3700;307;CC(C1=CC=CC=C1OC)=O;0;0;0.952381;0.047619;0.87597
3700;3701;307;CC(C1=CC=CC=C1OC)=O;0;0;0.909091;0.090909;0.924783
3701;3702;308;CCC(C1=CC=C(Cl)C=C1)=O;0;0;1;0;0.710794
3702;3703;308;CCC(C1=CC=C(Cl)C=C1)=O;0;0;0.990099;0.009901;0.729629
3703;3704;308;CCC(C1=CC=C(Cl)C=C1)=O;0;0;0.980392;0.019608;0.846792
3704;3705;308;CCC(C1=CC=C(Cl)C=C1)=O;0;0;0.967742;0.032258;0.888962
3705;3706;308;CCC(C1=CC=C(Cl)C=C1)=O;0;0;0.952381;0.047619;0.950388
3706;3707;308;CCC(C1=CC=C(Cl)C=C1)=O;0;0;0.909091;0.090909;0.953437
3707;3708;309;N#CC1=CC=C(C(C)=O)C=C1;0;0;1;0;0.445534
3708;3709;309;N#CC1=CC=C(C(C)=O)C=C1;0;0;0.990099;0.009901;0.539762
3709;3710;309;N#CC1=CC=C(C(C)=O)C=C1;0;0;0.980392;0.019608;0.685329
3710;3711;309;N#CC1=CC=C(C(C)=O)C=C1;0;0;0.967742;0.032258;0.82344
3711;3712;309;N#CC1=CC=C(C(C)=O)C=C1;0;0;0.952381;0.047619;0.868417
3712;3713;309;N#CC1=CC=C(C(C)=O)C=C1;0;0;0.909091;0.090909;0.985412
3713;3714;310;CC(C1=CC=CC(Br)=C1)=O;0;0;1;0;0.760949
3714;3715;310;CC(C1=CC=CC(Br)=C1)=O;0;0;0.990099;0.009901;0.776456
3715;3716;310;CC(C1=CC=CC(Br)=C1)=O;0;0;0.980392;0.019608;0.837477
3716;3717;310;CC(C1=CC=CC(Br)=C1)=O;0;0;0.967742;0.032258;0.91172
3717;3718;310;CC(C1=CC=CC(Br)=C1)=O;0;0;0.952381;0.047619;0.925318
3718;3719;310;CC(C1=CC=CC(Br)=C1)=O;0;0;0.909091;0.090909;0.989059
3719;3720;311;O=CC1=CC=CC(C)=C1;0;0;1;0;0.78087
3720;3721;311;O=CC1=CC=CC(C)=C1;0;0;0.990099;0.009901;0.802755
3721;3722;311;O=CC1=CC=CC(C)=C1;0;0;0.980392;0.019608;0.861683
3722;3723;311;O=CC1=CC=CC(C)=C1;0;0;0.967742;0.032258;0.908189
3723;3724;311;O=CC1=CC=CC(C)=C1;0;0;0.952381;0.047619;0.939543
3724;3725;311;O=CC1=CC=CC(C)=C1;0;0;0.909091;0.090909;0.985412
3725;3726;312;CC(C1=CC=CC(C(F)(F)F)=C1)=O;0;0;1;0;0.777549
3726;3727;312;CC(C1=CC=CC(C(F)(F)F)=C1)=O;0;0;0.990099;0.009901;0.812617
3727;3728;312;CC(C1=CC=CC(C(F)(F)F)=C1)=O;0;0;0.980392;0.019608;0.88243
3728;3729;312;CC(C1=CC=CC(C(F)(F)F)=C1)=O;0;0;0.967742;0.032258;0.925845
3729;3730;312;CC(C1=CC=CC(C(F)(F)F)=C1)=O;0;0;0.952381;0.047619;0.950212
3730;3731;312;CC(C1=CC=CC(C(F)(F)F)=C1)=O;0;0;0.909091;0.090909;0.97447
3731;3732;313;CC(C1=CC=C(Cl)C=C1Cl)=O;0;0;1;0;0.612287
3732;3733;313;CC(C1=CC=C(Cl)C=C1Cl)=O;0;0;0.990099;0.009901;0.752563
3733;3734;313;CC(C1=CC=C(Cl)C=C1Cl)=O;0;0;0.980392;0.019608;0.882809
3734;3735;313;CC(C1=CC=C(Cl)C=C1Cl)=O;0;0;0.967742;0.032258;0.935105
3735;3736;313;CC(C1=CC=C(Cl)C=C1Cl)=O;0;0;0.952381;0.047619;0.946404
3736;3737;313;CC(C1=CC=C(Cl)C=C1Cl)=O;0;0;0.909091;0.090909;0.977433
3737;3738;314;O=CC1=CC=C2C=CC=CC2=C1;0;0;1;0;0.515359
3738;3739;314;O=CC1=CC=C2C=CC=CC2=C1;0;0;0.990099;0.009901;0.649732
3739;3740;314;O=CC1=CC=C2C=CC=CC2=C1;0;0;0.980392;0.019608;0.762363
3740;3741;314;O=CC1=CC=C2C=CC=CC2=C1;0;0;0.967742;0.032258;0.841007
3741;3742;314;O=CC1=CC=C2C=CC=CC2=C1;0;0;0.952381;0.047619;0.873893
3742;3743;314;O=CC1=CC=C2C=CC=CC2=C1;0;0;0.909091;0.090909;0.909733
3743;3744;315;O=C1CCCC2=C1C=CC=C2OC;0;0;1;0;0.224575
3744;3745;315;O=C1CCCC2=C1C=CC=C2OC;0;0;0.990099;0.009901;0.373374
3745;3746;315;O=C1CCCC2=C1C=CC=C2OC;0;0;0.980392;0.019608;0.63215
3746;3747;315;O=C1CCCC2=C1C=CC=C2OC;0;0;0.967742;0.032258;0.714462
3747;3748;315;O=C1CCCC2=C1C=CC=C2OC;0;0;0.952381;0.047619;0.773007
3748;3749;315;O=C1CCCC2=C1C=CC=C2OC;0;0;0.909091;0.090909;0.816242
3749;3750;316;O=CC1=CC=C(N(C)C)C=C1;0;0;1;0;0.094223
3750;3751;316;O=CC1=CC=C(N(C)C)C=C1;0;0;0.990099;0.009901;0.215915
3751;3752;316;O=CC1=CC=C(N(C)C)C=C1;0;0;0.980392;0.019608;0.560533
3752;3753;316;O=CC1=CC=C(N(C)C)C=C1;0;0;0.967742;0.032258;0.662546
3753;3754;316;O=CC1=CC=C(N(C)C)C=C1;0;0;0.952381;0.047619;0.766702
3754;3755;316;O=CC1=CC=C(N(C)C)C=C1;0;0;0.909091;0.090909;0.825913
3755;3756;317;CC(C1=CC=CC=C1F)=O;0;0;1;0;0.598936
3756;3757;317;CC(C1=CC=CC=C1F)=O;0;0;0.990099;0.009901;0.697256
3757;3758;317;CC(C1=CC=CC=C1F)=O;0;0;0.980392;0.019608;0.812828
3758;3759;317;CC(C1=CC=CC=C1F)=O;0;0;0.967742;0.032258;0.865658
3759;3760;317;CC(C1=CC=CC=C1F)=O;0;0;0.952381;0.047619;0.907699
3760;3761;317;CC(C1=CC=CC=C1F)=O;0;0;0.909091;0.090909;0.95305
3761;3762;318;O=CC1=CC=C(C)C=C1;0;0;1;0;0.562774
3762;3763;318;O=CC1=CC=C(C)C=C1;0;0;0.990099;0.009901;0.648427
3763;3764;318;O=CC1=CC=C(C)C=C1;0;0;0.980392;0.019608;0.769378
3764;3765;318;O=CC1=CC=C(C)C=C1;0;0;0.967742;0.032258;0.816508
3765;3766;318;O=CC1=CC=C(C)C=C1;0;0;0.952381;0.047619;0.824947
3766;3767;318;O=CC1=CC=C(C)C=C1;0;0;0.909091;0.090909;0.902747
3767;3768;319;O=CC1=CC=C2C=CC=CC2=C1Br;0;0;1;0;0.740294
3768;3769;319;O=CC1=CC=C2C=CC=CC2=C1Br;0;0;0.990099;0.009901;0.807937
3769;3770;319;O=CC1=CC=C2C=CC=CC2=C1Br;0;0;0.980392;0.019608;0.876333
3770;3771;319;O=CC1=CC=C2C=CC=CC2=C1Br;0;0;0.967742;0.032258;0.921361
3771;3772;319;O=CC1=CC=C2C=CC=CC2=C1Br;0;0;0.952381;0.047619;0.933162
3772;3773;319;O=CC1=CC=C2C=CC=CC2=C1Br;0;0;0.909091;0.090909;0.969818
3773;3774;320;CCCCC(C1=CC=C(Br)C=C1)=O;0;0;1;0;0.737007
3774;3775;320;CCCCC(C1=CC=C(Br)C=C1)=O;0;0;0.990099;0.009901;0.814447
3775;3776;320;CCCCC(C1=CC=C(Br)C=C1)=O;0;0;0.980392;0.019608;0.906414
3776;3777;320;CCCCC(C1=CC=C(Br)C=C1)=O;0;0;0.967742;0.032258;0.957404
3777;3778;320;CCCCC(C1=CC=C(Br)C=C1)=O;0;0;0.952381;0.047619;0.958624
3778;3779;320;CCCCC(C1=CC=C(Br)C=C1)=O;0;0;0.909091;0.090909;0.976525
3779;3780;321;O=CC1=C(C2=C34)C=CC4=CC=CC3=CC=C2C=C1;0;0;1;0;0.530098
3780;3781;321;O=CC1=C(C2=C34)C=CC4=CC=CC3=CC=C2C=C1;0;0;0.990099;0.009901;0.656981
3781;3782;321;O=CC1=C(C2=C34)C=CC4=CC=CC3=CC=C2C=C1;0;0;0.980392;0.019608;0.866525
3782;3783;321;O=CC1=C(C2=C34)C=CC4=CC=CC3=CC=C2C=C1;0;0;0.967742;0.032258;0.893841
3783;3784;321;O=CC1=C(C2=C34)C=CC4=CC=CC3=CC=C2C=C1;0;0;0.952381;0.047619;0.915362
3784;3785;321;O=CC1=C(C2=C34)C=CC4=CC=CC3=CC=C2C=C1;0;0;0.909091;0.090909;0.97299
3785;3786;322;O=CC(O1)=CC2=C1C=CC=C2;0;0;1;0;0.569808
3786;3787;322;O=CC(O1)=CC2=C1C=CC=C2;0;0;0.990099;0.009901;0.623999
3787;3788;322;O=CC(O1)=CC2=C1C=CC=C2;0;0;0.980392;0.019608;0.750163
3788;3789;322;O=CC(O1)=CC2=C1C=CC=C2;0;0;0.967742;0.032258;0.76032
3789;3790;322;O=CC(O1)=CC2=C1C=CC=C2;0;0;0.952381;0.047619;0.843745
3790;3791;322;O=CC(O1)=CC2=C1C=CC=C2;0;0;0.909091;0.090909;0.912219
3791;3792;323;CCCC(C1=CC=CC=C1)=O;0;0;1;0;0.669083
3792;3793;323;CCCC(C1=CC=CC=C1)=O;0;0;0.990099;0.009901;0.722947
3793;3794;323;CCCC(C1=CC=CC=C1)=O;0;0;0.980392;0.019608;0.818612
3794;3795;323;CCCC(C1=CC=CC=C1)=O;0;0;0.967742;0.032258;0.830171
3795;3796;323;CCCC(C1=CC=CC=C1)=O;0;0;0.952381;0.047619;0.899085
3796;3797;323;CCCC(C1=CC=CC=C1)=O;0;0;0.909091;0.090909;0.9291
3797;3798;325;O=CC1=CC=C(C)C=C1C;0;0;1;0;0.531858
3798;3799;325;O=CC1=CC=C(C)C=C1C;0;0;0.990099;0.009901;0.62361
3799;3800;325;O=CC1=CC=C(C)C=C1C;0;0;0.980392;0.019608;0.812409
3800;3801;325;O=CC1=CC=C(C)C=C1C;0;0;0.967742;0.032258;0.830108
3801;3802;325;O=CC1=CC=C(C)C=C1C;0;0;0.952381;0.047619;0.872211
3802;3803;325;O=CC1=CC=C(C)C=C1C;0;0;0.909091;0.090909;0.968879
3803;3804;326;CCCCCC(C1=CC=CC=C1)=O;0;0;1;0;0.674625
3804;3805;326;CCCCCC(C1=CC=CC=C1)=O;0;0;0.990099;0.009901;0.714462
3805;3806;326;CCCCCC(C1=CC=CC=C1)=O;0;0;0.980392;0.019608;0.812409
3806;3807;326;CCCCCC(C1=CC=CC=C1)=O;0;0;0.967742;0.032258;0.873414
3807;3808;326;CCCCCC(C1=CC=CC=C1)=O;0;0;0.952381;0.047619;0.885318
3808;3809;326;CCCCCC(C1=CC=CC=C1)=O;0;0;0.909091;0.090909;0.968879
3809;3810;327;O=CC1=CC2=C(OCC2)C=C1;0;0;1;0;0.306087
3810;3811;327;O=CC1=CC2=C(OCC2)C=C1;0;0;0.990099;0.009901;0.35754
3811;3812;327;O=CC1=CC2=C(OCC2)C=C1;0;0;0.980392;0.019608;0.563424
3812;3813;327;O=CC1=CC2=C(OCC2)C=C1;0;0;0.967742;0.032258;0.680203
3813;3814;327;O=CC1=CC2=C(OCC2)C=C1;0;0;0.952381;0.047619;0.731315
3814;3815;327;O=CC1=CC2=C(OCC2)C=C1;0;0;0.909091;0.090909;0.827104
3815;3816;328;O=CC1=CC=CC=C1C2=CC=CC=C2;0;0;1;0;0.621502
3816;3817;328;O=CC1=CC=CC=C1C2=CC=CC=C2;0;0;0.990099;0.009901;0.691749
3817;3818;328;O=CC1=CC=CC=C1C2=CC=CC=C2;0;0;0.980392;0.019608;0.839695
3818;3819;328;O=CC1=CC=CC=C1C2=CC=CC=C2;0;0;0.967742;0.032258;0.920051
3819;3820;328;O=CC1=CC=CC=C1C2=CC=CC=C2;0;0;0.952381;0.047619;0.944297
3820;3821;328;O=CC1=CC=CC=C1C2=CC=CC=C2;0;0;0.909091;0.090909;0.989626
3821;3822;329;O=CC1=CC=C2C=CC=CC2=C1;0;0;1;0;0.571706
3822;3823;329;O=CC1=CC=C2C=CC=CC2=C1;0;0;0.990099;0.009901;0.64356
3823;3824;329;O=CC1=CC=C2C=CC=CC2=C1;0;0;0.980392;0.019608;0.817067
3824;3825;329;O=CC1=CC=C2C=CC=CC2=C1;0;0;0.967742;0.032258;0.83677
3825;3826;329;O=CC1=CC=C2C=CC=CC2=C1;0;0;0.952381;0.047619;0.944481
3826;3827;329;O=CC1=CC=C2C=CC=CC2=C1;0;0;0.909091;0.090909;1
3827;3828;330;CC(C1=CC=C([N+]([O-])=O)C=C1)=O;0;0;1;0;0.479929
3828;3829;330;CC(C1=CC=C([N+]([O-])=O)C=C1)=O;0;0;0.990099;0.009901;0.550286
3829;3830;330;CC(C1=CC=C([N+]([O-])=O)C=C1)=O;0;0;0.980392;0.019608;0.674786
3830;3831;330;CC(C1=CC=C([N+]([O-])=O)C=C1)=O;0;0;0.967742;0.032258;0.740165
3831;3832;330;CC(C1=CC=C([N+]([O-])=O)C=C1)=O;0;0;0.952381;0.047619;0.840383
3832;3833;330;CC(C1=CC=C([N+]([O-])=O)C=C1)=O;0;0;0.909091;0.090909;0.924783
3833;3834;332;O=CC1=C(C)C=CC=C1C;0;0;1;0;0.63629
3834;3835;332;O=CC1=C(C)C=CC=C1C;0;0;0.990099;0.009901;0.706853
3835;3836;332;O=CC1=C(C)C=CC=C1C;0;0;0.980392;0.019608;0.810292
3836;3837;332;O=CC1=C(C)C=CC=C1C;0;0;0.967742;0.032258;0.906726
3837;3838;332;O=CC1=C(C)C=CC=C1C;0;0;0.952381;0.047619;0.930601
3838;3839;332;O=CC1=C(C)C=CC=C1C;0;0;0.909091;0.090909;0.989255
3839;3840;333;O=C1CCOC2=C1C=CC=C2;0;0;1;0;0.337088
3840;3841;333;O=C1CCOC2=C1C=CC=C2;0;0;0.990099;0.009901;0.417037
3841;3842;333;O=C1CCOC2=C1C=CC=C2;0;0;0.980392;0.019608;0.623086
3842;3843;333;O=C1CCOC2=C1C=CC=C2;0;0;0.967742;0.032258;0.687278
3843;3844;333;O=C1CCOC2=C1C=CC=C2;0;0;0.952381;0.047619;0.765251
3844;3845;333;O=C1CCOC2=C1C=CC=C2;0;0;0.909091;0.090909;0.919068
3845;3846;334;O=CC1=CC=NC=C1;0;0;1;0;0.077253
3846;3847;334;O=CC1=CC=NC=C1;0;0;0.990099;0.009901;0.113896
3847;3848;334;O=CC1=CC=NC=C1;0;0;0.980392;0.019608;0.127855
3848;3849;334;O=CC1=CC=NC=C1;0;0;0.967742;0.032258;0.170606
3849;3850;334;O=CC1=CC=NC=C1;0;0;0.952381;0.047619;0.272277
3850;3851;334;O=CC1=CC=NC=C1;0;0;0.909091;0.090909;0.482741
3851;3852;335;CC(C1=CC=C(I)C=C1)=O;0;0;1;0;0.490324
3852;3853;335;CC(C1=CC=C(I)C=C1)=O;0;0;0.990099;0.009901;0.560279
3853;3854;335;CC(C1=CC=C(I)C=C1)=O;0;0;0.980392;0.019608;0.661123
3854;3855;335;CC(C1=CC=C(I)C=C1)=O;0;0;0.967742;0.032258;0.721269
3855;3856;335;CC(C1=CC=C(I)C=C1)=O;0;0;0.952381;0.047619;0.818908
3856;3857;335;CC(C1=CC=C(I)C=C1)=O;0;0;0.909091;0.090909;0.873324
3857;3858;336;CC(OC1=CC=C(C(C)=O)C=C1)=O;0;0;1;0;0.110565
3858;3859;336;CC(OC1=CC=C(C(C)=O)C=C1)=O;0;0;0.990099;0.009901;0.15054
3859;3860;336;CC(OC1=CC=C(C(C)=O)C=C1)=O;0;0;0.980392;0.019608;0.367199
3860;3861;336;CC(OC1=CC=C(C(C)=O)C=C1)=O;0;0;0.967742;0.032258;0.544513
3861;3862;336;CC(OC1=CC=C(C(C)=O)C=C1)=O;0;0;0.952381;0.047619;0.728362
3862;3863;336;CC(OC1=CC=C(C(C)=O)C=C1)=O;0;0;0.909091;0.090909;0.859249
3863;3864;337;CC(C1=CC=C(F)C=C1)=O;0;0;1;0;0.572162
3864;3865;337;CC(C1=CC=C(F)C=C1)=O;0;0;0.990099;0.009901;0.646323
3865;3866;337;CC(C1=CC=C(F)C=C1)=O;0;0;0.980392;0.019608;0.747786
3866;3867;337;CC(C1=CC=C(F)C=C1)=O;0;0;0.967742;0.032258;0.860022
3867;3868;337;CC(C1=CC=C(F)C=C1)=O;0;0;0.952381;0.047619;0.935524
3868;3869;337;CC(C1=CC=C(F)C=C1)=O;0;0;0.909091;0.090909;0.961438
3869;3870;338;CC(C1=CC(Br)=CC=C1F)=O;0;0;1;0;0.771384
3870;3871;338;CC(C1=CC(Br)=CC=C1F)=O;0;0;0.990099;0.009901;0.798826
3871;3872;338;CC(C1=CC(Br)=CC=C1F)=O;0;0;0.980392;0.019608;0.842366
3872;3873;338;CC(C1=CC(Br)=CC=C1F)=O;0;0;0.967742;0.032258;0.938149
3873;3874;338;CC(C1=CC(Br)=CC=C1F)=O;0;0;0.952381;0.047619;0.974209
3874;3875;338;CC(C1=CC(Br)=CC=C1F)=O;0;0;0.909091;0.090909;0.974292
3875;3876;339;CC(C1=CC=CC(Cl)=C1)=O;0;0;1;0;0.683204
3876;3877;339;CC(C1=CC=CC(Cl)=C1)=O;0;0;0.990099;0.009901;0.68526
3877;3878;339;CC(C1=CC=CC(Cl)=C1)=O;0;0;0.980392;0.019608;0.769854
3878;3879;339;CC(C1=CC=CC(Cl)=C1)=O;0;0;0.967742;0.032258;0.902341
3879;3880;339;CC(C1=CC=CC(Cl)=C1)=O;0;0;0.952381;0.047619;0.9323
3880;3881;339;CC(C1=CC=CC(Cl)=C1)=O;0;0;0.909091;0.090909;0.948585
3881;3882;340;O=[N+](C1=CC=C(CBr)C=C1)[O-];0;0;1;0;0.069207
3882;3883;340;O=[N+](C1=CC=C(CBr)C=C1)[O-];0;0;0.990099;0.009901;0.114184
3883;3884;340;O=[N+](C1=CC=C(CBr)C=C1)[O-];0;0;0.980392;0.019608;0.372617
3884;3885;340;O=[N+](C1=CC=C(CBr)C=C1)[O-];0;0;0.967742;0.032258;0.658193
3885;3886;340;O=[N+](C1=CC=C(CBr)C=C1)[O-];0;0;0.952381;0.047619;0.73887
3886;3887;340;O=[N+](C1=CC=C(CBr)C=C1)[O-];0;0;0.909091;0.090909;0.948585
3887;3888;341;O=C1CCCC2=C1C=CC=C2;0;0;1;0;0.420409
3888;3889;341;O=C1CCCC2=C1C=CC=C2;0;0;0.990099;0.009901;0.520038
3889;3890;341;O=C1CCCC2=C1C=CC=C2;0;0;0.980392;0.019608;0.717283
3890;3891;341;O=C1CCCC2=C1C=CC=C2;0;0;0.967742;0.032258;0.864599
3891;3892;341;O=C1CCCC2=C1C=CC=C2;0;0;0.952381;0.047619;0.920051
3892;3893;341;O=C1CCCC2=C1C=CC=C2;0;0;0.909091;0.090909;0.989406
3893;3894;342;O=C(C1=CC=CC=C1)CC2=CC=CC=C2;0;0;1;0;0.633448
3894;3895;342;O=C(C1=CC=CC=C1)CC2=CC=CC=C2;0;0;0.990099;0.009901;0.72057
3895;3896;342;O=C(C1=CC=CC=C1)CC2=CC=CC=C2;0;0;0.980392;0.019608;0.838917
3896;3897;342;O=C(C1=CC=CC=C1)CC2=CC=CC=C2;0;0;0.967742;0.032258;0.945195
3897;3898;342;O=C(C1=CC=CC=C1)CC2=CC=CC=C2;0;0;0.952381;0.047619;0.983344
3898;3899;342;O=C(C1=CC=CC=C1)CC2=CC=CC=C2;0;0;0.909091;0.090909;0.989406
3899;3900;343;O=CC1=CC=C(C2=CC=CC=C2)C=C1;0;0;1;0;0.548859
3900;3901;343;O=CC1=CC=C(C2=CC=CC=C2)C=C1;0;0;0.990099;0.009901;0.635097
3901;3902;343;O=CC1=CC=C(C2=CC=CC=C2)C=C1;0;0;0.980392;0.019608;0.776456
3902;3903;343;O=CC1=CC=C(C2=CC=CC=C2)C=C1;0;0;0.967742;0.032258;0.893614
3903;3904;343;O=CC1=CC=C(C2=CC=CC=C2)C=C1;0;0;0.952381;0.047619;0.950032
3904;3905;343;O=CC1=CC=C(C2=CC=CC=C2)C=C1;0;0;0.909091;0.090909;0.985875
3905;3906;344;O=CC1=CC=C(SC)C=C1;0;0;1;0;0.558258
3906;3907;344;O=CC1=CC=C(SC)C=C1;0;0;0.990099;0.009901;0.638385
3907;3908;344;O=CC1=CC=C(SC)C=C1;0;0;0.980392;0.019608;0.79618
3908;3909;344;O=CC1=CC=C(SC)C=C1;0;0;0.967742;0.032258;0.906509
3909;3910;344;O=CC1=CC=C(SC)C=C1;0;0;0.952381;0.047619;0.953363
3910;3911;344;O=CC1=CC=C(SC)C=C1;0;0;0.909091;0.090909;0.989406
3911;3912;345;SC1=CC=C(Br)C=C1;0;0;1;0;0.980079
3912;3913;345;SC1=CC=C(Br)C=C1;0;0;0.990099;0.009901;0.98685
3913;3914;345;SC1=CC=C(Br)C=C1;0;0;0.980392;0.019608;1
3914;3915;345;SC1=CC=C(Br)C=C1;0;0;0.967742;0.032258;1
3915;3916;345;SC1=CC=C(Br)C=C1;0;0;0.952381;0.047619;1
3916;3917;345;SC1=CC=C(Br)C=C1;0;0;0.909091;0.090909;1
3917;3918;346;O=S(C1=C(C)C=C(C)C=C1C)(Cl)=O;0;0;1;0;0.973439
3918;3919;346;O=S(C1=C(C)C=C(C)C=C1C)(Cl)=O;0;0;0.990099;0.009901;0.98685
3919;3920;346;O=S(C1=C(C)C=C(C)C=C1C)(Cl)=O;0;0;0.980392;0.019608;1
3920;3921;346;O=S(C1=C(C)C=C(C)C=C1C)(Cl)=O;0;0;0.967742;0.032258;1
3921;3922;346;O=S(C1=C(C)C=C(C)C=C1C)(Cl)=O;0;0;0.952381;0.047619;1
3922;3923;346;O=S(C1=C(C)C=C(C)C=C1C)(Cl)=O;0;0;0.909091;0.090909;1
3923;3924;347;OC1=C2C(C3)CCC3C2=C(O)C=C1;0;0;1;0;0.375811
3924;3925;347;OC1=C2C(C3)CCC3C2=C(O)C=C1;0;0;0.990099;0.009901;0.451002
3925;3926;347;OC1=C2C(C3)CCC3C2=C(O)C=C1;0;0;0.980392;0.019608;0.639026
3926;3927;347;OC1=C2C(C3)CCC3C2=C(O)C=C1;0;0;0.967742;0.032258;0.978662
3927;3928;347;OC1=C2C(C3)CCC3C2=C(O)C=C1;0;0;0.952381;0.047619;1
3928;3929;347;OC1=C2C(C3)CCC3C2=C(O)C=C1;0;0;0.909091;0.090909;1
3929;3930;349;OC1=C(I)C=CC=C1F;0;0;1;0;0.788912
3930;3931;349;OC1=C(I)C=CC=C1F;0;0;0.990099;0.009901;0.795508
3931;3932;349;OC1=C(I)C=CC=C1F;0;0;0.980392;0.019608;0.822855
3932;3933;349;OC1=C(I)C=CC=C1F;0;0;0.967742;0.032258;0.934352
3933;3934;349;OC1=C(I)C=CC=C1F;0;0;0.952381;0.047619;0.952239
3934;3935;349;OC1=C(I)C=CC=C1F;0;0;0.909091;0.090909;0.985196
3935;3936;350;OC1=CC=C(F)C=C1I;0;0;1;0;0.73614
3936;3937;350;OC1=CC=C(F)C=C1I;0;0;0.990099;0.009901;0.739438
3937;3938;350;OC1=CC=C(F)C=C1I;0;0;0.980392;0.019608;0.756008
3938;3939;350;OC1=CC=C(F)C=C1I;0;0;0.967742;0.032258;0.832233
3939;3940;350;OC1=CC=C(F)C=C1I;0;0;0.952381;0.047619;0.875088
3940;3941;350;OC1=CC=C(F)C=C1I;0;0;0.909091;0.090909;0.951886
3941;3942;351;O=CC1=CC(OC)=C(O)C(I)=C1;0;0;1;0;0.330454
3942;3943;351;O=CC1=CC(OC)=C(O)C(I)=C1;0;0;0.990099;0.009901;0.366735
3943;3944;351;O=CC1=CC(OC)=C(O)C(I)=C1;0;0;0.980392;0.019608;0.535413
3944;3945;351;O=CC1=CC(OC)=C(O)C(I)=C1;0;0;0.967742;0.032258;0.781174
3945;3946;351;O=CC1=CC(OC)=C(O)C(I)=C1;0;0;0.952381;0.047619;0.838349
3946;3947;351;O=CC1=CC(OC)=C(O)C(I)=C1;0;0;0.909091;0.090909;0.944484
3947;3948;352;OC1=CC=CC=C1C(C)C;0;0;1;0;0.666876
3948;3949;352;OC1=CC=CC=C1C(C)C;0;0;0.990099;0.009901;0.666876
3949;3950;352;OC1=CC=CC=C1C(C)C;0;0;0.980392;0.019608;0.7159
3950;3951;352;OC1=CC=CC=C1C(C)C;0;0;0.967742;0.032258;0.927058
3951;3952;352;OC1=CC=CC=C1C(C)C;0;0;0.952381;0.047619;0.955913
3952;3953;352;OC1=CC=CC=C1C(C)C;0;0;0.909091;0.090909;0.977793
3953;3954;353;OC1=CC=C(F)C=C1N;0;0;1;0;0.614341
3954;3955;353;OC1=CC=C(F)C=C1N;0;0;0.990099;0.009901;0.65908
3955;3956;353;OC1=CC=C(F)C=C1N;0;0;0.980392;0.019608;0.691982
3956;3957;353;OC1=CC=C(F)C=C1N;0;0;0.967742;0.032258;1
3957;3958;353;OC1=CC=C(F)C=C1N;0;0;0.952381;0.047619;1
3958;3959;353;OC1=CC=C(F)C=C1N;0;0;0.909091;0.090909;1
3959;3960;356;OC1=C2C=CC=CC2=CC=C1;0;0;1;0;0.507027
3960;3961;356;OC1=C2C=CC=CC2=CC=C1;0;0;0.990099;0.009901;0.528728
3961;3962;356;OC1=C2C=CC=CC2=CC=C1;0;0;0.980392;0.019608;0.579042
3962;3963;356;OC1=C2C=CC=CC2=CC=C1;0;0;0.967742;0.032258;0.793503
3963;3964;356;OC1=C2C=CC=CC2=CC=C1;0;0;0.952381;0.047619;0.838349
3964;3965;356;OC1=C2C=CC=CC2=CC=C1;0;0;0.909091;0.090909;0.94407
3965;3966;358;O=C(C1=CC=CC=C1O)C2=CC=CC=C2;0;0;1;0;0.775235
3966;3967;358;O=C(C1=CC=CC=C1O)C2=CC=CC=C2;0;0;0.990099;0.009901;0.796685
3967;3968;358;O=C(C1=CC=CC=C1O)C2=CC=CC=C2;0;0;0.980392;0.019608;0.813915
3968;3969;358;O=C(C1=CC=CC=C1O)C2=CC=CC=C2;0;0;0.967742;0.032258;1
3969;3970;358;O=C(C1=CC=CC=C1O)C2=CC=CC=C2;0;0;0.952381;0.047619;1
3970;3971;358;O=C(C1=CC=CC=C1O)C2=CC=CC=C2;0;0;0.909091;0.090909;1
3971;3972;361;OC1=CC=C(Cl)C=C1I;0;0;1;0;0.751837
3972;3973;361;OC1=CC=C(Cl)C=C1I;0;0;0.990099;0.009901;0.750938
3973;3974;361;OC1=CC=C(Cl)C=C1I;0;0;0.980392;0.019608;0.794916
3974;3975;361;OC1=CC=C(Cl)C=C1I;0;0;0.967742;0.032258;0.79166
3975;3976;361;OC1=CC=C(Cl)C=C1I;0;0;0.952381;0.047619;0.855221
3976;3977;361;OC1=CC=C(Cl)C=C1I;0;0;0.909091;0.090909;0.859743
3977;3978;363;OC1=CC(Br)=CC=C1I;0;0;1;0;0.760396
3978;3979;363;OC1=CC(Br)=CC=C1I;0;0;0.990099;0.009901;0.775384
3979;3980;363;OC1=CC(Br)=CC=C1I;0;0;0.980392;0.019608;0.795191
3980;3981;363;OC1=CC(Br)=CC=C1I;0;0;0.967742;0.032258;0.798786
3981;3982;363;OC1=CC(Br)=CC=C1I;0;0;0.952381;0.047619;0.85169
3982;3983;363;OC1=CC(Br)=CC=C1I;0;0;0.909091;0.090909;0.884288
3983;3984;364;OC1=CC=C(OC)C=C1N;0;0;1;0;0.007346
3984;3985;364;OC1=CC=C(OC)C=C1N;0;0;0.990099;0.009901;0.025822
3985;3986;364;OC1=CC=C(OC)C=C1N;0;0;0.980392;0.019608;0.270811
3986;3987;364;OC1=CC=C(OC)C=C1N;0;0;0.967742;0.032258;0.548008
3987;3988;364;OC1=CC=C(OC)C=C1N;0;0;0.952381;0.047619;0.692786
3988;3989;364;OC1=CC=C(OC)C=C1N;0;0;0.909091;0.090909;0.800134
3989;3990;366;O=S(C1=CC=C([N+]([O-])=O)C=C1)(Cl)=O;0;0;1;0;0.859958
3990;3991;366;O=S(C1=CC=C([N+]([O-])=O)C=C1)(Cl)=O;0;0;0.990099;0.009901;0.906207
3991;3992;366;O=S(C1=CC=C([N+]([O-])=O)C=C1)(Cl)=O;0;0;0.980392;0.019608;0.970019
3992;3993;366;O=S(C1=CC=C([N+]([O-])=O)C=C1)(Cl)=O;0;0;0.967742;0.032258;1
3993;3994;366;O=S(C1=CC=C([N+]([O-])=O)C=C1)(Cl)=O;0;0;0.952381;0.047619;1
3994;3995;366;O=S(C1=CC=C([N+]([O-])=O)C=C1)(Cl)=O;0;0;0.909091;0.090909;1
3995;3996;367;N#CC1=CC=C(O)C(N)=C1;0;0;1;0;0.013338
3996;3997;367;N#CC1=CC=C(O)C(N)=C1;0;0;0.990099;0.009901;0.045896
3997;3998;367;N#CC1=CC=C(O)C(N)=C1;0;0;0.980392;0.019608;0.167196
3998;3999;367;N#CC1=CC=C(O)C(N)=C1;0;0;0.967742;0.032258;0.209175
3999;4000;367;N#CC1=CC=C(O)C(N)=C1;0;0;0.952381;0.047619;0.368665
4000;4001;367;N#CC1=CC=C(O)C(N)=C1;0;0;0.909091;0.090909;0.496676
4001;4002;370;O=C(OC)C1=CC=C(O)C(I)=C1;0;0;1;0;0.246275
4002;4003;370;O=C(OC)C1=CC=C(O)C(I)=C1;0;0;0.990099;0.009901;0.337126
4003;4004;370;O=C(OC)C1=CC=C(O)C(I)=C1;0;0;0.980392;0.019608;0.519215
4004;4005;370;O=C(OC)C1=CC=C(O)C(I)=C1;0;0;0.967742;0.032258;0.604672
4005;4006;370;O=C(OC)C1=CC=C(O)C(I)=C1;0;0;0.952381;0.047619;0.668146
4006;4007;371;N#CC1=CC=C(C(C2=CC=CC=C2)=O)C=C1;0;0;1;0;0.471719
4007;4008;371;N#CC1=CC=C(C(C2=CC=CC=C2)=O)C=C1;0;0;0.990099;0.009901;0.572665
4008;4009;371;N#CC1=CC=C(C(C2=CC=CC=C2)=O)C=C1;0;0;0.980392;0.019608;0.780213
4009;4010;371;N#CC1=CC=C(C(C2=CC=CC=C2)=O)C=C1;0;0;0.967742;0.032258;0.981698
4010;4011;371;N#CC1=CC=C(C(C2=CC=CC=C2)=O)C=C1;0;0;0.952381;0.047619;0.981357
4011;4012;371;N#CC1=CC=C(C(C2=CC=CC=C2)=O)C=C1;0;0;0.909091;0.090909;1
4012;4013;372;OC1=CC=C2C=CC=CC2=C1I;0;0;1;0;0.226086
4013;4014;372;OC1=CC=C2C=CC=CC2=C1I;0;0;0.990099;0.009901;0.290018
4014;4015;372;OC1=CC=C2C=CC=CC2=C1I;0;0;0.980392;0.019608;0.584465
4015;4016;372;OC1=CC=C2C=CC=CC2=C1I;0;0;0.967742;0.032258;0.736448
4016;4017;372;OC1=CC=C2C=CC=CC2=C1I;0;0;0.952381;0.047619;0.835938
4017;4018;373;OC1=CC=C(C)C=C1I;0;0;1;0;0.779455
4018;4019;373;OC1=CC=C(C)C=C1I;0;0;0.990099;0.009901;0.78781
4019;4020;373;OC1=CC=C(C)C=C1I;0;0;0.980392;0.019608;0.84975
4020;4021;373;OC1=CC=C(C)C=C1I;0;0;0.967742;0.032258;0.885209
4021;4022;373;OC1=CC=C(C)C=C1I;0;0;0.952381;0.047619;0.918697
4022;4023;373;OC1=CC=C(C)C=C1I;0;0;0.909091;0.090909;0.919515
4023;4024;374;O=S(C1=CC=CC(Cl)=C1)(Cl)=O;0;0;1;0;0.986216
4024;4025;374;O=S(C1=CC=CC(Cl)=C1)(Cl)=O;0;0;0.990099;0.009901;0.989733
4025;4026;374;O=S(C1=CC=CC(Cl)=C1)(Cl)=O;0;0;0.980392;0.019608;0.979035
4026;4027;374;O=S(C1=CC=CC(Cl)=C1)(Cl)=O;0;0;0.967742;0.032258;0.983119
4027;4028;374;O=S(C1=CC=CC(Cl)=C1)(Cl)=O;0;0;0.952381;0.047619;0.989837
4028;4029;374;O=S(C1=CC=CC(Cl)=C1)(Cl)=O;0;0;0.909091;0.090909;0.993293
4029;4030;375;NC1=CC=C(Cl)C=C1I;0;0;1;0;0.824253
4030;4031;375;NC1=CC=C(Cl)C=C1I;0;0;0.990099;0.009901;0.845991
4031;4032;375;NC1=CC=C(Cl)C=C1I;0;0;0.980392;0.019608;0.888186
4032;4033;375;NC1=CC=C(Cl)C=C1I;0;0;0.967742;0.032258;0.922347
4033;4034;375;NC1=CC=C(Cl)C=C1I;0;0;0.952381;0.047619;0.952573
4034;4035;375;NC1=CC=C(Cl)C=C1I;0;0;0.909091;0.090909;0.969818
4035;4036;377;OC1=CC=CC([N+]([O-])=O)=C1;0;0;1;0;0.18521
4036;4037;377;OC1=CC=CC([N+]([O-])=O)=C1;0;0;0.990099;0.009901;0.243556
4037;4038;377;OC1=CC=CC([N+]([O-])=O)=C1;0;0;0.980392;0.019608;0.369899
4038;4039;377;OC1=CC=CC([N+]([O-])=O)=C1;0;0;0.967742;0.032258;0.538784
4039;4040;377;OC1=CC=CC([N+]([O-])=O)=C1;0;0;0.952381;0.047619;0.70322
4040;4041;377;OC1=CC=CC([N+]([O-])=O)=C1;0;0;0.909091;0.090909;0.767956
4041;4042;378;OC1=CC=CC=C1C(F)(F)F;0;0;1;0;0.554303
4042;4043;378;OC1=CC=CC=C1C(F)(F)F;0;0;0.990099;0.009901;0.573199
4043;4044;378;OC1=CC=CC=C1C(F)(F)F;0;0;0.980392;0.019608;0.649444
4044;4045;378;OC1=CC=CC=C1C(F)(F)F;0;0;0.967742;0.032258;0.703504
4045;4046;378;OC1=CC=CC=C1C(F)(F)F;0;0;0.952381;0.047619;0.767084
4046;4047;378;OC1=CC=CC=C1C(F)(F)F;0;0;0.909091;0.090909;0.842809
4047;4048;379;OC1=CC(Cl)=CC=C1N;0;0;1;0;0.038966
4048;4049;379;OC1=CC(Cl)=CC=C1N;0;0;0.990099;0.009901;0.06659
4049;4050;379;OC1=CC(Cl)=CC=C1N;0;0;0.980392;0.019608;0.122601
4050;4051;379;OC1=CC(Cl)=CC=C1N;0;0;0.967742;0.032258;0.227645
4051;4052;379;OC1=CC(Cl)=CC=C1N;0;0;0.952381;0.047619;0.3839
4052;4053;379;OC1=CC(Cl)=CC=C1N;0;0;0.909091;0.090909;0.54714
4053;4054;380;OC1=CC=C2C=CC=CC2=C1C3=C4C=CC=CC4=CC=C3O;0;0;1;0;0.247886
4054;4055;380;OC1=CC=C2C=CC=CC2=C1C3=C4C=CC=CC4=CC=C3O;0;0;0.990099;0.009901;0.299075
4055;4056;380;OC1=CC=C2C=CC=CC2=C1C3=C4C=CC=CC4=CC=C3O;0;0;0.980392;0.019608;0.498629
4056;4057;380;OC1=CC=C2C=CC=CC2=C1C3=C4C=CC=CC4=CC=C3O;0;0;0.967742;0.032258;0.732787
4057;4058;380;OC1=CC=C2C=CC=CC2=C1C3=C4C=CC=CC4=CC=C3O;0;0;0.952381;0.047619;0.842218
4058;4059;380;OC1=CC=C2C=CC=CC2=C1C3=C4C=CC=CC4=CC=C3O;0;0;0.909091;0.090909;0.940118
4059;4060;381;OC1=CC=CC=C1O;0;0;1;0;0.108985
4060;4061;381;OC1=CC=CC=C1O;0;0;0.990099;0.009901;0.124285
4061;4062;381;OC1=CC=CC=C1O;0;0;0.980392;0.019608;0.151758
4062;4063;381;OC1=CC=CC=C1O;0;0;0.967742;0.032258;0.25245
4063;4064;381;OC1=CC=CC=C1O;0;0;0.952381;0.047619;0.316915
4064;4065;381;OC1=CC=CC=C1O;0;0;0.909091;0.090909;0.429535
4065;4066;382;OC1=CC=C([N+]([O-])=O)C=C1;0;0;1;0;0.185857
4066;4067;382;OC1=CC=C([N+]([O-])=O)C=C1;0;0;0.990099;0.009901;0.217008
4067;4068;382;OC1=CC=C([N+]([O-])=O)C=C1;0;0;0.980392;0.019608;0.258218
4068;4069;382;OC1=CC=C([N+]([O-])=O)C=C1;0;0;0.967742;0.032258;0.38932
4069;4070;382;OC1=CC=C([N+]([O-])=O)C=C1;0;0;0.952381;0.047619;0.578439
4070;4071;382;OC1=CC=C([N+]([O-])=O)C=C1;0;0;0.909091;0.090909;0.643938
4071;4072;383;NC1=CC(C)=CC=C1I;0;0;1;0;0.755408
4072;4073;383;NC1=CC(C)=CC=C1I;0;0;0.990099;0.009901;0.766476
4073;4074;383;NC1=CC(C)=CC=C1I;0;0;0.980392;0.019608;0.824857
4074;4075;383;NC1=CC(C)=CC=C1I;0;0;0.967742;0.032258;0.992598
4075;4076;383;NC1=CC(C)=CC=C1I;0;0;0.952381;0.047619;0.992193
4076;4077;383;NC1=CC(C)=CC=C1I;0;0;0.909091;0.090909;1
4077;4078;384;OCC1=CC=C(Br)C=C1;0;0;1;0;0.213811
4078;4079;384;OCC1=CC=C(Br)C=C1;0;0;0.990099;0.009901;0.241047
4079;4080;384;OCC1=CC=C(Br)C=C1;0;0;0.980392;0.019608;0.326901
4080;4081;384;OCC1=CC=C(Br)C=C1;0;0;0.967742;0.032258;0.607684
4081;4082;384;OCC1=CC=C(Br)C=C1;0;0;0.952381;0.047619;0.761896
4082;4083;384;OCC1=CC=C(Br)C=C1;0;0;0.909091;0.090909;0.823883
4083;4084;386;CC1=CC(OC)=CC=C1C;0;0;1;0;0.986216
4084;4085;386;CC1=CC(OC)=CC=C1C;0;0;0.990099;0.009901;0.98259
4085;4086;386;CC1=CC(OC)=CC=C1C;0;0;0.980392;0.019608;0.986072
4086;4087;386;CC1=CC(OC)=CC=C1C;0;0;0.967742;0.032258;0.989697
4087;4088;386;CC1=CC(OC)=CC=C1C;0;0;0.952381;0.047619;0.992836
4088;4089;386;CC1=CC(OC)=CC=C1C;0;0;0.909091;0.090909;0.989331
4089;4090;387;O=C(O)C1=CC=CC=C1;0;0;1;0;0.23154
4090;4091;387;O=C(O)C1=CC=CC=C1;0;0;0.990099;0.009901;0.338418
4091;4092;387;O=C(O)C1=CC=CC=C1;0;0;0.980392;0.019608;0.745813
4092;4093;387;O=C(O)C1=CC=CC=C1;0;0;0.967742;0.032258;0.828291
4093;4094;387;O=C(O)C1=CC=CC=C1;0;0;0.952381;0.047619;0.921201
4094;4095;387;O=C(O)C1=CC=CC=C1;0;0;0.909091;0.090909;0.935986
4095;4096;389;COC1=CC(OC)=CC(OC)=C1;0;0;1;0;0.819513
4096;4097;389;COC1=CC(OC)=CC(OC)=C1;0;0;0.990099;0.009901;0.934112
4097;4098;389;COC1=CC(OC)=CC(OC)=C1;0;0;0.980392;0.019608;0.974837
4098;4099;390;N#CC1=CC2=CC=CC=C2C3=CC=CC=C31;0;0;1;0;0.866306
4099;4100;390;N#CC1=CC2=CC=CC=C2C3=CC=CC=C31;0;0;0.990099;0.009901;0.963396
4100;4101;390;N#CC1=CC2=CC=CC=C2C3=CC=CC=C31;0;0;0.980392;0.019608;0.978432
4101;4102;390;N#CC1=CC2=CC=CC=C2C3=CC=CC=C31;0;0;0.967742;0.032258;1
4102;4103;390;N#CC1=CC2=CC=CC=C2C3=CC=CC=C31;0;0;0.952381;0.047619;1
4103;4104;390;N#CC1=CC2=CC=CC=C2C3=CC=CC=C31;0;0;0.909091;0.090909;1
4104;4105;391;OCC1=CC=C(OC)C=C1;0;0;1;0;0.254656
4105;4106;391;OCC1=CC=C(OC)C=C1;0;0;0.990099;0.009901;0.337459
4106;4107;391;OCC1=CC=C(OC)C=C1;0;0;0.980392;0.019608;0.579425
4107;4108;391;OCC1=CC=C(OC)C=C1;0;0;0.967742;0.032258;0.671599
4108;4109;391;OCC1=CC=C(OC)C=C1;0;0;0.952381;0.047619;0.729055
4109;4110;391;OCC1=CC=C(OC)C=C1;0;0;0.909091;0.090909;0.832854
4110;4111;392;OCC1=C2C=CC=CC2=CC=C1;0;0;1;0;0.27471
4111;4112;392;OCC1=C2C=CC=CC2=CC=C1;0;0;0.990099;0.009901;0.381384
4112;4113;392;OCC1=C2C=CC=CC2=CC=C1;0;0;0.980392;0.019608;0.658507
4113;4114;392;OCC1=C2C=CC=CC2=CC=C1;0;0;0.967742;0.032258;0.756348
4114;4115;392;OCC1=C2C=CC=CC2=CC=C1;0;0;0.952381;0.047619;0.79943
4115;4116;392;OCC1=C2C=CC=CC2=CC=C1;0;0;0.909091;0.090909;0.90398
4116;4117;393;OCCCCC1=CC=CC=C1;0;0;1;0;0.292975
4117;4118;393;OCCCCC1=CC=CC=C1;0;0;0.990099;0.009901;0.398966
4118;4119;393;OCCCCC1=CC=CC=C1;0;0;0.980392;0.019608;0.613408
4119;4120;393;OCCCCC1=CC=CC=C1;0;0;0.967742;0.032258;0.738692
4120;4121;393;OCCCCC1=CC=CC=C1;0;0;0.952381;0.047619;0.855121
4121;4122;393;OCCCCC1=CC=CC=C1;0;0;0.909091;0.090909;0.883103
4122;4123;394;OC1CC2=C(C=CC=C2)C1;0;0;1;0;0.207996
4123;4124;394;OC1CC2=C(C=CC=C2)C1;0;0;0.990099;0.009901;0.290345
4124;4125;394;OC1CC2=C(C=CC=C2)C1;0;0;0.980392;0.019608;0.529524
4125;4126;394;OC1CC2=C(C=CC=C2)C1;0;0;0.967742;0.032258;0.618631
4126;4127;394;OC1CC2=C(C=CC=C2)C1;0;0;0.952381;0.047619;0.747391
4127;4128;394;OC1CC2=C(C=CC=C2)C1;0;0;0.909091;0.090909;0.845394
4128;4129;396;CC1=CC=CC=C1OC;0;0;1;0;0.996601
4129;4130;396;CC1=CC=CC=C1OC;0;0;0.990099;0.009901;1
4130;4131;396;CC1=CC=CC=C1OC;0;0;0.980392;0.019608;1
4131;4132;396;CC1=CC=CC=C1OC;0;0;0.967742;0.032258;1
4132;4133;396;CC1=CC=CC=C1OC;0;0;0.952381;0.047619;1
4133;4134;396;CC1=CC=CC=C1OC;0;0;0.909091;0.090909;1
4134;4135;397;BrC1=CC=CC=C1CCO;0;0;1;0;0.478465
4135;4136;397;BrC1=CC=CC=C1CCO;0;0;0.990099;0.009901;0.545439
4136;4137;397;BrC1=CC=CC=C1CCO;0;0;0.980392;0.019608;0.684239
4137;4138;397;BrC1=CC=CC=C1CCO;0;0;0.967742;0.032258;0.809657
4138;4139;397;BrC1=CC=CC=C1CCO;0;0;0.952381;0.047619;0.896369
4139;4140;397;BrC1=CC=CC=C1CCO;0;0;0.909091;0.090909;0.916727
4140;4141;398;CC(O)(C)CC1=CC=C(C)C=C1;0;0;1;0;0.314346
4141;4142;398;CC(O)(C)CC1=CC=C(C)C=C1;0;0;0.990099;0.009901;0.383096
4142;4143;398;CC(O)(C)CC1=CC=C(C)C=C1;0;0;0.980392;0.019608;0.598797
4143;4144;398;CC(O)(C)CC1=CC=C(C)C=C1;0;0;0.967742;0.032258;0.747429
4144;4145;398;CC(O)(C)CC1=CC=C(C)C=C1;0;0;0.952381;0.047619;0.851956
4145;4146;398;CC(O)(C)CC1=CC=C(C)C=C1;0;0;0.909091;0.090909;0.897801
4146;4147;399;OCC1=CC=CC=C1OC;0;0;1;0;0.350817
4147;4148;399;OCC1=CC=CC=C1OC;0;0;0.990099;0.009901;0.429995
4148;4149;399;OCC1=CC=CC=C1OC;0;0;0.980392;0.019608;0.609942
4149;4150;399;OCC1=CC=CC=C1OC;0;0;0.967742;0.032258;0.732787
4150;4151;399;OCC1=CC=CC=C1OC;0;0;0.952381;0.047619;0.814945
4151;4152;399;OCC1=CC=CC=C1OC;0;0;0.909091;0.090909;0.897801
4152;4153;400;OCCOCC1=CC=CC=C1;0;0;1;0;0.201285
4153;4154;400;OCCOCC1=CC=CC=C1;0;0;0.990099;0.009901;0.249614
4154;4155;400;OCCOCC1=CC=CC=C1;0;0;0.980392;0.019608;0.461348
4155;4156;400;OCCOCC1=CC=CC=C1;0;0;0.967742;0.032258;0.641276
4156;4157;400;OCCOCC1=CC=CC=C1;0;0;0.952381;0.047619;0.733521
4157;4158;400;OCCOCC1=CC=CC=C1;0;0;0.909091;0.090909;0.897801
4158;4159;401;COC1=CC(OC)=CC(OC)=C1;0;0;1;0;0.832843
4159;4160;401;COC1=CC(OC)=CC(OC)=C1;0;0;0.990099;0.009901;0.956075
4160;4161;401;COC1=CC(OC)=CC(OC)=C1;0;0;0.980392;0.019608;0.981831
4161;4162;401;COC1=CC(OC)=CC(OC)=C1;0;0;0.967742;0.032258;1
4162;4163;401;COC1=CC(OC)=CC(OC)=C1;0;0;0.952381;0.047619;1
4163;4164;401;COC1=CC(OC)=CC(OC)=C1;0;0;0.909091;0.090909;1
4164;4165;402;OC1=CC=CC=C1CO;0;0;1;0;0.033397
4165;4166;402;OC1=CC=CC=C1CO;0;0;0.990099;0.009901;0.084888
4166;4167;402;OC1=CC=CC=C1CO;0;0;0.980392;0.019608;0.211456
4167;4168;402;OC1=CC=CC=C1CO;0;0;0.967742;0.032258;0.274227
4168;4169;402;OC1=CC=CC=C1CO;0;0;0.952381;0.047619;0.396948
4169;4170;403;BrC1=CC=CC=C1CCO;0;0;1;0;0.396782
4170;4171;403;BrC1=CC=CC=C1CCO;0;0;0.990099;0.009901;0.516821
4171;4172;403;BrC1=CC=CC=C1CCO;0;0;0.980392;0.019608;0.691123
4172;4173;403;BrC1=CC=CC=C1CCO;0;0;0.967742;0.032258;0.74835
4173;4174;403;BrC1=CC=CC=C1CCO;0;0;0.952381;0.047619;0.748441
4174;4175;403;BrC1=CC=CC=C1CCO;0;0;0.909091;0.090909;0.883058
4175;4176;404;O=C(OC)CC1=CC=C(OC)C=C1;0;0;1;0;0.727462
4176;4177;404;O=C(OC)CC1=CC=C(OC)C=C1;0;0;0.990099;0.009901;0.849922
4177;4178;404;O=C(OC)CC1=CC=C(OC)C=C1;0;0;0.980392;0.019608;0.974563
4178;4179;404;O=C(OC)CC1=CC=C(OC)C=C1;0;0;0.967742;0.032258;0.985412
4179;4180;404;O=C(OC)CC1=CC=C(OC)C=C1;0;0;0.952381;0.047619;0.94831
4180;4181;404;O=C(OC)CC1=CC=C(OC)C=C1;0;0;0.909091;0.090909;0.989369
4181;4182;405;O=C(OC)C(C1=CC=CC=C1)=O;0;0;1;0;0.901168
4182;4183;405;O=C(OC)C(C1=CC=CC=C1)=O;0;0;0.990099;0.009901;0.939681
4183;4184;405;O=C(OC)C(C1=CC=CC=C1)=O;0;0;0.980392;0.019608;0.969371
4184;4185;405;O=C(OC)C(C1=CC=CC=C1)=O;0;0;0.967742;0.032258;0.992487
4185;4186;405;O=C(OC)C(C1=CC=CC=C1)=O;0;0;0.952381;0.047619;0.967414
4186;4187;405;O=C(OC)C(C1=CC=CC=C1)=O;0;0;0.909091;0.090909;1
4187;4188;406;CC(OC1=CC=CC(C)=C1)=O;0;0;1;0;0.937772
4188;4189;406;CC(OC1=CC=CC(C)=C1)=O;0;0;0.990099;0.009901;0.95706
4189;4190;406;CC(OC1=CC=CC(C)=C1)=O;0;0;0.980392;0.019608;0.977028
4190;4191;406;CC(OC1=CC=CC(C)=C1)=O;0;0;0.967742;0.032258;0.996243
4191;4192;406;CC(OC1=CC=CC(C)=C1)=O;0;0;0.952381;0.047619;1
4192;4193;406;CC(OC1=CC=CC(C)=C1)=O;0;0;0.909091;0.090909;1
4193;4194;407;O=C(OCC)CC1=CC=CS1;0;0;1;0;0.912149
4194;4195;407;O=C(OCC)CC1=CC=CS1;0;0;0.990099;0.009901;0.948879
4195;4196;407;O=C(OCC)CC1=CC=CS1;0;0;0.980392;0.019608;0.984686
4196;4197;407;O=C(OCC)CC1=CC=CS1;0;0;0.967742;0.032258;1
4197;4198;407;O=C(OCC)CC1=CC=CS1;0;0;0.952381;0.047619;1
4198;4199;407;O=C(OCC)CC1=CC=CS1;0;0;0.909091;0.090909;1
4199;4200;408;CC(OC1=CC=CC=C1)=O;0;0;1;0;0.952414
4200;4201;408;CC(OC1=CC=CC=C1)=O;0;0;0.990099;0.009901;0.969948
4201;4202;408;CC(OC1=CC=CC=C1)=O;0;0;0.980392;0.019608;0.996171
4202;4203;408;CC(OC1=CC=CC=C1)=O;0;0;0.967742;0.032258;1
4203;4204;408;CC(OC1=CC=CC=C1)=O;0;0;0.952381;0.047619;1
4204;4205;408;CC(OC1=CC=CC=C1)=O;0;0;0.909091;0.090909;1
4205;4206;409;O=C(OCC)C#CC1=CC=CC=C1;0;0;1;0;0.932017
4206;4207;409;O=C(OCC)C#CC1=CC=CC=C1;0;0;0.990099;0.009901;0.958505
4207;4208;409;O=C(OCC)C#CC1=CC=CC=C1;0;0;0.980392;0.019608;1
4208;4209;409;O=C(OCC)C#CC1=CC=CC=C1;0;0;0.967742;0.032258;1
4209;4210;409;O=C(OCC)C#CC1=CC=CC=C1;0;0;0.952381;0.047619;1
4210;4211;409;O=C(OCC)C#CC1=CC=CC=C1;0;0;0.909091;0.090909;1
4211;4212;410;O=C(OC)C1=CC=C(CC(OC)=O)C=C1;0;0;1;0;0.500324
4212;4213;410;O=C(OC)C1=CC=C(CC(OC)=O)C=C1;0;0;0.990099;0.009901;0.674955
4213;4214;410;O=C(OC)C1=CC=C(CC(OC)=O)C=C1;0;0;0.980392;0.019608;0.940391
4214;4215;410;O=C(OC)C1=CC=C(CC(OC)=O)C=C1;0;0;0.967742;0.032258;0.964071
4215;4216;410;O=C(OC)C1=CC=C(CC(OC)=O)C=C1;0;0;0.952381;0.047619;0.985775
4216;4217;410;O=C(OC)C1=CC=C(CC(OC)=O)C=C1;0;0;0.909091;0.090909;1
4217;4218;411;O=C(OCC)C1=CC=CC([N+]([O-])=O)=C1;0;0;1;0;0.823244
4218;4219;411;O=C(OCC)C1=CC=CC([N+]([O-])=O)=C1;0;0;0.990099;0.009901;0.885888
4219;4220;411;O=C(OCC)C1=CC=CC([N+]([O-])=O)=C1;0;0;0.980392;0.019608;0.989481
4220;4221;411;O=C(OCC)C1=CC=CC([N+]([O-])=O)=C1;0;0;0.967742;0.032258;1
4221;4222;411;O=C(OCC)C1=CC=CC([N+]([O-])=O)=C1;0;0;0.952381;0.047619;1
4222;4223;411;O=C(OCC)C1=CC=CC([N+]([O-])=O)=C1;0;0;0.909091;0.090909;1
4223;4224;412;O=C(OC)CC1=CC=C(C(C)(C)C)C=C1;0;0;1;0;0.901424
4224;4225;412;O=C(OC)CC1=CC=C(C(C)(C)C)C=C1;0;0;0.990099;0.009901;0.910094
4225;4226;412;O=C(OC)CC1=CC=C(C(C)(C)C)C=C1;0;0;0.980392;0.019608;1
4226;4227;412;O=C(OC)CC1=CC=C(C(C)(C)C)C=C1;0;0;0.967742;0.032258;1
4227;4228;412;O=C(OC)CC1=CC=C(C(C)(C)C)C=C1;0;0;0.952381;0.047619;1
4228;4229;412;O=C(OC)CC1=CC=C(C(C)(C)C)C=C1;0;0;0.909091;0.090909;1
4229;4230;413;O=C(C(N1)=CC2=C1C=CC=C2)OC;0;0;1;0;0.549598
4230;4231;413;O=C(C(N1)=CC2=C1C=CC=C2)OC;0;0;0.990099;0.009901;0.774702
4231;4232;413;O=C(C(N1)=CC2=C1C=CC=C2)OC;0;0;0.980392;0.019608;0.888965
4232;4233;413;O=C(C(N1)=CC2=C1C=CC=C2)OC;0;0;0.967742;0.032258;0.936439
4233;4234;413;O=C(C(N1)=CC2=C1C=CC=C2)OC;0;0;0.952381;0.047619;0.982218
4234;4235;413;O=C(C(N1)=CC2=C1C=CC=C2)OC;0;0;0.909091;0.090909;1
4235;4236;414;O=C(OC)C1=CC=CC(Br)=C1;0;0;1;0;0.91555
4236;4237;414;O=C(OC)C1=CC=CC(Br)=C1;0;0;0.990099;0.009901;0.989098
4237;4238;414;O=C(OC)C1=CC=CC(Br)=C1;0;0;0.980392;0.019608;1
4238;4239;414;O=C(OC)C1=CC=CC(Br)=C1;0;0;0.967742;0.032258;1
4239;4240;414;O=C(OC)C1=CC=CC(Br)=C1;0;0;0.952381;0.047619;1
4240;4241;414;O=C(OC)C1=CC=CC(Br)=C1;0;0;0.909091;0.090909;1
4241;4242;415;O=C(OCC)CC1=NC=CC=C1;0;0;1;0;0.162534
4242;4243;415;O=C(OCC)CC1=NC=CC=C1;0;0;0.990099;0.009901;0.247794
4243;4244;415;O=C(OCC)CC1=NC=CC=C1;0;0;0.980392;0.019608;0.545114
4244;4245;415;O=C(OCC)CC1=NC=CC=C1;0;0;0.967742;0.032258;0.625694
4245;4246;415;O=C(OCC)CC1=NC=CC=C1;0;0;0.952381;0.047619;0.772396
4246;4247;415;O=C(OCC)CC1=NC=CC=C1;0;0;0.909091;0.090909;0.923689
4247;4248;416;NC(OCC1=CC=CC=C1)=O;0;0;1;0;0.123827
4248;4249;416;NC(OCC1=CC=CC=C1)=O;0;0;0.990099;0.009901;0.218723
4249;4250;416;NC(OCC1=CC=CC=C1)=O;0;0;0.980392;0.019608;0.505714
4250;4251;416;NC(OCC1=CC=CC=C1)=O;0;0;0.967742;0.032258;0.583319
4251;4252;416;NC(OCC1=CC=CC=C1)=O;0;0;0.952381;0.047619;0.74039
4252;4253;416;NC(OCC1=CC=CC=C1)=O;0;0;0.909091;0.090909;0.90552
4253;4254;417;O=C1OCC2=CC=CC=C12;0;0;1;0;0.467023
4254;4255;417;O=C1OCC2=CC=CC=C12;0;0;0.990099;0.009901;0.695862
4255;4256;417;O=C1OCC2=CC=CC=C12;0;0;0.980392;0.019608;0.833628
4256;4257;417;O=C1OCC2=CC=CC=C12;0;0;0.967742;0.032258;0.956708
4257;4258;417;O=C1OCC2=CC=CC=C12;0;0;0.952381;0.047619;0.981962
4258;4259;417;O=C1OCC2=CC=CC=C12;0;0;0.909091;0.090909;0.992401
4259;4260;418;O=C(OCC)CC1=CC=C([N+]([O-])=O)C=C1;0;0;1;0;0.691434
4260;4261;418;O=C(OCC)CC1=CC=C([N+]([O-])=O)C=C1;0;0;0.990099;0.009901;0.858793
4261;4262;418;O=C(OCC)CC1=CC=C([N+]([O-])=O)C=C1;0;0;0.980392;0.019608;1
4262;4263;418;O=C(OCC)CC1=CC=C([N+]([O-])=O)C=C1;0;0;0.967742;0.032258;1
4263;4264;418;O=C(OCC)CC1=CC=C([N+]([O-])=O)C=C1;0;0;0.952381;0.047619;1
4264;4265;418;O=C(OCC)CC1=CC=C([N+]([O-])=O)C=C1;0;0;0.909091;0.090909;1
4265;4266;419;O=C(OCC)CC1=CC=CC=C1;0;0;1;0;0.877275
4266;4267;419;O=C(OCC)CC1=CC=CC=C1;0;0;0.990099;0.009901;0.956552
4267;4268;419;O=C(OCC)CC1=CC=CC=C1;0;0;0.980392;0.019608;1
4268;4269;419;O=C(OCC)CC1=CC=CC=C1;0;0;0.967742;0.032258;1
4269;4270;419;O=C(OCC)CC1=CC=CC=C1;0;0;0.952381;0.047619;1
4270;4271;419;O=C(OCC)CC1=CC=CC=C1;0;0;0.909091;0.090909;1
4271;4272;420;O=S(C1=CC=CC=C1)(CS(=O)(C2=CC=CC=C2)=O)=O;0;0;1;0;0.204041
4272;4273;420;O=S(C1=CC=CC=C1)(CS(=O)(C2=CC=CC=C2)=O)=O;0;0;0.990099;0.009901;0.424311
4273;4274;420;O=S(C1=CC=CC=C1)(CS(=O)(C2=CC=CC=C2)=O)=O;0;0;0.980392;0.019608;0.603909
4274;4275;420;O=S(C1=CC=CC=C1)(CS(=O)(C2=CC=CC=C2)=O)=O;0;0;0.967742;0.032258;0.93867
4275;4276;420;O=S(C1=CC=CC=C1)(CS(=O)(C2=CC=CC=C2)=O)=O;0;0;0.952381;0.047619;0.992785
4276;4277;420;O=S(C1=CC=CC=C1)(CS(=O)(C2=CC=CC=C2)=O)=O;0;0;0.909091;0.090909;1
4277;4278;422;OC1=CC=C2C=CC=CC2=[C@@]1[C@@]3=C4C=CC=CC4=CC=C3O;0;0;1;0;0.23708
4278;4279;422;OC1=CC=C2C=CC=CC2=[C@@]1[C@@]3=C4C=CC=CC4=CC=C3O;0;0;0.990099;0.009901;0.315496
4279;4280;422;OC1=CC=C2C=CC=CC2=[C@@]1[C@@]3=C4C=CC=CC4=CC=C3O;0;0;0.980392;0.019608;0.637996
4280;4281;422;OC1=CC=C2C=CC=CC2=[C@@]1[C@@]3=C4C=CC=CC4=CC=C3O;0;0;0.967742;0.032258;0.721207
4281;4282;422;OC1=CC=C2C=CC=CC2=[C@@]1[C@@]3=C4C=CC=CC4=CC=C3O;0;0;0.952381;0.047619;0.790349
4282;4283;422;OC1=CC=C2C=CC=CC2=[C@@]1[C@@]3=C4C=CC=CC4=CC=C3O;0;0;0.909091;0.090909;0.902326
4283;4284;423;OC1=CC=C(F)C=C1;0;0;1;0;0.416169
4284;4285;423;OC1=CC=C(F)C=C1;0;0;0.990099;0.009901;0.454593
4285;4286;423;OC1=CC=C(F)C=C1;0;0;0.980392;0.019608;0.660621
4286;4287;423;OC1=CC=C(F)C=C1;0;0;0.967742;0.032258;0.695862
4287;4288;423;OC1=CC=C(F)C=C1;0;0;0.952381;0.047619;0.716972
4288;4289;423;OC1=CC=C(F)C=C1;0;0;0.909091;0.090909;0.823435
4289;4290;424;OC1=CC=C(Br)C=C1;0;0;1;0;0.380352
4290;4291;424;OC1=CC=C(Br)C=C1;0;0;0.990099;0.009901;0.439951
4291;4292;424;OC1=CC=C(Br)C=C1;0;0;0.980392;0.019608;0.675705
4292;4293;424;OC1=CC=C(Br)C=C1;0;0;0.967742;0.032258;0.699483
4293;4294;424;OC1=CC=C(Br)C=C1;0;0;0.952381;0.047619;0.720466
4294;4295;424;OC1=CC=C(Br)C=C1;0;0;0.909091;0.090909;0.883542
4295;4296;426;OC1=CC(C)=CC(C)=C1;0;0;1;0;0.426872
4296;4297;426;OC1=CC(C)=CC(C)=C1;0;0;0.990099;0.009901;0.533663
4297;4298;426;OC1=CC(C)=CC(C)=C1;0;0;0.980392;0.019608;0.713957
4298;4299;426;OC1=CC(C)=CC(C)=C1;0;0;0.967742;0.032258;0.609678
4299;4300;426;OC1=CC(C)=CC(C)=C1;0;0;0.952381;0.047619;0.780824
4300;4301;426;OC1=CC(C)=CC(C)=C1;0;0;0.909091;0.090909;0.876539
4301;4302;428;OC1=CC=C(Br)C=C1N;0;0;1;0;0.955913
4302;4303;428;OC1=CC=C(Br)C=C1N;0;0;0.990099;0.009901;0.988897
4303;4304;428;OC1=CC=C(Br)C=C1N;0;0;0.980392;0.019608;0.996285
4304;4305;428;OC1=CC=C(Br)C=C1N;0;0;0.967742;0.032258;1
4305;4306;428;OC1=CC=C(Br)C=C1N;0;0;0.952381;0.047619;1
4306;4307;428;OC1=CC=C(Br)C=C1N;0;0;0.909091;0.090909;1
4307;4308;429;OC1=CC=C2C=CC=CC2=[C@@]1[C@@]3=C4C=CC=CC4=CC=C3O;0;0;1;0;0.240526
4308;4309;429;OC1=CC=C2C=CC=CC2=[C@@]1[C@@]3=C4C=CC=CC4=CC=C3O;0;0;0.990099;0.009901;0.36576
4309;4310;429;OC1=CC=C2C=CC=CC2=[C@@]1[C@@]3=C4C=CC=CC4=CC=C3O;0;0;0.980392;0.019608;0.627359
4310;4311;429;OC1=CC=C2C=CC=CC2=[C@@]1[C@@]3=C4C=CC=CC4=CC=C3O;0;0;0.967742;0.032258;0.654461
4311;4312;429;OC1=CC=C2C=CC=CC2=[C@@]1[C@@]3=C4C=CC=CC4=CC=C3O;0;0;0.952381;0.047619;0.868019
4312;4313;429;OC1=CC=C2C=CC=CC2=[C@@]1[C@@]3=C4C=CC=CC4=CC=C3O;0;0;0.909091;0.090909;0.94965
4313;4314;430;O=C(C1=CC=C(Br)C=C1)C2=CC=C(Br)C=C2;0;0;1;0;0.95276
4314;4315;430;O=C(C1=CC=C(Br)C=C1)C2=CC=C(Br)C=C2;0;0;0.990099;0.009901;0.966813
4315;4316;430;O=C(C1=CC=C(Br)C=C1)C2=CC=C(Br)C=C2;0;0;0.980392;0.019608;0.959348
4316;4317;430;O=C(C1=CC=C(Br)C=C1)C2=CC=C(Br)C=C2;0;0;0.967742;0.032258;1
4317;4318;430;O=C(C1=CC=C(Br)C=C1)C2=CC=C(Br)C=C2;0;0;0.952381;0.047619;1
4318;4319;430;O=C(C1=CC=C(Br)C=C1)C2=CC=C(Br)C=C2;0;0;0.909091;0.090909;1
4319;4320;431;OC1=CC=C2C=CC=CC2=[C@]1[C@]3=C4C=CC=CC4=CC=C3O;0;0;1;0;0.225991
4320;4321;431;OC1=CC=C2C=CC=CC2=[C@]1[C@]3=C4C=CC=CC4=CC=C3O;0;0;0.990099;0.009901;0.299386
4321;4322;431;OC1=CC=C2C=CC=CC2=[C@]1[C@]3=C4C=CC=CC4=CC=C3O;0;0;0.980392;0.019608;0.600258
4322;4323;431;OC1=CC=C2C=CC=CC2=[C@]1[C@]3=C4C=CC=CC4=CC=C3O;0;0;0.967742;0.032258;0.562994
4323;4324;431;OC1=CC=C2C=CC=CC2=[C@]1[C@]3=C4C=CC=CC4=CC=C3O;0;0;0.952381;0.047619;0.78506
4324;4325;431;OC1=CC=C2C=CC=CC2=[C@]1[C@]3=C4C=CC=CC4=CC=C3O;0;0;0.909091;0.090909;0.907045
4325;4326;433;OC1=CC=C(Br)C=C1;0;0;1;0;0.358111
4326;4327;433;OC1=CC=C(Br)C=C1;0;0;0.990099;0.009901;0.419967
4327;4328;433;OC1=CC=C(Br)C=C1;0;0;0.980392;0.019608;0.593697
4328;4329;433;OC1=CC=C(Br)C=C1;0;0;0.967742;0.032258;0.656149
4329;4330;433;OC1=CC=C(Br)C=C1;0;0;0.952381;0.047619;0.78324
4330;4331;433;OC1=CC=C(Br)C=C1;0;0;0.909091;0.090909;0.887299
4331;4332;437;OC1=CC=C(C(C)(C)C)C=C1;0;0;1;0;0.405523
4332;4333;437;OC1=CC=C(C(C)(C)C)C=C1;0;0;0.990099;0.009901;0.47238
4333;4334;437;OC1=CC=C(C(C)(C)C)C=C1;0;0;0.980392;0.019608;0.626463
4334;4335;437;OC1=CC=C(C(C)(C)C)C=C1;0;0;0.967742;0.032258;0.695548
4335;4336;437;OC1=CC=C(C(C)(C)C)C=C1;0;0;0.952381;0.047619;0.805283
4336;4337;437;OC1=CC=C(C(C)(C)C)C=C1;0;0;0.909091;0.090909;0.857245
4337;4338;439;OC1=CC=C(Br)C=C1N;0;0;1;0;0.062696
4338;4339;439;OC1=CC=C(Br)C=C1N;0;0;0.990099;0.009901;0.081032
4339;4340;439;OC1=CC=C(Br)C=C1N;0;0;0.980392;0.019608;0.239819
4340;4341;439;OC1=CC=C(Br)C=C1N;0;0;0.967742;0.032258;0.348116
4341;4342;439;OC1=CC=C(Br)C=C1N;0;0;0.952381;0.047619;0.526067
4342;4343;439;OC1=CC=C(Br)C=C1N;0;0;0.909091;0.090909;0.755814
4343;4344;447;O=C(C1=CC=C(C)C=C1)CC(C(F)(F)F)=O;0;0;1;0;0.138698
4344;4345;447;O=C(C1=CC=C(C)C=C1)CC(C(F)(F)F)=O;0;0;0.990099;0.009901;0.164268
4345;4346;447;O=C(C1=CC=C(C)C=C1)CC(C(F)(F)F)=O;0;0;0.980392;0.019608;0.292011
4346;4347;447;O=C(C1=CC=C(C)C=C1)CC(C(F)(F)F)=O;0;0;0.967742;0.032258;0.343522
4347;4348;447;O=C(C1=CC=C(C)C=C1)CC(C(F)(F)F)=O;0;0;0.952381;0.047619;0.469008
4348;4349;447;O=C(C1=CC=C(C)C=C1)CC(C(F)(F)F)=O;0;0;0.909091;0.090909;0.708387
4349;4350;449;O=C(C1=CC=CO1)CC(C(F)(F)F)=O;0;0;1;0;0.197871
4350;4351;449;O=C(C1=CC=CO1)CC(C(F)(F)F)=O;0;0;0.990099;0.009901;0.182049
4351;4352;449;O=C(C1=CC=CO1)CC(C(F)(F)F)=O;0;0;0.980392;0.019608;0.280948
4352;4353;449;O=C(C1=CC=CO1)CC(C(F)(F)F)=O;0;0;0.967742;0.032258;0.27058
4353;4354;449;O=C(C1=CC=CO1)CC(C(F)(F)F)=O;0;0;0.952381;0.047619;0.384197
4354;4355;449;O=C(C1=CC=CO1)CC(C(F)(F)F)=O;0;0;0.909091;0.090909;0.545084
4355;4356;450;O=C(C1=CC=CS1)CC(C(F)(F)F)=O;0;0;1;0;0.099249
4356;4357;450;O=C(C1=CC=CS1)CC(C(F)(F)F)=O;0;0;0.990099;0.009901;0.100254
4357;4358;450;O=C(C1=CC=CS1)CC(C(F)(F)F)=O;0;0;0.980392;0.019608;0.203512
4358;4359;450;O=C(C1=CC=CS1)CC(C(F)(F)F)=O;0;0;0.967742;0.032258;0.234109
4359;4360;450;O=C(C1=CC=CS1)CC(C(F)(F)F)=O;0;0;0.952381;0.047619;0.387884
4360;4361;450;O=C(C1=CC=CS1)CC(C(F)(F)F)=O;0;0;0.909091;0.090909;0.669506
4361;4362;451;BrC1=CC2=C(C=C1)NC3=C2C=CC=C3;0;0;1;0;0.947401
4362;4363;451;BrC1=CC2=C(C=C1)NC3=C2C=CC=C3;0;0;0.990099;0.009901;0.975106
4363;4364;451;BrC1=CC2=C(C=C1)NC3=C2C=CC=C3;0;0;0.980392;0.019608;0.98525
4364;4365;451;BrC1=CC2=C(C=C1)NC3=C2C=CC=C3;0;0;0.967742;0.032258;1
4365;4366;451;BrC1=CC2=C(C=C1)NC3=C2C=CC=C3;0;0;0.952381;0.047619;1
4366;4367;451;BrC1=CC2=C(C=C1)NC3=C2C=CC=C3;0;0;0.909091;0.090909;1
