category,temperature,humidity,v_no2,v_etoh,v_voc,v_co
0,20.1,46.6,0.1779,0.5184,0.707,1.0515
0,20.1,46.7,0.1797,0.525,0.7126,1.0441
0,20.1,46.6,0.1793,0.5246,0.7067,1.0514
0,20.1,46.6,0.1882,0.515,0.7118,1.0515
0,20.1,46.7,0.171,0.5321,0.7098,1.0526
0,20.1,46.6,0.1758,0.5206,0.7159,1.0536
0,20.1,46.7,0.1825,0.5193,0.7131,1.0477
0,20.1,46.6,0.1738,0.5332,0.7035,1.0471
0,20.1,46.7,0.1747,0.5251,0.7118,1.0492
0,20.1,46.6,0.1755,0.5179,0.7016,1.0543
0,20.1,46.6,0.1928,0.5226,0.7124,1.052
0,20.1,46.6,0.1915,0.5253,0.706,1.0513
0,20.1,46.6,0.1802,0.5202,0.697,1.0467
0,20.1,46.6,0.1744,0.5185,0.7076,1.0616
0,20.1,46.6,0.1827,0.5243,0.7111,1.0427
0,20.1,46.6,0.177,0.5171,0.705,1.0527
0,20.1,46.6,0.1799,0.5188,0.7075,1.0533
0,20.1,46.6,0.1859,0.5183,0.7073,1.0471
0,20.1,46.6,0.1763,0.522,0.7082,1.0422
0,20.1,46.6,0.18,0.5211,0.7141,1.0514
0,20.1,46.6,0.1756,0.5184,0.708,1.0461
0,20.1,46.6,0.1792,0.5104,0.7109,1.0486
0,20.1,46.6,0.1813,0.5217,0.707,1.0489
0,20.1,46.6,0.1751,0.5152,0.7075,1.053
0,20.1,46.6,0.1783,0.5353,0.7048,1.0459
0,20.1,46.6,0.1788,0.5164,0.7135,1.0609
0,20.1,46.6,0.1768,0.5199,0.7093,1.0361
0,20.1,46.7,0.1741,0.5141,0.7119,1.044
0,20.1,46.6,0.1729,0.5091,0.7109,1.0501
0,20.1,46.6,0.1792,0.519,0.7175,1.0495
0,20.1,46.6,0.1787,0.5145,0.7115,1.0556
0,20.1,46.6,0.1912,0.5237,0.7155,1.0497
0,20.1,46.6,0.1678,0.5275,0.7102,1.0376
0,20.1,46.6,0.1806,0.516,0.7029,1.0489
0,20.2,46.6,0.1819,0.5147,0.7048,1.0446
0,20.1,46.6,0.1868,0.5261,0.7157,1.0501
0,20.1,46.6,0.1825,0.5222,0.708,1.0631
0,20.1,46.6,0.1758,0.5292,0.7063,1.0466
0,20.1,46.6,0.18,0.5224,0.7108,1.0536
0,20.1,46.6,0.1827,0.5285,0.7084,1.0445
0,20.1,46.6,0.1784,0.5127,0.7148,1.0595
0,20.1,46.6,0.1839,0.524,0.7156,1.0504
0,20.1,46.7,0.1707,0.5157,0.7092,1.0584
0,20.1,46.6,0.1987,0.516,0.7161,1.0515
0,20.1,46.6,0.1873,0.5242,0.7068,1.0468
0,20.1,46.7,0.1783,0.5203,0.7158,1.0492
0,20.1,46.7,0.1831,0.5241,0.7067,1.0526
0,20.1,46.6,0.1802,0.5238,0.7131,1.0469
0,20.1,46.7,0.1759,0.5285,0.7074,1.0519
0,20.1,46.6,0.1804,0.5159,0.7073,1.0562
0,20.1,46.7,0.185,0.5229,0.7117,1.0422
0,20.1,46.7,0.1781,0.5087,0.7048,1.0456
0,20.1,46.6,0.1781,0.5254,0.7173,1.0518
0,20.1,46.6,0.1796,0.5253,0.7025,1.048
0,20.1,46.7,0.1822,0.5229,0.7081,1.0512
0,20.1,46.7,0.1864,0.5187,0.7116,1.0547
0,20.1,46.7,0.1768,0.5207,0.7079,1.0513
0,20.1,46.7,0.1825,0.5202,0.7038,1.0473
0,20.1,46.7,0.1811,0.5151,0.7108,1.0411
0,20.1,46.7,0.1707,0.5202,0.7119,1.0544
0,20.1,46.6,0.1779,0.5253,0.7029,1.058
0,20.1,46.7,0.1793,0.5224,0.7083,1.0521
0,20.1,46.6,0.1798,0.519,0.7107,1.0464
0,20.1,46.7,0.1816,0.522,0.7044,1.0544
0,20.1,46.6,0.1698,0.5281,0.7047,1.0424
0,20.1,46.7,0.1802,0.5153,0.7059,1.0502
0,20.1,46.7,0.1766,0.5239,0.7096,1.0455
0,20.1,46.7,0.1728,0.5166,0.698,1.0516
0,20.1,46.6,0.1826,0.522,0.6992,1.039
0,20.1,46.7,0.1837,0.5132,0.7067,1.0584
0,20.1,46.7,0.1767,0.5269,0.7056,1.0572
0,20.1,46.7,0.1842,0.5287,0.7034,1.0463
0,20.1,46.7,0.1781,0.5171,0.7092,1.0455
0,20.1,46.7,0.1803,0.5164,0.7046,1.0505
0,20.1,46.7,0.1745,0.5219,0.7087,1.0504
0,20.1,46.7,0.1879,0.5316,0.7046,1.0512
0,20.1,46.7,0.1667,0.5224,0.7072,1.0585
0,20.1,46.7,0.1795,0.5227,0.7137,1.05
0,20.1,46.7,0.1835,0.5174,0.694,1.0513
0,20.1,46.7,0.1698,0.5191,0.7009,1.0556
0,20.1,46.7,0.1791,0.5053,0.6935,1.0519
0,20.1,46.7,0.1796,0.5177,0.7049,1.0531
0,20.1,46.7,0.1841,0.5087,0.7174,1.054
0,20.1,46.7,0.1862,0.5239,0.7038,1.0495
0,20.1,46.7,0.178,0.5177,0.7046,1.0603
0,20.1,46.7,0.1731,0.5128,0.6924,1.0547
0,20.1,46.7,0.1868,0.516,0.7027,1.0577
0,20.1,46.7,0.1861,0.5186,0.6947,1.0385
0,20.1,46.7,0.1777,0.5165,0.7013,1.0535
0,20.1,46.7,0.1818,0.5156,0.6958,1.049
0,20.1,46.7,0.1819,0.5241,0.7001,1.0473
0,20.1,46.7,0.1828,0.5184,0.699,1.0526
0,20.1,46.7,0.181,0.511,0.6979,1.0501
0,20.1,46.7,0.187,0.5166,0.6985,1.0507
0,20.1,46.7,0.1713,0.5277,0.6998,1.0543
0,20.1,46.7,0.1852,0.5215,0.7067,1.0476
0,20.1,46.7,0.1819,0.5209,0.6963,1.055
0,20.1,46.7,0.1789,0.5214,0.7031,1.0496
0,20.1,46.7,0.1859,0.5298,0.6973,1.0471
0,20.1,46.7,0.1683,0.5104,0.6939,1.0515
0,20.1,46.7,0.1858,0.5245,0.7107,1.0394
0,20.1,46.7,0.1819,0.5116,0.7077,1.0565
0,20.1,46.7,0.1743,0.5264,0.7026,1.044
0,20.1,46.7,0.1822,0.5313,0.7001,1.0517
0,20.1,46.7,0.1785,0.5194,0.6958,1.0471
0,20.1,46.7,0.1929,0.5185,0.7007,1.0501
0,20.1,46.7,0.1892,0.5201,0.7044,1.0507
0,20.1,46.7,0.1822,0.5149,0.6939,1.0543
0,20.1,46.7,0.1764,0.5176,0.6988,1.0418
0,20.1,46.7,0.1771,0.5215,0.706,1.0463
0,20.1,46.7,0.1784,0.5301,0.7141,1.0567
0,20.1,46.7,0.1772,0.5116,0.7054,1.0543
0,20.1,46.7,0.1755,0.5214,0.6951,1.045
0,20.1,46.7,0.177,0.513,0.7021,1.0463
0,20.1,46.7,0.1786,0.5249,0.7034,1.0549
0,20.1,46.7,0.1774,0.5128,0.6981,1.0481
0,20.1,46.7,0.1765,0.5252,0.6996,1.0468
0,20.1,46.7,0.1754,0.521,0.7001,1.0502
0,20.1,46.7,0.1928,0.5114,0.6986,1.0483
0,20.1,46.7,0.1726,0.511,0.6989,1.0451
0,20.1,46.7,0.1749,0.5137,0.7012,1.0471
0,20.1,46.7,0.1822,0.5089,0.7041,1.0509
0,20.1,46.7,0.1784,0.5136,0.7004,1.0504
0,20.1,46.7,0.1821,0.518,0.6994,1.0487
0,20.1,46.7,0.184,0.5136,0.7013,1.0466
0,20.1,46.7,0.1863,0.5065,0.6974,1.0467
0,20.1,46.7,0.1838,0.5184,0.7022,1.0459
0,20.1,46.7,0.175,0.5199,0.6994,1.0496
0,20.1,46.7,0.1855,0.5079,0.6932,1.0464
0,20.1,46.7,0.1712,0.5203,0.701,1.0555
0,20.1,46.7,0.1794,0.5142,0.6878,1.0545
0,20.1,46.7,0.1775,0.5176,0.705,1.0499
0,20.1,46.7,0.1747,0.5106,0.7132,1.0593
0,20.1,46.7,0.183,0.5184,0.698,1.0435
0,20.1,46.7,0.1791,0.5258,0.7103,1.0584
0,20.1,46.7,0.1851,0.5119,0.7047,1.0561
0,20.1,46.7,0.1726,0.52,0.702,1.058
0,20.1,46.8,0.1842,0.5213,0.712,1.0516
0,20.1,46.7,0.1825,0.5002,0.7047,1.0394
0,20.1,46.7,0.1806,0.5155,0.7035,1.0431
0,20.1,46.7,0.1729,0.5141,0.7011,1.0512
0,20.1,46.7,0.1787,0.5172,0.6878,1.0529
0,20.1,46.8,0.1723,0.5023,0.7017,1.0638
0,20.1,46.7,0.1696,0.5037,0.7012,1.0509
0,20.1,46.8,0.1964,0.5196,0.6971,1.0488
0,20.1,46.7,0.1849,0.5188,0.7014,1.0417
0,20.1,46.8,0.189,0.5124,0.6958,1.0459
0,20.0,46.8,0.1779,0.5185,0.6925,1.0467
0,20.1,46.8,0.1835,0.5152,0.6915,1.0453
0,20.1,46.7,0.1835,0.5241,0.685,1.0511
0,20.1,46.8,0.183,0.5061,0.694,1.0417
0,20.1,46.8,0.18,0.5026,0.7007,1.0495
0,20.1,46.7,0.1789,0.515,0.691,1.0545
0,20.1,46.8,0.1697,0.5035,0.6978,1.0399
0,20.1,46.8,0.1831,0.5103,0.702,1.0462
0,20.1,46.8,0.1821,0.5163,0.6933,1.0345
0,20.1,46.8,0.1856,0.5091,0.7072,1.0474
0,20.1,46.8,0.1786,0.5153,0.6949,1.0438
0,20.1,46.8,0.1887,0.5168,0.7047,1.0467
0,20.1,46.8,0.1778,0.5066,0.703,1.0523
0,20.0,46.8,0.1737,0.5137,0.6991,1.0559
0,20.1,46.8,0.1847,0.5161,0.6957,1.0467
0,20.1,46.8,0.1777,0.5197,0.7013,1.0437
0,20.1,46.8,0.1737,0.5168,0.695,1.0478
0,20.1,46.8,0.1806,0.5137,0.6939,1.0496
0,20.1,46.8,0.1838,0.5103,0.6962,1.0525
0,20.1,46.8,0.1812,0.512,0.6962,1.0503
0,20.1,46.8,0.1825,0.5104,0.7032,1.0435
0,20.1,46.8,0.2005,0.5129,0.6947,1.0525
0,20.1,46.8,0.1841,0.5259,0.6928,1.0596
0,20.1,46.8,0.1877,0.5099,0.697,1.0648
0,20.1,46.8,0.1701,0.5094,0.6992,1.0485
0,20.1,46.8,0.1818,0.5023,0.7051,1.0442
0,20.1,46.8,0.1839,0.509,0.6958,1.051
0,20.1,46.8,0.1782,0.5154,0.6875,1.0492
0,20.1,46.8,0.1756,0.5207,0.692,1.0423
0,20.1,46.8,0.182,0.5146,0.6996,1.0511
0,20.1,46.8,0.1784,0.5135,0.707,1.0466
0,20.1,46.8,0.177,0.5171,0.6956,1.0566
0,20.1,46.8,0.1857,0.5084,0.6899,1.0551
0,20.1,46.8,0.1867,0.5059,0.6944,1.0431
0,20.1,46.8,0.1815,0.4944,0.6886,1.047
0,20.1,46.8,0.1777,0.5045,0.6961,1.0404
0,20.1,46.7,0.1826,0.514,0.7003,1.055
0,20.1,46.8,0.1841,0.5092,0.7034,1.0507
0,20.1,46.8,0.1832,0.5076,0.7014,1.0503
0,20.1,46.8,0.1727,0.5039,0.7099,1.0457
0,20.1,46.8,0.1783,0.5084,0.6962,1.0423
0,20.1,46.8,0.1818,0.5041,0.7122,1.0433
0,20.0,46.8,0.1831,0.5105,0.6975,1.0536
0,20.0,46.8,0.1848,0.5065,0.677,1.0519
0,20.1,46.8,0.1838,0.5118,0.7032,1.0504
0,20.1,46.8,0.1743,0.5149,0.6847,1.046
0,20.1,46.8,0.1765,0.5099,0.6975,1.0478
0,20.1,46.8,0.1739,0.5068,0.7003,1.0387
0,20.1,46.8,0.189,0.5136,0.6979,1.0565
0,20.1,46.8,0.1809,0.5168,0.7096,1.0517
0,20.1,46.8,0.1828,0.5016,0.7009,1.0591
0,20.1,46.8,0.1852,0.5098,0.6994,1.0446
0,20.0,46.8,0.1784,0.5125,0.6935,1.0705
0,20.0,46.8,0.1742,0.5043,0.7009,1.0488
0,20.1,46.8,0.1779,0.5192,0.6965,1.051
0,20.0,46.8,0.1793,0.5103,0.6981,1.0584
0,20.1,46.8,0.1875,0.5194,0.6896,1.0425
0,20.0,46.8,0.1843,0.5025,0.6967,1.0512
0,20.0,46.8,0.1746,0.5017,0.6974,1.0417
0,20.0,46.8,0.1833,0.5153,0.6895,1.0519
0,20.1,46.8,0.1837,0.5048,0.6966,1.0526
0,20.0,46.8,0.1747,0.5166,0.6879,1.0489
0,20.0,46.8,0.1795,0.5092,0.6991,1.0519
0,20.1,46.8,0.1707,0.5145,0.6958,1.045
0,20.1,46.8,0.1817,0.5166,0.6868,1.0496
0,20.1,46.8,0.1784,0.516,0.7029,1.0428
0,20.1,46.8,0.1732,0.5117,0.6976,1.0499
0,20.1,46.8,0.1765,0.512,0.6934,1.0486
0,20.0,46.8,0.1812,0.5064,0.6985,1.0503
0,20.0,46.8,0.1772,0.5084,0.6968,1.0557
0,20.1,46.8,0.1815,0.5113,0.6854,1.0493
0,20.1,46.8,0.1828,0.5147,0.6983,1.0453
0,20.1,46.8,0.1758,0.5091,0.6931,1.0587
0,20.1,46.8,0.1784,0.5212,0.6879,1.0458
0,20.0,46.8,0.1907,0.5022,0.6882,1.045
0,20.1,46.8,0.1806,0.5101,0.695,1.0459
0,20.1,46.8,0.1758,0.514,0.6889,1.0539
0,20.1,46.8,0.1803,0.5071,0.6856,1.0435
0,20.1,46.8,0.1733,0.5032,0.6872,1.0551
0,20.0,46.9,0.1857,0.5075,0.6943,1.0485
0,20.1,46.8,0.1819,0.5084,0.701,1.0563
0,20.1,46.8,0.1854,0.5053,0.685,1.0479
0,20.0,46.9,0.1845,0.5139,0.6868,1.0543
0,20.0,46.8,0.172,0.5102,0.6916,1.0464
0,20.0,46.8,0.1849,0.5076,0.698,1.0486
0,20.1,46.9,0.181,0.5137,0.6947,1.0525
0,20.1,46.8,0.1767,0.5094,0.6882,1.046
0,20.0,46.8,0.1749,0.5109,0.6824,1.0607
0,20.0,46.8,0.1778,0.5015,0.6835,1.0498
0,20.1,46.9,0.1675,0.5073,0.6911,1.0472
0,20.0,46.8,0.1891,0.5116,0.6881,1.0555
0,20.0,46.8,0.1714,0.5177,0.6946,1.0457
0,20.0,46.9,0.1796,0.5047,0.6904,1.0513
0,20.0,46.9,0.1734,0.502,0.6919,1.0447
0,20.0,46.8,0.1699,0.5073,0.6881,1.0494
0,20.0,46.9,0.1796,0.5067,0.6891,1.0385
0,20.0,46.9,0.1785,0.5118,0.6799,1.0498
0,20.0,46.8,0.1792,0.504,0.6987,1.0522
0,20.0,46.8,0.1827,0.5141,0.6941,1.0536
0,20.0,46.9,0.1669,0.5115,0.6938,1.051
0,20.0,46.8,0.1819,0.5114,0.6824,1.0469
0,20.1,46.9,0.1826,0.5098,0.685,1.0573
0,20.0,46.9,0.1783,0.51,0.7009,1.0528
0,20.0,46.8,0.1786,0.5141,0.6896,1.044
0,20.1,46.8,0.1827,0.5072,0.6896,1.0492
0,20.0,46.9,0.1703,0.5109,0.6907,1.0505
0,20.1,46.8,0.1808,0.5072,0.6877,1.0459
0,20.1,46.8,0.1581,0.499,0.6941,1.0538
0,20.0,46.9,0.1703,0.5103,0.6786,1.049
0,20.1,46.9,0.1719,0.5115,0.6864,1.0484
0,20.1,46.9,0.1793,0.5031,0.6849,1.0586
0,20.1,46.8,0.1717,0.5104,0.6801,1.0448
0,20.1,46.9,0.1895,0.5096,0.6906,1.0554
0,20.1,46.8,0.1804,0.5034,0.6852,1.0577
0,20.1,46.9,0.1833,0.5044,0.6878,1.0453
0,20.0,46.9,0.1758,0.5084,0.692,1.0487
0,20.0,46.9,0.1757,0.5145,0.6856,1.0538
0,20.0,46.9,0.1776,0.5057,0.6823,1.054
0,20.1,46.8,0.1649,0.5091,0.687,1.047
0,20.0,46.8,0.18,0.5163,0.6958,1.06
0,20.0,46.8,0.1653,0.5032,0.6815,1.045
0,20.0,46.9,0.1691,0.5176,0.6884,1.046
0,20.0,46.9,0.1628,0.4989,0.6972,1.0507
0,20.0,46.9,0.1617,0.5104,0.6887,1.0476
0,20.1,46.9,0.1766,0.5039,0.6927,1.0449
0,20.1,46.9,0.1647,0.5063,0.6974,1.054
0,20.0,46.9,0.1667,0.5005,0.6875,1.0407
0,20.1,46.8,0.1769,0.5123,0.6989,1.0427
0,20.1,46.9,0.1782,0.5075,0.6888,1.0496
0,20.1,46.8,0.1752,0.5126,0.6932,1.0565
0,20.0,46.8,0.1768,0.5066,0.696,1.0452
0,20.0,46.9,0.1836,0.5065,0.684,1.0482
0,20.0,46.8,0.1682,0.5036,0.6925,1.0518
0,20.0,46.9,0.1775,0.5017,0.688,1.05
0,20.0,46.9,0.1623,0.5059,0.692,1.051
0,20.0,46.9,0.1699,0.5092,0.6932,1.0485
0,20.0,46.9,0.1813,0.5105,0.6922,1.0522
0,20.0,46.9,0.18,0.5112,0.6906,1.0537
0,20.0,46.9,0.1693,0.5039,0.6885,1.0544
0,20.1,46.8,0.1702,0.5035,0.6938,1.0472
0,20.1,46.9,0.1718,0.52,0.6935,1.0553
0,20.1,46.9,0.1742,0.5119,0.693,1.0428
0,20.1,46.9,0.1862,0.5161,0.6833,1.049
0,20.1,46.9,0.1851,0.507,0.6883,1.0576
0,20.0,46.9,0.1764,0.5084,0.687,1.0547
0,20.1,46.9,0.1797,0.5095,0.689,1.0453
0,20.1,46.8,0.1746,0.5145,0.7006,1.0474
0,20.0,46.9,0.1671,0.5108,0.6976,1.0557
0,20.0,46.9,0.1815,0.5131,0.6883,1.0637
0,20.0,46.9,0.174,0.514,0.6868,1.0517
0,20.0,46.9,0.1776,0.5076,0.7008,1.0562
0,20.0,46.9,0.1791,0.5039,0.6795,1.0517
0,20.0,46.9,0.178,0.5108,0.6876,1.0565
0,20.0,46.9,0.1744,0.5208,0.6908,1.0513
0,20.0,46.8,0.183,0.5167,0.6896,1.0519
0,20.1,46.8,0.1745,0.5046,0.6954,1.0463
0,20.0,46.9,0.1666,0.5117,0.6807,1.0521
0,20.0,46.9,0.1709,0.5103,0.6922,1.049
0,20.0,46.9,0.1697,0.5205,0.6932,1.0533
0,20.0,46.9,0.1761,0.5144,0.6916,1.0449
0,20.0,46.9,0.1821,0.507,0.6955,1.0388
0,20.0,46.9,0.1841,0.5108,0.6979,1.0558
0,20.0,46.9,0.1768,0.5114,0.687,1.0481
0,20.0,46.9,0.1839,0.5107,0.6926,1.0478
0,20.0,46.9,0.1719,0.501,0.6992,1.0549
0,20.0,46.9,0.1719,0.5061,0.694,1.0394
0,20.0,46.9,0.1725,0.5215,0.6945,1.0525
0,20.0,46.9,0.1758,0.5039,0.697,1.0533
0,20.0,46.9,0.165,0.506,0.688,1.053
0,20.0,46.9,0.1687,0.5168,0.6785,1.0454
0,20.0,46.9,0.1666,0.505,0.6908,1.0461
0,20.0,46.9,0.1716,0.5055,0.6927,1.0526
0,20.0,46.9,0.1627,0.5101,0.698,1.0442
0,20.0,46.9,0.1681,0.5122,0.693,1.0522
0,20.0,46.9,0.1958,0.5061,0.6889,1.0499
0,20.0,46.9,0.1805,0.5182,0.6908,1.0467
0,20.0,46.9,0.1704,0.5125,0.6981,1.0587
0,20.0,46.9,0.183,0.5079,0.6896,1.0465
0,20.0,46.9,0.1827,0.5022,0.6917,1.0497
0,20.0,46.9,0.1769,0.5033,0.688,1.0456
0,20.0,46.9,0.1807,0.515,0.6918,1.0458
0,20.0,46.9,0.1667,0.5102,0.6969,1.0523
0,20.0,46.9,0.177,0.5093,0.6889,1.0496
0,20.0,46.9,0.1836,0.5117,0.6867,1.0478
0,20.0,46.9,0.171,0.4957,0.6902,1.0489
0,20.0,46.9,0.1837,0.4966,0.6833,1.0551
0,20.0,46.9,0.1788,0.5094,0.6933,1.0425
0,20.0,47.0,0.1856,0.5123,0.6851,1.05
0,20.0,47.0,0.1781,0.5133,0.6912,1.0479
0,20.0,46.9,0.1839,0.5225,0.693,1.0452
0,20.0,46.9,0.171,0.5141,0.6847,1.0551
0,20.0,46.9,0.1829,0.4982,0.6923,1.0623
0,20.0,46.9,0.1799,0.511,0.682,1.0463
0,20.0,47.0,0.1679,0.5099,0.6799,1.0484
0,20.0,47.0,0.1703,0.5073,0.6793,1.0558
0,20.0,47.0,0.1732,0.5023,0.6995,1.0427
0,20.0,47.0,0.1821,0.5159,0.6883,1.051
0,20.0,47.0,0.1881,0.5031,0.6864,1.0493
0,20.0,47.0,0.1721,0.5104,0.685,1.0438
0,20.0,47.0,0.1832,0.4963,0.6803,1.0544
0,20.0,47.0,0.1905,0.4989,0.6919,1.0535
0,20.0,47.0,0.1703,0.5159,0.6777,1.0496
0,20.0,47.0,0.1727,0.4992,0.6881,1.054
0,20.0,47.0,0.167,0.5124,0.689,1.0499
0,20.0,47.0,0.1702,0.5114,0.6919,1.045
0,20.0,46.9,0.1782,0.5071,0.695,1.0646
0,20.0,47.0,0.1816,0.5096,0.69,1.0455
0,20.0,47.0,0.1873,0.5024,0.692,1.0479
0,20.0,47.0,0.1747,0.5032,0.6902,1.0515
0,20.0,46.9,0.163,0.5005,0.6839,1.0453
0,20.0,46.9,0.1715,0.5159,0.6804,1.0473
0,20.0,46.9,0.1732,0.5026,0.6881,1.0555
0,20.0,47.0,0.1934,0.5049,0.6752,1.0508
0,20.0,46.9,0.1762,0.5071,0.6756,1.0522
0,20.0,47.0,0.1638,0.5169,0.6879,1.0554
0,20.0,46.9,0.1692,0.5108,0.6913,1.0501
0,20.0,46.9,0.1671,0.5145,0.692,1.054
0,20.0,46.9,0.1721,0.5047,0.6907,1.0589
0,20.0,47.0,0.1797,0.5147,0.6825,1.0536
0,20.0,47.0,0.1747,0.5053,0.7022,1.0515
0,20.0,46.9,0.1873,0.5143,0.6887,1.0473
0,20.0,46.9,0.1789,0.5053,0.6957,1.0434
0,20.0,47.0,0.1641,0.4976,0.6905,1.0469
0,20.0,47.0,0.1728,0.5142,0.6916,1.0592
0,20.0,47.0,0.1792,0.5073,0.6938,1.0432
0,20.0,47.0,0.1757,0.503,0.6951,1.0563
0,20.0,46.9,0.1692,0.5165,0.6906,1.0566
0,20.0,47.0,0.1741,0.5054,0.6845,1.0442
0,20.0,46.9,0.1717,0.495,0.6852,1.0467
0,20.0,47.0,0.1691,0.5003,0.6781,1.0515
0,20.0,47.0,0.1678,0.5087,0.6819,1.0549
0,20.0,46.9,0.1736,0.5012,0.6829,1.0464
0,20.0,46.9,0.1826,0.5063,0.6811,1.0498
0,20.0,46.9,0.1742,0.5061,0.6853,1.0535
0,20.0,47.0,0.1693,0.5134,0.6877,1.048
0,20.0,47.0,0.1735,0.5046,0.6733,1.0505
0,20.0,46.9,0.1706,0.5106,0.6813,1.0497
0,20.0,46.9,0.1636,0.5111,0.6816,1.0559
0,20.0,47.0,0.1715,0.5074,0.6909,1.0551
0,20.0,47.0,0.1777,0.5009,0.6681,1.0568
0,20.0,46.9,0.1684,0.5063,0.6819,1.0552
0,20.0,47.0,0.1644,0.5074,0.6722,1.0487
0,20.0,47.0,0.1724,0.51,0.6839,1.0565
0,20.0,46.9,0.1792,0.508,0.671,1.052
0,20.0,46.9,0.1747,0.5059,0.6889,1.0574
0,20.0,46.9,0.1751,0.5078,0.6792,1.0405
0,20.0,46.9,0.1815,0.5023,0.6815,1.0526
0,20.0,46.9,0.1781,0.4979,0.6907,1.0512
0,20.0,47.0,0.1836,0.5099,0.6726,1.0444
0,20.0,47.0,0.169,0.5081,0.6821,1.0458
0,20.0,46.9,0.1807,0.5041,0.6848,1.0495
0,20.0,46.9,0.1695,0.5086,0.6873,1.0592
0,20.0,46.9,0.1742,0.5144,0.6931,1.0503
0,20.0,46.9,0.1656,0.4982,0.6852,1.0443
0,20.0,47.0,0.1777,0.508,0.6758,1.0513
0,20.0,46.9,0.1707,0.5152,0.681,1.0451
0,20.0,47.0,0.168,0.4964,0.6852,1.0484
0,20.0,46.9,0.1741,0.5149,0.6824,1.0555
0,20.0,47.0,0.1696,0.5069,0.6697,1.0486
0,20.0,46.9,0.1758,0.5134,0.6885,1.0437
0,20.0,46.9,0.1667,0.5057,0.6952,1.0532
0,20.0,46.9,0.1741,0.5158,0.6891,1.0585
0,20.0,47.0,0.1676,0.5091,0.6817,1.0486
0,20.0,47.0,0.1771,0.5102,0.6866,1.0545
0,20.0,47.0,0.1778,0.4996,0.6821,1.0455
0,20.0,46.9,0.1726,0.5034,0.6739,1.0577
0,20.0,46.9,0.1665,0.51,0.6843,1.0439
0,20.0,47.0,0.1858,0.5041,0.6715,1.0593
0,20.0,46.9,0.1687,0.5152,0.6876,1.0478
0,20.0,47.0,0.1726,0.5056,0.6876,1.0499
0,20.0,46.9,0.1675,0.5022,0.6848,1.0512
0,20.0,46.9,0.1646,0.5009,0.6887,1.0515
0,20.0,46.9,0.1688,0.5077,0.6832,1.0421
0,20.0,47.0,0.1755,0.4998,0.6805,1.0527
0,20.0,47.0,0.1649,0.5121,0.6748,1.0538
0,20.0,47.0,0.1624,0.4947,0.6906,1.0507
0,20.0,47.0,0.1785,0.5022,0.6678,1.0501
0,20.0,47.0,0.1739,0.5134,0.6868,1.0417
0,20.0,46.9,0.1747,0.4966,0.6911,1.0517
0,20.0,47.0,0.1673,0.5146,0.694,1.0474
0,20.0,47.0,0.1709,0.4992,0.6888,1.0421
0,20.0,47.0,0.1683,0.5016,0.6998,1.0464
0,20.0,46.9,0.1714,0.5089,0.6819,1.0484
0,20.0,47.0,0.1759,0.5124,0.6779,1.0494
0,20.0,47.0,0.1701,0.5193,0.6749,1.0533
0,20.0,47.0,0.1697,0.5028,0.6825,1.0636
0,20.0,47.0,0.1738,0.5172,0.6818,1.0488
0,20.0,46.9,0.1697,0.5046,0.6796,1.0615
0,20.0,47.0,0.1652,0.5103,0.6752,1.0502
0,20.0,46.9,0.1649,0.4997,0.6826,1.0512
0,20.0,47.0,0.1644,0.4928,0.6735,1.0519
0,20.0,47.0,0.1796,0.4923,0.6734,1.0538
0,20.0,47.0,0.1798,0.5047,0.6759,1.0456
0,20.0,47.0,0.1729,0.5035,0.6734,1.0417
0,20.0,46.9,0.1736,0.5048,0.6854,1.0542
0,20.0,47.0,0.1653,0.502,0.6803,1.0601
0,20.0,46.9,0.1731,0.5024,0.6789,1.0487
0,20.0,47.0,0.1672,0.5004,0.6741,1.051
0,20.0,47.0,0.1696,0.5004,0.6886,1.0476
0,20.0,46.9,0.1689,0.5075,0.6791,1.0503
0,20.0,46.9,0.1746,0.4943,0.6804,1.0574
0,20.0,46.9,0.1683,0.4963,0.6833,1.055
0,20.0,47.0,0.1717,0.5117,0.6793,1.0491
0,20.0,46.9,0.1914,0.5038,0.682,1.0467
0,20.0,47.0,0.1675,0.5012,0.6818,1.0423
0,20.0,47.0,0.1692,0.5152,0.6791,1.0521
0,20.0,47.0,0.1719,0.505,0.6802,1.0486
0,20.0,47.0,0.1809,0.4971,0.6867,1.0457
0,20.0,47.0,0.1692,0.4955,0.6786,1.0468
0,20.0,47.0,0.1646,0.5032,0.6801,1.0518
0,20.0,47.0,0.1752,0.4954,0.689,1.0503
0,20.0,47.0,0.1691,0.4951,0.6844,1.0473
0,20.0,47.0,0.1642,0.5057,0.6791,1.0465
0,20.0,47.0,0.1667,0.4951,0.6743,1.0455
0,20.0,47.0,0.1637,0.5,0.6842,1.0545
0,20.0,46.9,0.1756,0.502,0.6771,1.0422
0,20.0,47.0,0.1625,0.5043,0.6813,1.0442
0,20.0,47.0,0.1795,0.4976,0.6719,1.0504
0,20.0,47.0,0.1771,0.4979,0.6819,1.0571
0,20.0,47.0,0.1747,0.5028,0.6775,1.0437
0,20.0,47.0,0.1641,0.4968,0.6897,1.0461
0,20.0,47.0,0.1739,0.5096,0.6864,1.0538
0,20.0,47.0,0.1751,0.5058,0.6777,1.0449
0,20.0,47.0,0.1658,0.4987,0.6857,1.0539
0,20.0,47.0,0.1717,0.502,0.6752,1.0524
0,20.0,47.0,0.1693,0.5163,0.6773,1.0576
0,20.0,47.0,0.1688,0.4968,0.681,1.0516
0,20.0,47.0,0.1708,0.5087,0.6822,1.048
0,20.0,47.0,0.1738,0.5096,0.6815,1.0517
0,20.0,47.0,0.1604,0.4995,0.6832,1.0504
0,20.0,47.0,0.1589,0.5045,0.6781,1.0517
0,20.0,47.0,0.171,0.5011,0.6822,1.0497
0,20.0,47.0,0.1696,0.502,0.6854,1.0469
0,20.0,47.0,0.1734,0.4945,0.6765,1.0435
0,20.0,47.0,0.1615,0.4975,0.6773,1.0471
0,20.0,47.0,0.1651,0.4987,0.6788,1.0503
0,20.0,47.0,0.1777,0.4991,0.676,1.054
0,20.0,47.0,0.1634,0.5037,0.6742,1.0513
0,20.0,47.0,0.1718,0.5008,0.6759,1.0583
0,20.0,47.0,0.166,0.4925,0.68,1.0493
0,20.0,47.0,0.168,0.4916,0.6824,1.0544
0,20.0,47.0,0.1731,0.497,0.6799,1.0506
0,20.0,47.0,0.1759,0.4985,0.6752,1.0516
0,20.0,47.0,0.1605,0.4994,0.6779,1.0539
0,20.0,47.0,0.164,0.497,0.6806,1.0545
0,20.0,47.0,0.1654,0.5068,0.6747,1.0442
0,20.0,47.0,0.1759,0.4991,0.6829,1.0449
0,20.0,47.0,0.1715,0.5054,0.6871,1.0439
0,20.0,47.0,0.1734,0.507,0.6859,1.0512
0,20.0,47.0,0.1699,0.5008,0.6813,1.054
0,20.0,47.0,0.1712,0.4988,0.6769,1.0452
0,20.0,47.0,0.1725,0.4996,0.6842,1.0461
0,20.0,47.0,0.1777,0.4992,0.6819,1.0549
0,20.0,47.0,0.1712,0.5009,0.6754,1.049
0,20.0,47.0,0.1627,0.4984,0.6806,1.0523
0,20.0,47.0,0.1757,0.506,0.6799,1.0386
0,20.0,47.0,0.1705,0.4982,0.6762,1.0493
0,20.0,47.0,0.1645,0.4971,0.6788,1.0503
0,20.0,47.0,0.1691,0.506,0.6749,1.0496
0,20.0,47.0,0.1651,0.4944,0.6769,1.0514
0,20.0,47.0,0.1804,0.4948,0.6824,1.0579
0,20.0,47.0,0.1683,0.5015,0.6812,1.0571
0,20.0,47.0,0.16,0.4979,0.6778,1.0565
0,20.0,47.0,0.1715,0.5013,0.6798,1.0596
0,20.0,47.0,0.1659,0.5071,0.6819,1.0591
0,20.0,47.0,0.1864,0.5063,0.6817,1.0467
0,20.0,47.0,0.1707,0.4974,0.6823,1.0517
0,20.0,47.0,0.1611,0.4967,0.6745,1.0546
0,20.0,47.0,0.1675,0.5019,0.6846,1.0525
0,20.0,47.0,0.1646,0.5075,0.6779,1.0562
0,20.0,47.0,0.1662,0.4973,0.6889,1.0445
0,20.0,47.0,0.1668,0.4972,0.6804,1.0483
0,20.0,47.0,0.16,0.4947,0.6781,1.0512
0,20.0,47.0,0.171,0.499,0.6846,1.0489
0,20.0,47.0,0.1656,0.5014,0.6837,1.0513
0,20.0,47.0,0.1655,0.4925,0.6824,1.0546
0,20.0,47.0,0.1738,0.4989,0.6802,1.0591
0,20.0,47.0,0.1795,0.4979,0.6815,1.0515
0,20.0,47.0,0.1669,0.5021,0.6787,1.0412
0,20.0,47.0,0.1791,0.4985,0.6787,1.0474
0,20.0,47.0,0.1597,0.4968,0.6782,1.0533
0,20.0,47.0,0.1728,0.5021,0.6864,1.0464
0,20.0,47.0,0.1671,0.4975,0.6774,1.0534
0,20.0,47.0,0.1696,0.4974,0.6879,1.0419
0,20.0,47.0,0.1651,0.4972,0.6773,1.0571
0,20.0,47.0,0.167,0.4941,0.6715,1.0431
0,20.0,47.0,0.1684,0.4988,0.6722,1.0565
0,20.0,47.0,0.1683,0.4932,0.6915,1.0506
0,20.0,47.0,0.1721,0.5009,0.6818,1.046
0,20.0,47.0,0.1816,0.5055,0.689,1.0453
0,20.0,47.0,0.1668,0.5079,0.676,1.0503
0,20.0,47.0,0.1692,0.4921,0.6797,1.0512
0,20.0,47.0,0.1613,0.4995,0.6748,1.0436
0,20.0,47.0,0.1574,0.4891,0.6804,1.0474
0,20.0,47.0,0.177,0.4975,0.6849,1.0435
0,20.0,47.0,0.1634,0.4965,0.6858,1.0389
0,20.0,47.0,0.1663,0.4889,0.6834,1.0519
0,20.0,47.0,0.1701,0.4993,0.6797,1.0509
0,20.0,47.0,0.1746,0.4893,0.6827,1.052
0,20.0,47.0,0.1716,0.5038,0.6788,1.0426
0,20.0,47.0,0.1793,0.4972,0.6797,1.0537
0,20.0,47.0,0.1691,0.4963,0.6818,1.0528
0,20.0,47.0,0.1609,0.4936,0.6848,1.045
0,20.0,47.0,0.1707,0.496,0.6766,1.047
0,20.0,47.0,0.1706,0.5048,0.6733,1.0493
0,20.0,47.0,0.1659,0.5067,0.6756,1.0503
0,20.0,47.0,0.1683,0.5031,0.68,1.0379
0,20.0,47.0,0.1671,0.5042,0.6782,1.0529
0,20.0,47.0,0.1787,0.5077,0.6817,1.0488
0,20.0,47.0,0.1669,0.4991,0.6851,1.0661
0,20.0,47.0,0.163,0.4984,0.6811,1.0528
0,20.0,47.0,0.1714,0.4947,0.6767,1.0524
0,20.0,47.0,0.1609,0.492,0.6761,1.0574
0,20.0,47.0,0.1721,0.4967,0.6798,1.0512
0,20.0,47.0,0.172,0.5033,0.6736,1.0496
0,20.0,47.0,0.1658,0.5124,0.6824,1.0451
0,20.0,47.0,0.1672,0.4894,0.6807,1.0521
0,20.0,47.0,0.167,0.5014,0.6858,1.0556
0,20.0,47.0,0.1781,0.5022,0.6738,1.0446
0,20.0,47.0,0.172,0.5012,0.6828,1.052
0,20.0,47.0,0.164,0.5094,0.6775,1.0449
0,20.0,47.0,0.1638,0.4957,0.6819,1.0554
0,20.0,47.0,0.1696,0.5003,0.6759,1.0537
0,20.0,47.0,0.1699,0.4949,0.6792,1.0403
0,20.0,47.0,0.1662,0.5066,0.6878,1.0432
0,20.0,47.0,0.1715,0.5053,0.6758,1.0485
0,20.0,47.0,0.169,0.5035,0.6817,1.0494
0,20.0,47.0,0.1754,0.5043,0.6777,1.0558
0,20.0,47.0,0.1722,0.5049,0.6865,1.0611
0,20.0,47.0,0.1695,0.5062,0.6893,1.0618
0,20.0,47.0,0.1707,0.5022,0.6806,1.0451
0,20.0,47.0,0.1656,0.4937,0.6709,1.041
0,20.0,47.0,0.1744,0.5004,0.6784,1.051
0,20.0,47.0,0.1719,0.5059,0.6737,1.0529
0,20.0,47.0,0.1679,0.5018,0.683,1.0405
0,20.0,47.0,0.1706,0.4954,0.6832,1.0489
0,20.0,47.1,0.1673,0.5006,0.6834,1.0541
0,20.0,47.1,0.1824,0.5019,0.6762,1.0439
0,20.0,47.0,0.1677,0.4919,0.6787,1.0561
0,20.0,47.1,0.1726,0.5008,0.673,1.0511
0,20.0,47.0,0.1718,0.501,0.6783,1.0585
0,20.0,47.0,0.166,0.4968,0.6861,1.0559
0,20.0,47.0,0.17,0.5026,0.6814,1.0488
0,20.0,47.0,0.1684,0.5031,0.682,1.0581
0,20.0,47.0,0.1712,0.4996,0.6809,1.0484
0,20.0,47.0,0.1713,0.4993,0.6824,1.0499
0,20.0,47.1,0.1738,0.4915,0.6873,1.0475
0,20.0,47.0,0.1739,0.5044,0.6737,1.054
0,20.0,47.1,0.168,0.4967,0.6759,1.0418
0,20.0,47.0,0.1674,0.5042,0.6886,1.0461
0,20.0,47.1,0.1671,0.5047,0.68,1.0454
0,20.0,47.0,0.1657,0.497,0.6789,1.048
0,20.0,47.0,0.1613,0.506,0.69,1.0541
0,20.0,47.0,0.173,0.4988,0.676,1.055
0,20.0,47.0,0.1696,0.4965,0.6773,1.0526
0,20.0,47.0,0.1689,0.5005,0.6785,1.0519
0,20.0,47.1,0.1617,0.4932,0.6782,1.0538
0,20.0,47.0,0.1625,0.5066,0.6702,1.0559
0,20.0,47.0,0.1574,0.4945,0.6827,1.0519
0,20.0,47.0,0.1695,0.5,0.6757,1.0434
0,20.0,47.0,0.1733,0.4961,0.6811,1.0462
0,20.0,47.1,0.173,0.5047,0.6722,1.0501
0,20.0,47.0,0.1696,0.494,0.6738,1.0402
0,20.0,47.0,0.1646,0.5,0.6813,1.0507
0,20.0,47.1,0.17,0.5029,0.6773,1.0516
0,20.0,47.0,0.17,0.5085,0.6813,1.0494
0,20.0,47.0,0.1735,0.5069,0.6824,1.0533
0,20.0,47.1,0.1738,0.5009,0.6732,1.0501
0,20.0,47.0,0.1687,0.5045,0.6805,1.0573
0,20.0,47.1,0.1698,0.502,0.6802,1.0541
0,20.0,47.0,0.1735,0.4966,0.6799,1.052
0,20.0,47.0,0.1723,0.4991,0.6813,1.0554
0,20.0,47.0,0.1691,0.4922,0.678,1.0554
0,20.0,47.0,0.1592,0.5087,0.6847,1.0595
0,20.0,47.0,0.1667,0.5107,0.6736,1.0523
0,20.0,47.0,0.1742,0.5012,0.6742,1.0507
0,20.0,47.0,0.1707,0.4999,0.6921,1.0496
0,20.0,47.0,0.1748,0.4982,0.6746,1.0442
0,20.0,47.0,0.1683,0.4971,0.6803,1.0485
0,20.0,47.0,0.1704,0.5011,0.687,1.0499
0,20.0,47.0,0.174,0.508,0.6783,1.0458
0,20.0,47.0,0.1734,0.4956,0.6692,1.0477
0,20.0,47.0,0.172,0.5011,0.6812,1.0485
0,20.0,47.0,0.1754,0.5077,0.6814,1.051
0,20.0,47.0,0.1767,0.4924,0.6823,1.0537
0,20.0,47.0,0.177,0.4993,0.6903,1.0557
0,20.0,47.1,0.1617,0.4958,0.6722,1.0637
0,20.0,47.0,0.1676,0.4953,0.6688,1.0479
0,20.0,47.0,0.1684,0.507,0.681,1.0512
0,20.0,47.0,0.1682,0.5075,0.6757,1.0531
0,20.0,47.0,0.1618,0.4972,0.6698,1.0536
0,20.0,47.0,0.1765,0.4941,0.6865,1.0461
0,20.0,47.0,0.165,0.4983,0.6708,1.0577
0,20.0,47.0,0.1705,0.5025,0.6713,1.0445
0,20.0,47.0,0.158,0.5004,0.6804,1.0552
0,20.0,47.0,0.1675,0.5018,0.6741,1.0506
0,20.0,47.0,0.1687,0.5038,0.6807,1.0504
0,20.0,47.1,0.1653,0.4996,0.681,1.0478
0,20.0,47.1,0.1737,0.4995,0.6788,1.0536
0,20.0,47.1,0.1819,0.4941,0.677,1.0526
0,20.0,47.1,0.1656,0.5061,0.6762,1.0522
0,20.0,47.1,0.1657,0.4952,0.6822,1.0524
0,20.0,47.1,0.1788,0.4916,0.6856,1.0467
0,20.0,47.0,0.1728,0.4996,0.6823,1.0443
0,20.0,47.0,0.1684,0.5011,0.6783,1.0503
0,20.0,47.0,0.1636,0.5002,0.6742,1.0473
0,20.0,47.0,0.1737,0.489,0.6885,1.0508
0,20.0,47.1,0.1711,0.4988,0.6789,1.0525
0,20.0,47.0,0.1778,0.4963,0.6848,1.0481
0,20.0,47.0,0.1656,0.5054,0.6808,1.0492
0,20.0,47.0,0.1691,0.5094,0.6848,1.0505
0,20.0,47.0,0.1685,0.4968,0.6724,1.0591
0,20.0,47.0,0.1689,0.4926,0.6701,1.0534
0,20.0,47.0,0.1753,0.4996,0.664,1.0477
0,20.0,47.1,0.1742,0.5003,0.6673,1.0478
0,20.0,47.1,0.1668,0.4969,0.6836,1.0539
0,20.0,47.0,0.1695,0.4989,0.6809,1.0464
0,20.0,47.0,0.1688,0.4998,0.6718,1.059
0,20.0,47.1,0.1744,0.4945,0.6792,1.0563
0,20.0,47.1,0.1691,0.5039,0.6702,1.0529
0,20.0,47.1,0.1644,0.4977,0.6718,1.0498
0,20.0,47.0,0.1683,0.5021,0.6714,1.0498
0,20.0,47.1,0.1698,0.5088,0.6848,1.0465
0,20.0,47.1,0.1746,0.504,0.6742,1.0562
0,20.0,47.1,0.1764,0.5089,0.68,1.0509
0,20.0,47.1,0.1765,0.4967,0.673,1.0425
0,20.0,47.0,0.1718,0.5057,0.6807,1.0516
0,20.0,47.0,0.1674,0.5033,0.6783,1.0466
0,20.0,47.1,0.1729,0.4973,0.6788,1.051
0,20.0,47.1,0.169,0.497,0.6773,1.0598
0,20.0,47.1,0.1669,0.5025,0.679,1.0597
0,20.0,47.1,0.1714,0.504,0.6771,1.0578
0,20.0,47.1,0.172,0.4987,0.6868,1.0465
0,20.0,47.1,0.1743,0.4994,0.6737,1.0501
0,20.0,47.0,0.1655,0.5129,0.6808,1.0571
0,20.0,47.0,0.1616,0.4958,0.687,1.041
0,20.0,47.1,0.1725,0.4937,0.6735,1.0481
0,20.0,47.1,0.1651,0.5131,0.6719,1.0551
0,20.0,47.1,0.175,0.4953,0.6688,1.0499
0,20.0,47.1,0.1645,0.4985,0.6771,1.0617
0,20.0,47.1,0.167,0.4993,0.6727,1.0545
0,20.0,47.0,0.1609,0.5084,0.6774,1.0524
0,20.0,47.1,0.1802,0.5032,0.6663,1.0474
0,20.0,47.1,0.1676,0.501,0.6664,1.0493
0,20.0,47.0,0.1695,0.5074,0.6677,1.0549
0,20.0,47.1,0.1673,0.4967,0.6717,1.0593
0,20.0,47.0,0.1687,0.4975,0.6728,1.0469
0,20.0,47.0,0.1741,0.5042,0.685,1.0556
0,20.0,47.1,0.1704,0.5,0.6699,1.04
0,20.0,47.1,0.1699,0.4903,0.6676,1.0506
0,20.0,47.1,0.1759,0.5029,0.6885,1.0428
0,20.0,47.0,0.1631,0.4998,0.6675,1.0499
0,20.0,47.0,0.1756,0.5059,0.681,1.0545
1,20.0,48.1,0.3379,1.2802,2.1094,2.8395
1,20.0,48.1,0.323,1.273,2.1212,2.8256
1,20.0,48.1,0.3313,1.2839,2.1154,2.8185
1,20.0,48.1,0.3235,1.2798,2.1144,2.8552
1,20.0,48.1,0.3194,1.2798,2.1169,2.8599
1,20.0,48.2,0.3257,1.2904,2.1148,2.8568
1,20.0,48.1,0.3325,1.2957,2.1241,2.8293
1,20.0,48.2,0.3337,1.3003,2.1231,2.8484
1,20.0,48.2,0.3281,1.3031,2.1317,2.837
1,20.0,48.2,0.3356,1.31,2.1445,2.8977
1,20.0,48.2,0.3477,1.3228,2.1449,2.918
1,20.0,48.2,0.3363,1.3283,2.1586,2.8879
1,20.0,48.2,0.3368,1.3327,2.1519,2.8723
1,20.0,48.2,0.3279,1.3412,2.1524,2.8367
1,20.0,48.2,0.3487,1.3423,2.1556,2.8612
1,20.0,48.2,0.3393,1.3446,2.1534,2.8869
1,20.0,48.2,0.3508,1.3589,2.1611,2.8643
1,20.0,48.2,0.3433,1.3486,2.1457,2.8495
1,20.0,48.2,0.3392,1.3536,2.1545,2.8702
1,20.0,48.1,0.3403,1.3492,2.1505,2.8392
1,20.0,48.1,0.3415,1.3653,2.1496,2.8649
1,20.0,48.1,0.3364,1.3637,2.1568,2.8201
1,20.0,48.2,0.3295,1.3522,2.1435,2.8258
1,20.0,48.1,0.3362,1.3434,2.1399,2.8205
1,20.0,48.1,0.3388,1.3629,2.1488,2.8878
1,20.0,48.1,0.3405,1.3677,2.1611,2.8617
1,20.0,48.1,0.3463,1.3602,2.1566,2.8969
1,20.0,48.2,0.3453,1.3625,2.1675,2.8517
1,20.0,48.2,0.3286,1.3498,2.1496,2.7432
1,20.0,48.1,0.3302,1.3396,2.1493,2.7654
1,20.0,48.1,0.3327,1.3351,2.1574,2.7931
1,20.0,48.1,0.3287,1.3313,2.1345,2.7584
1,20.0,48.1,0.3321,1.3329,2.136,2.8457
1,20.0,48.1,0.3249,1.3234,2.1446,2.7954
1,20.0,48.1,0.3339,1.3273,2.1329,2.7471
1,20.0,48.1,0.3196,1.3215,2.1291,2.7668
1,20.0,48.1,0.3131,1.3088,2.1197,2.7106
1,20.0,48.0,0.3186,1.3177,2.1166,2.7631
1,20.0,48.1,0.3204,1.3256,2.132,2.8118
1,20.0,48.1,0.3246,1.3142,2.1308,2.8344
1,20.0,48.1,0.3335,1.3265,2.1332,2.8043
1,20.0,48.1,0.3282,1.3234,2.123,2.7933
1,20.0,48.1,0.3322,1.3163,2.1393,2.7877
1,20.0,48.1,0.3149,1.3312,2.127,2.7533
1,20.0,48.1,0.3214,1.3227,2.1136,2.7805
1,20.0,48.1,0.3235,1.3138,2.1292,2.7917
1,20.0,48.2,0.3177,1.304,2.1253,2.8049
1,20.0,48.1,0.3189,1.303,2.1165,2.7576
1,20.0,48.1,0.317,1.3102,2.1219,2.7657
1,20.0,48.1,0.3216,1.3015,2.115,2.7625
1,20.0,48.1,0.3201,1.3088,2.1241,2.7817
1,20.0,48.1,0.3224,1.3044,2.1224,2.7685
1,20.0,48.1,0.3196,1.3176,2.1097,2.7499
1,20.0,48.1,0.3135,1.3181,2.1052,2.8135
1,20.0,48.1,0.3233,1.3081,2.1132,2.8541
1,20.0,48.1,0.3277,1.3103,2.1169,2.8279
1,20.0,48.1,0.3322,1.3093,2.1372,2.8099
1,20.0,48.1,0.3312,1.3001,2.1312,2.7555
1,20.0,48.2,0.3342,1.3023,2.1128,2.8278
1,20.0,48.1,0.3268,1.3106,2.135,2.8424
1,20.0,48.2,0.3198,1.3158,2.1375,2.7839
1,20.0,48.2,0.3425,1.3281,2.1364,2.8444
1,20.0,48.2,0.34,1.3428,2.1495,2.8593
1,20.0,48.2,0.3338,1.3425,2.143,2.884
1,20.0,48.2,0.3444,1.347,2.151,2.885
1,20.0,48.2,0.3399,1.3547,2.1558,2.9033
1,20.0,48.2,0.3378,1.358,2.1601,2.8296
1,20.0,48.2,0.3302,1.3658,2.1533,2.8196
1,20.0,48.2,0.3347,1.3451,2.1478,2.7874
1,20.0,48.1,0.3203,1.3401,2.1369,2.7806
1,20.0,48.1,0.3287,1.3421,2.1325,2.8469
1,20.0,48.1,0.3151,1.3436,2.1316,2.7851
1,20.0,48.1,0.3281,1.3255,2.1138,2.7669
1,20.0,48.1,0.3361,1.3135,2.1159,2.8005
1,20.0,48.1,0.3225,1.3226,2.1098,2.793
1,20.0,48.1,0.3299,1.3148,2.115,2.7453
1,20.0,48.1,0.3352,1.3094,2.1055,2.793
1,20.0,48.1,0.3217,1.3097,2.1058,2.7307
1,20.0,48.1,0.3244,1.3035,2.1069,2.7452
1,20.0,48.1,0.3207,1.3026,2.1215,2.7648
1,20.0,48.1,0.3127,1.3119,2.1182,2.8117
1,20.0,48.1,0.3169,1.3018,2.1221,2.7419
1,20.0,48.1,0.3216,1.2918,2.1164,2.7713
1,20.0,48.1,0.3153,1.3009,2.1095,2.7457
1,20.0,48.1,0.3173,1.2989,2.1082,2.7955
1,20.0,48.1,0.3137,1.3053,2.1026,2.7907
1,20.0,48.1,0.3384,1.3132,2.1228,2.8061
1,20.0,48.1,0.3233,1.3229,2.1196,2.8433
1,20.0,48.1,0.3247,1.3325,2.1233,2.8813
1,20.0,48.1,0.3355,1.335,2.1315,2.8517
1,20.0,48.2,0.3448,1.3381,2.146,2.8548
1,20.0,48.2,0.3356,1.3411,2.133,2.8133
1,20.0,48.2,0.3272,1.3295,2.1109,2.6809
1,20.0,48.1,0.3328,1.3137,2.1224,2.8136
1,20.0,48.2,0.3355,1.3138,2.1249,2.8661
1,20.0,48.2,0.35,1.322,2.1233,2.8408
1,20.0,48.1,0.353,1.321,2.1197,2.7743
1,20.0,48.2,0.3347,1.3131,2.0991,2.7627
1,20.0,48.1,0.3297,1.3091,2.1064,2.7532
1,20.0,48.1,0.3133,1.3094,2.1035,2.7864
1,20.0,48.2,0.3285,1.3142,2.1074,2.7757
1,20.0,48.1,0.3234,1.298,2.1122,2.752
1,20.0,48.2,0.309,1.3045,2.1029,2.7482
1,20.0,48.2,0.323,1.2937,2.1116,2.7459
1,20.0,48.1,0.3229,1.3014,2.1008,2.7941
1,20.0,48.1,0.331,1.2859,2.1155,2.8006
1,20.0,48.1,0.335,1.283,2.0958,2.7654
1,20.0,48.1,0.3116,1.2917,2.0909,2.7572
1,20.0,48.2,0.327,1.2866,2.0976,2.7584
1,20.0,48.2,0.3146,1.282,2.1037,2.7548
1,20.0,48.2,0.3219,1.2829,2.0865,2.7436
1,20.0,48.2,0.3123,1.2833,2.1025,2.7458
1,20.0,48.1,0.3254,1.2829,2.0994,2.764
1,20.0,48.1,0.33,1.2915,2.1014,2.754
1,20.0,48.1,0.3117,1.2761,2.1013,2.7104
1,20.0,48.1,0.3081,1.2774,2.0947,2.6957
1,20.0,48.1,0.3044,1.2866,2.0935,2.7116
1,20.0,48.1,0.3213,1.2911,2.0916,2.7814
1,20.0,48.1,0.3158,1.3002,2.0973,2.854
1,20.0,48.1,0.3232,1.3069,2.111,2.8294
1,20.0,48.1,0.329,1.3119,2.1126,2.8478
1,20.0,48.2,0.3334,1.3239,2.1201,2.8531
1,20.0,48.2,0.3285,1.3083,2.1275,2.8407
1,20.0,48.2,0.3247,1.3143,2.1335,2.8474
1,20.0,48.2,0.3307,1.3092,2.1341,2.7533
1,20.0,48.2,0.3138,1.3089,2.1189,2.7093
1,20.0,48.2,0.3124,1.3018,2.109,2.7432
1,20.0,48.1,0.3173,1.294,2.0959,2.7117
1,20.0,48.1,0.3112,1.2914,2.1035,2.7025
1,20.0,48.2,0.3199,1.2918,2.0921,2.6956
1,20.0,48.1,0.3026,1.2856,2.0978,2.747
1,20.0,48.1,0.3152,1.2902,2.0992,2.7299
1,20.0,48.1,0.3191,1.2807,2.1042,2.7762
1,20.0,48.1,0.3334,1.3028,2.095,2.8028
1,20.0,48.1,0.3189,1.3011,2.103,2.7545
1,20.0,48.2,0.3078,1.3024,2.1073,2.7526
1,20.0,48.1,0.3121,1.2889,2.0937,2.7407
1,20.0,48.0,0.3209,1.2864,2.1052,2.7468
1,20.0,48.1,0.3177,1.2937,2.0887,2.7941
1,20.0,48.0,0.3246,1.3032,2.0855,2.7831
1,20.0,48.0,0.3235,1.3028,2.0899,2.8112
1,20.0,48.0,0.3244,1.2967,2.0858,2.7393
1,20.0,48.1,0.312,1.289,2.0956,2.7068
1,20.0,48.0,0.3065,1.2924,2.0723,2.7646
1,20.0,48.0,0.3165,1.3053,2.0929,2.7641
1,20.0,48.1,0.323,1.2964,2.1065,2.7901
1,20.0,48.1,0.3253,1.3146,2.1118,2.8191
1,20.0,48.1,0.3385,1.3193,2.1138,2.7826
1,20.0,48.1,0.3202,1.3027,2.107,2.7618
1,20.0,48.1,0.316,1.2969,2.1003,2.7256
1,20.0,48.1,0.3252,1.2931,2.0959,2.7421
1,20.0,48.1,0.3099,1.2835,2.1018,2.7241
1,20.0,48.1,0.316,1.283,2.0941,2.7449
1,20.0,48.1,0.3111,1.2955,2.0888,2.7573
1,20.0,48.1,0.3288,1.3025,2.109,2.798
1,20.0,48.1,0.3181,1.2958,2.0987,2.7461
1,20.0,48.1,0.2991,1.2885,2.0932,2.7319
1,20.0,48.1,0.3124,1.2817,2.0942,2.7853
1,20.0,48.1,0.3118,1.2903,2.0993,2.7508
1,20.0,48.1,0.3229,1.2915,2.0928,2.7466
1,20.0,48.1,0.329,1.3017,2.0902,2.7489
1,20.0,48.1,0.309,1.2943,2.0844,2.6935
1,20.0,48.1,0.3033,1.2701,2.0874,2.7204
1,20.0,48.1,0.3134,1.2797,2.0888,2.7636
1,20.0,48.1,0.3223,1.2744,2.0844,2.7992
1,20.0,48.1,0.3281,1.2826,2.0818,2.8166
1,20.0,48.1,0.332,1.282,2.1006,2.8225
1,20.0,48.1,0.33,1.2832,2.0806,2.788
1,20.0,48.1,0.3242,1.2812,2.0865,2.7789
1,20.0,48.1,0.3234,1.2807,2.0789,2.719
1,20.0,48.1,0.3175,1.2778,2.0857,2.6853
1,20.0,48.2,0.3153,1.2697,2.0859,2.7017
1,20.0,48.2,0.3088,1.2759,2.0712,2.7318
1,20.0,48.1,0.3178,1.2927,2.094,2.7399
1,20.0,48.1,0.3198,1.2717,2.0817,2.6987
1,20.0,48.1,0.317,1.2706,2.071,2.6865
1,20.0,48.1,0.3075,1.2657,2.0722,2.7509
1,20.0,48.1,0.3149,1.2756,2.076,2.7691
1,20.0,48.1,0.3217,1.2701,2.0801,2.714
1,20.0,48.1,0.3092,1.2798,2.0753,2.6987
1,20.0,48.0,0.3107,1.2679,2.0726,2.6258
1,20.0,48.0,0.2943,1.2678,2.0766,2.6888
1,20.0,48.1,0.3056,1.2738,2.0679,2.7639
1,20.0,48.1,0.3046,1.256,2.0729,2.7369
1,20.0,48.2,0.3139,1.2669,2.0758,2.7514
1,20.0,48.1,0.3253,1.2649,2.0679,2.7721
1,20.0,48.1,0.3166,1.2524,2.0671,2.7592
1,20.0,48.1,0.3229,1.2723,2.068,2.7632
1,20.0,48.1,0.3232,1.2647,2.0489,2.7754
1,20.0,48.1,0.3263,1.2757,2.0655,2.759
1,20.0,48.1,0.32,1.2582,2.0578,2.7389
1,20.0,48.2,0.3241,1.2553,2.0634,2.7036
1,20.0,48.1,0.3049,1.2618,2.055,2.6676
1,20.0,48.2,0.3162,1.2569,2.0468,2.6966
1,20.0,48.1,0.309,1.2569,2.0542,2.7541
1,20.0,48.1,0.3203,1.2666,2.0758,2.7257
1,20.0,48.1,0.3088,1.2531,2.0597,2.7385
1,20.0,48.1,0.3026,1.2566,2.0715,2.6732
1,20.0,48.1,0.3117,1.2607,2.0531,2.6878
1,20.0,48.1,0.31,1.2559,2.0575,2.7232
1,20.0,48.1,0.3079,1.2713,2.0648,2.7511
1,20.0,48.1,0.3089,1.2599,2.0658,2.7588
1,20.0,48.1,0.3121,1.2542,2.0702,2.7074
1,20.0,48.1,0.3093,1.2637,2.0626,2.7104
1,20.0,48.1,0.3073,1.262,2.0693,2.7592
1,20.0,48.1,0.3104,1.2721,2.069,2.7722
1,20.0,48.1,0.3138,1.2814,2.0798,2.7853
1,20.0,48.2,0.3202,1.2773,2.0901,2.8082
1,20.0,48.1,0.316,1.2774,2.0955,2.8433
1,20.0,48.1,0.3242,1.2849,2.1023,2.8421
1,20.0,48.2,0.3285,1.2961,2.1054,2.8505
1,20.0,48.2,0.3429,1.2981,2.1127,2.8686
1,20.0,48.2,0.3493,1.2979,2.1137,2.8562
1,20.0,48.2,0.3453,1.3138,2.1164,2.8546
1,20.0,48.2,0.3436,1.309,2.1112,2.8549
1,20.0,48.2,0.3455,1.3269,2.1057,2.8528
1,20.0,48.2,0.3488,1.3304,2.1132,2.8485
1,20.0,48.2,0.3387,1.3244,2.1114,2.841
1,20.0,48.2,0.3519,1.317,2.115,2.8326
1,20.0,48.2,0.3555,1.3202,2.1164,2.8251
1,20.0,48.2,0.3488,1.3093,2.1047,2.7786
1,20.0,48.2,0.3345,1.3057,2.0984,2.7635
1,20.0,48.2,0.3317,1.2938,2.0981,2.7743
1,20.0,48.2,0.3411,1.3005,2.0897,2.7703
1,20.0,48.2,0.3421,1.2931,2.0896,2.7654
1,20.0,48.2,0.3403,1.2884,2.0859,2.7581
1,20.0,48.2,0.3435,1.2858,2.0956,2.7579
1,20.0,48.1,0.3366,1.2769,2.0922,2.7544
1,20.0,48.2,0.3287,1.2838,2.0923,2.7477
1,20.0,48.1,0.3314,1.2884,2.0855,2.7502
1,20.0,48.1,0.3189,1.2785,2.0836,2.7468
1,20.0,48.1,0.3324,1.2746,2.0696,2.7661
1,20.0,48.2,0.3325,1.2792,2.0819,2.7772
1,20.0,48.1,0.3286,1.2803,2.0818,2.7633
1,20.0,48.2,0.3352,1.2679,2.0809,2.7858
1,20.0,48.2,0.3364,1.2826,2.0789,2.7832
1,20.0,48.2,0.3455,1.2783,2.0721,2.7451
1,20.0,48.2,0.324,1.2808,2.0776,2.745
1,20.0,48.1,0.3303,1.2704,2.0671,2.7259
1,20.0,48.1,0.325,1.2724,2.0792,2.7151
1,20.0,48.2,0.3315,1.2716,2.0687,2.7326
1,20.0,48.1,0.3168,1.2746,2.0643,2.7511
1,20.0,48.2,0.3332,1.2766,2.0737,2.7552
1,20.0,48.1,0.3252,1.2698,2.0708,2.7532
1,20.0,48.1,0.336,1.2659,2.0625,2.6983
1,20.0,48.2,0.3133,1.2655,2.0662,2.672
1,20.0,48.1,0.3118,1.27,2.0732,2.7185
1,20.0,48.2,0.3137,1.2757,2.079,2.7558
1,20.0,48.2,0.3241,1.2746,2.0788,2.7546
1,20.0,48.1,0.3137,1.2891,2.0941,2.7623
1,20.0,48.2,0.3178,1.2763,2.094,2.719
1,20.0,48.1,0.302,1.2782,2.0738,2.6834
1,20.0,48.1,0.308,1.2845,2.0781,2.7423
1,20.0,48.1,0.31,1.2735,2.0786,2.7127
1,20.0,48.1,0.3187,1.2755,2.0742,2.717
1,20.0,48.1,0.2985,1.282,2.0942,2.7286
1,20.0,48.1,0.3127,1.2722,2.0683,2.7108
1,20.0,48.1,0.3102,1.2775,2.0714,2.8179
1,20.0,48.1,0.317,1.2844,2.088,2.8102
1,20.0,48.1,0.3189,1.2781,2.0894,2.7245
1,20.0,48.1,0.312,1.2853,2.0687,2.7618
1,20.0,48.1,0.3098,1.2784,2.0813,2.6775
1,20.0,48.1,0.2998,1.2788,2.0697,2.7011
1,20.0,48.1,0.3061,1.2642,2.0711,2.7552
1,20.0,48.1,0.318,1.2714,2.0643,2.7536
1,20.0,48.1,0.3224,1.2642,2.0647,2.7876
1,20.0,48.1,0.3154,1.2673,2.0677,2.7212
1,20.0,48.1,0.3074,1.2658,2.0609,2.699
1,20.0,48.1,0.3104,1.2612,2.0635,2.667
1,20.0,48.1,0.3116,1.2675,2.0602,2.7397
1,20.0,48.1,0.3219,1.276,2.0627,2.761
1,20.0,48.1,0.319,1.2883,2.0937,2.8427
1,20.0,48.2,0.3198,1.2957,2.094,2.8036
1,20.0,48.2,0.3338,1.3011,2.1131,2.8062
1,20.0,48.2,0.335,1.321,2.1059,2.8011
1,20.0,48.2,0.326,1.308,2.1049,2.7576
1,20.0,48.2,0.3217,1.3108,2.0998,2.742
1,20.0,48.2,0.3142,1.2977,2.0962,2.6647
1,20.0,48.2,0.3185,1.2997,2.0846,2.7203
1,20.0,48.1,0.3144,1.3031,2.0868,2.7924
1,20.0,48.1,0.3191,1.3135,2.0867,2.8091
1,20.0,48.1,0.3288,1.3033,2.098,2.8201
1,20.0,48.1,0.335,1.3228,2.1048,2.8353
1,20.0,48.2,0.344,1.3396,2.1184,2.8502
1,20.0,48.2,0.3374,1.346,2.1387,2.8486
1,20.0,48.2,0.3379,1.3551,2.1295,2.8202
1,20.0,48.2,0.3297,1.3471,2.1353,2.7722
1,20.0,48.2,0.3303,1.3479,2.1299,2.7679
1,20.0,48.2,0.337,1.3505,2.1189,2.833
1,20.0,48.2,0.3375,1.3499,2.1176,2.8466
1,20.0,48.2,0.3464,1.358,2.1245,2.8221
1,20.0,48.1,0.333,1.3749,2.1129,2.8203
1,20.0,48.2,0.3265,1.3706,2.1288,2.8065
1,20.0,48.2,0.3482,1.3823,2.1368,2.8185
1,20.0,48.1,0.3419,1.3724,2.1345,2.84
1,20.0,48.1,0.3304,1.3701,2.1331,2.7478
1,20.0,48.1,0.3328,1.3639,2.1153,2.7168
1,20.0,48.1,0.3288,1.3619,2.1128,2.7237
1,20.0,48.0,0.3302,1.3629,2.099,2.7568
1,20.0,48.0,0.331,1.3652,2.1068,2.7921
1,20.0,48.1,0.331,1.3555,2.1127,2.7899
1,20.0,48.1,0.3317,1.3695,2.1164,2.7839
1,20.0,48.1,0.327,1.3679,2.1251,2.7845
1,20.0,48.1,0.3317,1.3693,2.1138,2.7741
1,20.0,48.1,0.3263,1.3697,2.1093,2.8295
1,20.0,48.1,0.3328,1.3755,2.1136,2.8173
1,20.0,48.1,0.3291,1.3663,2.1152,2.7944
1,20.0,48.1,0.3311,1.3723,2.1337,2.7516
1,20.0,48.0,0.3313,1.3759,2.1156,2.7894
1,20.0,48.1,0.3262,1.3744,2.1329,2.793
1,20.0,48.1,0.3372,1.3621,2.1359,2.8259
1,20.0,48.1,0.3392,1.3744,2.1339,2.814
1,20.0,48.2,0.3421,1.3866,2.1385,2.7952
1,20.0,48.2,0.3446,1.3863,2.1419,2.8159
1,20.0,48.1,0.3396,1.377,2.1363,2.7708
1,20.0,48.1,0.3365,1.3881,2.139,2.8225
1,20.0,48.1,0.3411,1.3908,2.1386,2.788
1,20.0,48.1,0.3298,1.3897,2.1369,2.7964
1,20.0,48.1,0.3436,1.39,2.1408,2.8075
1,20.0,48.1,0.3359,1.3888,2.1501,2.7771
1,20.0,48.1,0.3396,1.3806,2.1257,2.7641
1,20.0,48.0,0.3117,1.3607,2.1201,2.6501
1,20.0,48.0,0.3075,1.3668,2.1138,2.6105
1,20.0,48.0,0.3095,1.3517,2.11,2.6371
1,20.0,48.1,0.3138,1.341,2.0982,2.6392
1,20.0,48.0,0.3132,1.3226,2.087,2.6585
1,20.0,48.1,0.3002,1.3218,2.0742,2.6474
1,20.0,48.0,0.3037,1.3238,2.0825,2.6539
1,20.0,48.0,0.2972,1.3111,2.0713,2.6649
1,20.0,48.0,0.2981,1.3134,2.0747,2.6438
1,20.0,48.0,0.3014,1.312,2.0649,2.6781
1,20.0,48.0,0.2946,1.3049,2.0583,2.6762
1,20.0,48.0,0.3077,1.301,2.0637,2.6604
1,20.0,48.0,0.296,1.2972,2.0738,2.6783
1,20.0,48.0,0.2943,1.3033,2.0797,2.6621
1,20.0,48.1,0.3015,1.2984,2.0649,2.694
1,20.0,48.0,0.2904,1.2988,2.0661,2.6468
1,20.0,48.0,0.2978,1.2752,2.0622,2.642
1,20.0,48.0,0.2991,1.2723,2.0551,2.6542
1,20.0,48.1,0.3063,1.2864,2.0606,2.6653
1,20.0,48.1,0.315,1.2748,2.0615,2.6507
1,20.0,48.1,0.3008,1.275,2.0611,2.673
1,20.0,48.1,0.2935,1.2685,2.0649,2.6701
1,20.0,48.1,0.3012,1.2707,2.0509,2.6978
1,20.0,48.1,0.3032,1.2666,2.0439,2.6551
1,20.0,48.1,0.2953,1.2632,2.0517,2.6657
1,20.0,48.1,0.3016,1.2723,2.0576,2.6597
1,20.0,48.1,0.3078,1.2708,2.0476,2.633
1,20.0,48.1,0.2924,1.2574,2.0477,2.6397
1,20.0,48.1,0.296,1.2522,2.0464,2.6703
1,20.0,48.1,0.2972,1.2487,2.0532,2.6508
1,20.0,48.1,0.2918,1.263,2.0454,2.5982
1,20.0,48.0,0.2878,1.2642,2.0379,2.6465
1,19.9,48.0,0.297,1.2644,2.0402,2.6648
1,20.0,48.0,0.2968,1.2445,2.0353,2.6474
1,20.0,48.0,0.2922,1.2579,2.0478,2.5836
1,20.0,48.1,0.2821,1.2461,2.0441,2.6104
1,20.0,48.0,0.3009,1.2467,2.043,2.654
1,20.0,48.0,0.3029,1.2486,2.0429,2.7395
1,20.0,48.0,0.3072,1.2618,2.0507,2.7496
1,20.0,48.1,0.3109,1.2697,2.0708,2.76
1,20.0,48.2,0.3232,1.2899,2.0775,2.8415
1,20.0,48.1,0.3236,1.288,2.0837,2.8302
1,20.0,48.2,0.3217,1.2853,2.0872,2.7876
1,20.0,48.2,0.3226,1.2936,2.0843,2.7689
1,20.0,48.2,0.3022,1.2904,2.0827,2.6788
1,20.0,48.1,0.3139,1.2768,2.0693,2.6216
1,20.0,48.1,0.3006,1.2678,2.0583,2.6188
1,20.0,48.1,0.2958,1.2631,2.0701,2.6337
1,20.0,48.1,0.298,1.2802,2.0596,2.7016
1,20.0,48.1,0.3085,1.2743,2.0748,2.7215
1,20.0,48.1,0.3072,1.2825,2.0899,2.7748
1,20.0,48.1,0.3091,1.2731,2.0738,2.7124
1,20.0,48.1,0.308,1.2772,2.0721,2.7203
1,20.0,48.1,0.3027,1.2804,2.068,2.7694
1,20.0,48.1,0.3306,1.2902,2.081,2.7897
1,20.0,48.2,0.3318,1.3047,2.0903,2.8219
1,20.0,48.2,0.3309,1.302,2.0887,2.6923
1,20.0,48.2,0.3085,1.285,2.0758,2.6846
1,20.0,48.1,0.3179,1.2958,2.0816,2.7259
1,20.0,48.1,0.3093,1.2944,2.0612,2.7324
1,20.0,48.1,0.3177,1.278,2.0704,2.6939
1,20.0,48.1,0.3045,1.2718,2.066,2.7062
1,20.0,48.1,0.3137,1.2744,2.07,2.7615
1,20.0,48.1,0.309,1.2943,2.0741,2.8063
1,20.0,48.1,0.311,1.2954,2.0759,2.7872
1,20.0,48.1,0.3266,1.3055,2.0819,2.7793
1,20.0,48.1,0.31,1.305,2.0901,2.7446
1,20.0,48.0,0.3065,1.293,2.0748,2.6422
1,20.0,48.1,0.3037,1.3021,2.0566,2.6541
1,20.0,48.0,0.3054,1.3123,2.0469,2.6368
1,20.0,48.0,0.313,1.297,2.0392,2.7072
1,20.0,48.0,0.3141,1.2971,2.0425,2.7098
1,20.0,48.0,0.309,1.2971,2.0535,2.7004
1,20.0,48.1,0.3156,1.2948,2.0663,2.7026
1,20.0,48.1,0.3063,1.3001,2.0586,2.7003
1,20.0,48.0,0.317,1.3051,2.0585,2.7586
1,20.0,48.1,0.3206,1.3093,2.0706,2.7099
1,20.0,48.1,0.322,1.3214,2.0701,2.7154
1,20.0,48.1,0.3193,1.3102,2.0806,2.727
1,20.0,48.1,0.3146,1.2992,2.0742,2.7061
1,20.0,48.2,0.3128,1.2887,2.092,2.689
1,20.0,48.2,0.3184,1.3053,2.0892,2.771
1,20.0,48.2,0.3181,1.3114,2.0892,2.7712
1,20.0,48.2,0.3201,1.3064,2.1066,2.7578
1,20.0,48.2,0.3144,1.3186,2.1063,2.7228
1,20.0,48.2,0.31,1.3098,2.0879,2.7286
1,20.0,48.2,0.3154,1.3152,2.0912,2.754
1,20.0,48.1,0.3208,1.2997,2.0876,2.6949
1,20.0,48.1,0.3177,1.3082,2.0748,2.6375
1,20.0,48.1,0.3126,1.2972,2.081,2.7018
1,20.0,48.1,0.3064,1.2843,2.0718,2.7298
1,20.0,48.1,0.324,1.292,2.062,2.745
1,20.0,48.1,0.3114,1.2816,2.0727,2.6843
1,20.0,48.1,0.316,1.2769,2.0803,2.6438
1,20.0,48.1,0.3015,1.2704,2.0607,2.6307
1,20.0,48.1,0.2947,1.272,2.0663,2.6
1,20.0,48.1,0.2984,1.2632,2.0514,2.5663
1,20.0,48.1,0.2954,1.2692,2.051,2.5325
1,20.0,48.0,0.2999,1.2627,2.0372,2.5419
1,20.0,48.0,0.2928,1.2488,2.0403,2.6346
1,20.0,48.0,0.2849,1.2416,2.0407,2.6219
1,20.0,48.1,0.2966,1.2517,2.0371,2.7126
1,20.0,48.0,0.3007,1.252,2.0346,2.6489
1,20.0,48.0,0.2971,1.248,2.0329,2.7119
1,20.0,48.1,0.3111,1.2467,2.0277,2.7336
1,20.0,48.1,0.3118,1.2498,2.0416,2.6668
1,20.0,48.1,0.2927,1.2494,2.031,2.651
1,20.0,48.1,0.303,1.2491,2.0307,2.6439
1,20.0,48.0,0.3083,1.2619,2.045,2.7826
1,20.0,48.1,0.3115,1.2627,2.0531,2.7777
1,20.0,48.1,0.323,1.2759,2.0575,2.8152
1,20.0,48.1,0.3174,1.2808,2.0627,2.7578
1,20.0,48.1,0.3174,1.2976,2.074,2.7726
1,20.0,48.1,0.3215,1.2971,2.0662,2.7468
1,20.0,48.1,0.3256,1.3172,2.0802,2.7758
1,20.0,48.1,0.3219,1.3203,2.0784,2.7896
1,20.0,48.1,0.3241,1.3157,2.0802,2.7088
1,20.0,48.1,0.3167,1.3136,2.0793,2.7181
1,20.0,48.1,0.321,1.3224,2.0826,2.7467
1,20.0,48.1,0.3305,1.3071,2.0971,2.7677
1,20.0,48.2,0.332,1.3224,2.1037,2.801
1,20.0,48.2,0.3329,1.3286,2.1043,2.8054
1,20.0,48.2,0.3326,1.3378,2.1014,2.7942
1,20.0,48.2,0.3285,1.3357,2.0994,2.7606
1,20.0,48.1,0.334,1.3378,2.0892,2.7166
1,20.0,48.1,0.3181,1.3315,2.0862,2.658
1,20.0,48.0,0.3217,1.3217,2.0813,2.6552
1,20.0,48.0,0.3168,1.3324,2.067,2.7011
1,20.0,48.0,0.3103,1.3223,2.0562,2.6798
1,20.0,48.0,0.3057,1.2991,2.0541,2.5859
1,20.0,48.0,0.3069,1.2966,2.0412,2.5501
1,20.0,48.0,0.2916,1.2875,2.0481,2.5162
1,20.0,48.0,0.2863,1.2773,2.0537,2.5569
1,20.0,48.0,0.281,1.2648,2.0477,2.649
1,20.0,48.0,0.2963,1.2782,2.0457,2.6193
1,20.0,48.0,0.3064,1.2718,2.0442,2.7215
1,20.0,48.1,0.3067,1.2778,2.0474,2.7052
1,20.0,48.0,0.3048,1.2721,2.05,2.6509
1,20.0,48.0,0.2988,1.2677,2.0598,2.6699
1,20.0,48.0,0.2983,1.2692,2.0552,2.6784
1,20.0,48.0,0.2947,1.2699,2.0389,2.6263
1,20.0,48.0,0.3013,1.2618,2.0326,2.6614
1,20.0,48.0,0.305,1.259,2.0473,2.6527
1,20.0,48.0,0.3038,1.2587,2.0317,2.6775
1,20.0,48.0,0.3025,1.2632,2.0396,2.6533
1,20.0,48.0,0.2947,1.269,2.0316,2.6326
1,20.0,48.0,0.2904,1.2445,2.0307,2.6206
1,20.0,48.0,0.2842,1.246,2.0307,2.671
1,20.0,48.0,0.2856,1.244,2.0315,2.6215
1,20.0,48.0,0.2917,1.2476,2.0329,2.6131
1,20.0,48.0,0.2845,1.2535,2.028,2.6266
1,20.0,48.1,0.2922,1.2368,2.0179,2.6472
1,20.0,48.1,0.2882,1.2382,2.0249,2.6492
1,20.0,48.0,0.2969,1.2444,2.0232,2.6323
1,20.0,48.0,0.289,1.2377,2.0223,2.675
1,20.0,48.1,0.2922,1.2457,2.0238,2.6599
1,20.0,48.1,0.2947,1.2386,2.0183,2.6498
1,20.0,48.0,0.2926,1.2465,2.0184,2.6259
1,20.0,48.1,0.3029,1.2349,2.0232,2.7161
1,20.0,48.1,0.2911,1.2439,2.0411,2.6823
1,20.0,48.1,0.3041,1.2373,2.032,2.6286
1,20.0,48.1,0.2916,1.2375,2.0232,2.6135
1,20.0,48.1,0.2963,1.2381,2.0315,2.6531
1,20.0,48.1,0.2874,1.235,2.015,2.6282
1,20.0,48.1,0.2979,1.2399,2.0153,2.6869
1,20.0,48.1,0.2962,1.2396,2.0341,2.7335
1,20.0,48.1,0.3084,1.243,2.0338,2.7259
1,20.0,48.1,0.3047,1.2382,2.0315,2.7364
1,20.0,48.1,0.3087,1.2427,2.039,2.6567
1,20.0,48.2,0.3059,1.2332,2.0321,2.6499
1,20.0,48.1,0.2986,1.2285,2.0177,2.578
1,20.0,48.1,0.3036,1.2303,2.0147,2.6522
1,20.0,48.1,0.2887,1.2402,2.0179,2.6834
1,20.0,48.1,0.3093,1.2466,2.0274,2.6826
1,20.0,48.1,0.3088,1.2462,2.0409,2.7221
1,20.0,48.1,0.2918,1.2431,2.0418,2.6652
1,20.0,48.1,0.2974,1.2293,2.0374,2.5979
1,20.0,48.2,0.3066,1.2213,2.043,2.6672
1,20.0,48.2,0.2913,1.2308,2.0439,2.6321
1,20.0,48.2,0.2967,1.2308,2.0375,2.6481
1,20.0,48.1,0.3032,1.2242,2.0418,2.6844
1,20.0,48.2,0.3013,1.2229,2.0508,2.6957
1,20.0,48.2,0.2931,1.2311,2.0339,2.6768
1,20.0,48.2,0.2977,1.2248,2.0425,2.6773
1,20.0,48.2,0.2993,1.2384,2.0355,2.6269
1,20.0,48.1,0.2996,1.2247,2.0285,2.629
1,20.0,48.2,0.3013,1.2222,2.0282,2.6236
1,20.0,48.1,0.2996,1.2322,2.037,2.6581
1,20.0,48.1,0.2998,1.2289,2.0364,2.6395
1,20.0,48.1,0.2969,1.2277,2.0258,2.6525
1,20.0,48.1,0.2977,1.2355,2.0303,2.6435
1,20.0,48.2,0.287,1.2318,2.0216,2.651
1,20.0,48.2,0.3021,1.2309,2.036,2.6349
1,20.0,48.1,0.289,1.2224,2.016,2.6382
1,20.0,48.1,0.2867,1.2231,2.019,2.6254
1,20.0,48.1,0.2933,1.2186,2.0186,2.6374
1,20.0,48.1,0.3017,1.2246,2.0159,2.6387
1,20.0,48.1,0.2889,1.2275,2.0078,2.6058
1,20.0,48.1,0.2959,1.2133,2.0134,2.6078
1,20.0,48.1,0.287,1.2155,2.0109,2.6209
1,20.0,48.1,0.3008,1.2248,2.0044,2.7373
1,20.0,48.1,0.3143,1.2223,2.0258,2.8032
1,20.0,48.1,0.3153,1.2535,2.0236,2.7974
1,19.9,48.2,0.3204,1.251,2.0452,2.783
1,20.0,48.2,0.3074,1.2619,2.0398,2.7285
1,20.0,48.2,0.3103,1.2562,2.0395,2.7821
1,20.0,48.2,0.3167,1.2634,2.0468,2.7779
1,20.0,48.1,0.3164,1.2591,2.0524,2.7632
1,20.0,48.2,0.3157,1.2883,2.0454,2.8076
1,20.0,48.1,0.3199,1.29,2.0428,2.8048
1,20.0,48.1,0.335,1.2977,2.0686,2.8181
1,20.0,48.1,0.3361,1.3107,2.0626,2.8439
1,20.0,48.2,0.3253,1.3262,2.0825,2.8296
1,20.0,48.2,0.3318,1.3221,2.0799,2.8131
1,20.0,48.2,0.3189,1.3351,2.0896,2.7659
1,20.0,48.2,0.3351,1.3318,2.0835,2.7541
1,20.0,48.2,0.3388,1.3441,2.0931,2.8113
1,20.0,48.2,0.3245,1.3473,2.0943,2.7603
1,20.0,48.2,0.3189,1.3244,2.0745,2.7507
1,20.0,48.1,0.3129,1.3292,2.0786,2.7635
1,20.0,48.1,0.3177,1.3299,2.0745,2.705
1,20.0,48.1,0.3227,1.3185,2.0708,2.6659
1,20.0,48.1,0.3129,1.3167,2.0608,2.6625
1,20.0,48.1,0.302,1.3176,2.0474,2.6043
1,20.0,48.1,0.2931,1.3038,2.0531,2.6124
1,20.0,48.1,0.3058,1.2997,2.0496,2.6697
1,20.0,48.1,0.3193,1.3014,2.0552,2.7273
1,20.0,48.1,0.3112,1.3154,2.0604,2.7459
1,20.0,48.1,0.3179,1.3069,2.0622,2.7597
1,20.0,48.1,0.3213,1.318,2.0856,2.7757
1,20.0,48.2,0.3171,1.3219,2.0942,2.7235
1,20.0,48.2,0.3208,1.3292,2.0818,2.7531
1,20.0,48.2,0.3162,1.312,2.0871,2.7192
1,20.0,48.1,0.3066,1.3168,2.066,2.636
1,20.0,48.0,0.3022,1.3036,2.0623,2.6136
1,20.0,48.1,0.3088,1.2945,2.0651,2.6238
1,20.0,48.0,0.3036,1.2902,2.048,2.646
1,20.0,48.0,0.3031,1.2886,2.0583,2.61
1,20.0,48.0,0.3043,1.2832,2.0584,2.6427
1,20.0,48.1,0.2994,1.2788,2.0577,2.6638
1,20.0,48.1,0.2946,1.2697,2.0424,2.6295
1,20.0,48.1,0.3026,1.2708,2.0483,2.6852
1,20.0,48.1,0.3035,1.2758,2.05,2.6578
1,20.0,48.1,0.3127,1.2807,2.0477,2.7617
1,20.0,48.1,0.3081,1.2925,2.0581,2.7613
1,20.0,48.2,0.3125,1.2998,2.0711,2.7554
1,20.0,48.2,0.324,1.3095,2.0833,2.8065
1,20.0,48.2,0.3221,1.31,2.0778,2.7328
1,20.0,48.2,0.3197,1.3151,2.0826,2.7118
1,20.0,48.1,0.3188,1.3106,2.0774,2.7667
1,20.0,48.2,0.3194,1.3228,2.0857,2.8505
1,20.0,48.2,0.3272,1.3295,2.0842,2.8254
1,20.0,48.2,0.3227,1.3244,2.1015,2.7459
1,20.0,48.2,0.3295,1.3328,2.0975,2.6846
1,20.0,48.2,0.3079,1.3205,2.0779,2.6125
1,20.0,48.1,0.3116,1.3005,2.0732,2.603
1,20.0,48.1,0.3085,1.2922,2.0713,2.6123
1,20.0,48.1,0.3114,1.3028,2.0799,2.7455
1,20.0,48.1,0.304,1.3,2.0713,2.7245
1,20.0,48.1,0.3223,1.3079,2.0704,2.7222
1,20.0,48.1,0.3203,1.3109,2.0828,2.7679
1,20.0,48.1,0.3195,1.3189,2.0687,2.7344
1,20.0,48.1,0.3232,1.3162,2.0634,2.7454
1,20.0,48.1,0.3244,1.3138,2.0618,2.6775
1,20.0,48.1,0.3118,1.3075,2.0624,2.6507
1,20.0,48.1,0.3112,1.3097,2.0549,2.6641
1,20.0,48.1,0.3022,1.3017,2.0645,2.7426
1,20.0,48.1,0.3059,1.3052,2.0639,2.7389
1,20.0,48.1,0.3177,1.3186,2.0522,2.7042
1,20.0,48.1,0.311,1.3068,2.0643,2.6932
1,20.0,48.1,0.3111,1.3055,2.0592,2.6782
1,20.0,48.1,0.3197,1.3103,2.0676,2.7431
1,20.0,48.1,0.3015,1.3071,2.0553,2.6675
1,20.0,48.1,0.3153,1.3103,2.0688,2.6955
1,20.0,48.1,0.3133,1.3066,2.051,2.6382
1,20.0,48.1,0.2903,1.3017,2.0483,2.6606
1,20.0,48.1,0.2969,1.2956,2.0459,2.6216
1,20.0,48.0,0.3021,1.2732,2.0382,2.5927
1,20.0,48.1,0.2965,1.2865,2.0404,2.6502
1,20.0,48.0,0.2862,1.2743,2.0349,2.6356
1,20.0,48.0,0.2931,1.2703,2.0319,2.6308
1,20.0,48.0,0.2991,1.2645,2.0306,2.6464
1,20.0,48.1,0.301,1.2716,2.0272,2.6527
1,20.0,48.0,0.2992,1.2691,2.0181,2.6183
1,20.0,48.1,0.3007,1.2602,2.0247,2.624
1,20.0,48.1,0.2915,1.2566,2.0241,2.6174
1,20.0,48.1,0.3011,1.2576,2.0295,2.6354
1,20.0,48.1,0.292,1.2469,2.0204,2.5836
1,20.0,48.1,0.2965,1.2568,2.0164,2.6737
1,20.0,48.1,0.3019,1.2627,2.0314,2.6007
1,20.0,48.0,0.2913,1.2638,2.0191,2.5164
1,20.0,48.0,0.3066,1.2487,2.0096,2.5997
1,20.0,48.0,0.2929,1.2488,2.0265,2.6019
1,20.0,48.0,0.2935,1.25,2.0176,2.6445
1,20.0,48.1,0.2913,1.2494,2.0206,2.6378
1,20.0,48.1,0.2977,1.2538,2.0256,2.6386
1,20.0,48.1,0.2849,1.2515,2.0246,2.6622
1,20.0,48.1,0.2839,1.2434,2.0162,2.6309
1,20.0,48.1,0.2918,1.2377,2.026,2.5913
1,20.0,48.1,0.2942,1.2465,2.0227,2.6158
1,20.0,48.1,0.2922,1.2315,2.0087,2.6149
1,20.0,48.1,0.2932,1.2286,2.0191,2.5935
1,20.0,48.1,0.2898,1.2335,2.0184,2.5692
1,20.0,48.0,0.295,1.2243,2.0174,2.5918
1,20.0,48.0,0.2907,1.2263,2.0091,2.6121
1,20.0,48.1,0.2975,1.2397,2.0215,2.6984
1,20.0,48.0,0.3074,1.2581,2.0242,2.7827
1,20.0,48.1,0.2957,1.2542,2.0293,2.7107
1,20.0,48.1,0.292,1.2461,2.0284,2.6929
1,20.0,48.1,0.308,1.2619,2.0399,2.7403
1,20.0,48.1,0.3093,1.2636,2.0378,2.7649
1,20.0,48.2,0.3097,1.2608,2.0475,2.7563
1,20.0,48.2,0.3185,1.2788,2.0641,2.8132
1,20.0,48.2,0.3219,1.2966,2.0613,2.7725
1,20.0,48.1,0.3183,1.3034,2.061,2.7733
1,20.0,48.1,0.3157,1.2991,2.0587,2.7505
1,20.0,48.1,0.317,1.2914,2.0454,2.6432
1,20.0,48.0,0.3091,1.2853,2.0415,2.5922
1,20.0,48.0,0.3055,1.2935,2.0303,2.6167
1,20.0,48.0,0.3009,1.2779,2.0302,2.6331
1,20.0,48.0,0.3024,1.2666,2.0337,2.6559
1,20.0,48.0,0.3077,1.2824,2.0363,2.7354
1,20.0,48.0,0.3007,1.2918,2.0448,2.7284
1,20.0,48.0,0.3256,1.2963,2.0423,2.7689
1,20.0,48.0,0.3103,1.2884,2.0508,2.7063
1,20.0,48.1,0.3144,1.286,2.065,2.6934
1,20.0,48.1,0.2978,1.276,2.039,2.5663
1,20.0,48.1,0.3001,1.2712,2.0377,2.6093
1,20.0,48.0,0.2992,1.2686,2.0487,2.6097
1,20.0,48.1,0.2945,1.2568,2.0267,2.6176
1,20.0,48.1,0.2897,1.2528,2.0283,2.6185
1,20.0,48.0,0.2991,1.2477,2.0296,2.5968
1,20.0,48.1,0.2964,1.2502,2.0222,2.6573
1,20.0,48.0,0.307,1.2621,2.0322,2.6672
1,20.0,48.1,0.2989,1.251,2.0333,2.7109
1,20.0,48.0,0.2991,1.2606,2.022,2.6703
1,20.0,48.1,0.2978,1.2537,2.017,2.6265
1,20.0,48.0,0.2897,1.2598,2.0145,2.6269
1,20.0,48.0,0.2988,1.2529,2.0216,2.5956
1,20.0,48.0,0.2863,1.2463,2.0162,2.6119
1,20.0,48.0,0.2944,1.2468,2.019,2.6162
1,20.0,48.0,0.2947,1.2529,2.0137,2.6262
1,20.0,48.0,0.2922,1.2571,2.0042,2.6456
1,20.0,48.0,0.2856,1.2553,2.009,2.6099
1,20.0,48.1,0.287,1.2363,2.0099,2.6007
1,20.0,48.0,0.3067,1.2502,2.0103,2.7083
1,20.0,48.0,0.3016,1.2413,2.0185,2.7154
1,20.0,48.1,0.3051,1.2537,2.0298,2.6948
1,20.0,48.0,0.3078,1.2562,2.0206,2.683
1,20.0,48.0,0.3048,1.2567,2.0262,2.615
1,20.0,48.0,0.2984,1.2481,2.0356,2.6555
1,20.0,48.0,0.2976,1.2558,2.0271,2.6825
1,20.0,48.0,0.3014,1.253,2.0318,2.6871
1,20.0,48.1,0.2964,1.2467,2.0267,2.7201
1,20.0,48.0,0.2943,1.2529,2.0281,2.6026
1,20.0,48.1,0.3068,1.2545,2.0144,2.598
1,20.0,48.0,0.2935,1.2407,2.0211,2.5952
1,20.0,48.0,0.2877,1.2429,2.0135,2.6322
1,20.0,48.0,0.2899,1.2411,2.011,2.6263
1,20.0,48.0,0.2957,1.2432,2.0194,2.6658
1,20.0,48.1,0.2975,1.2431,2.0233,2.7151
1,20.0,48.1,0.2979,1.2297,2.0265,2.7059
1,20.0,48.0,0.3213,1.2339,2.0166,2.6772
1,20.0,48.1,0.2927,1.24,2.0256,2.6821
1,20.0,48.1,0.2977,1.2415,2.0124,2.661
1,20.0,48.0,0.289,1.2462,2.0147,2.6105
1,20.0,48.1,0.289,1.2168,2.0096,2.6084
1,20.0,48.1,0.3016,1.2281,2.0193,2.6011
1,20.0,48.0,0.2834,1.2236,2.0122,2.597
1,20.0,48.1,0.2932,1.2154,2.002,2.5885
1,20.0,48.1,0.2892,1.2258,2.0021,2.6246
1,20.0,48.1,0.2892,1.2252,2.0067,2.6341
1,20.0,48.0,0.3031,1.2339,2.0158,2.6686
1,20.0,48.0,0.3033,1.2358,2.0092,2.6657
1,20.0,48.1,0.3068,1.2317,2.0218,2.718
1,20.0,48.1,0.2931,1.2282,2.0173,2.6123
1,20.0,48.1,0.2863,1.2283,2.0118,2.6243
1,20.0,48.1,0.2934,1.2297,2.0268,2.6011
1,20.0,48.1,0.2938,1.2243,2.0158,2.6203
1,20.0,48.1,0.2873,1.224,2.0145,2.5823
1,20.0,48.1,0.2838,1.2209,2.0031,2.6065
1,20.0,48.1,0.29,1.216,2.0062,2.6219
1,20.0,48.1,0.275,1.2059,2.0062,2.5979
1,20.0,48.1,0.2816,1.2094,2.0036,2.5943
1,20.0,48.1,0.2956,1.2051,1.9958,2.5698
1,20.0,48.0,0.2835,1.2083,1.9813,2.5695
1,20.0,48.1,0.3002,1.2086,1.9928,2.5667
1,20.0,48.1,0.2906,1.2073,1.9933,2.6125
1,20.0,48.0,0.2913,1.2054,2.0052,2.632
1,20.0,48.1,0.3035,1.2105,1.9975,2.6408
1,20.0,48.1,0.3045,1.2189,2.0118,2.7062
1,20.0,48.1,0.2984,1.2186,2.0234,2.7361
1,20.0,48.2,0.3072,1.236,2.0237,2.7576
1,20.0,48.2,0.3068,1.2454,2.0457,2.7443
1,20.0,48.2,0.2897,1.2423,2.0169,2.6489
1,20.0,48.1,0.3018,1.2254,2.0163,2.5467
1,20.0,48.1,0.3001,1.2323,2.0116,2.64
1,20.0,48.0,0.2965,1.2352,2.0374,2.7458
1,20.0,48.1,0.3043,1.2607,2.0246,2.7174
1,20.0,48.1,0.2969,1.2542,2.0139,2.678
1,20.0,48.0,0.3011,1.2557,2.0176,2.6801
1,20.0,48.0,0.2944,1.2472,2.0078,2.6149
1,20.0,48.0,0.2996,1.2296,2.0103,2.6346
1,20.0,48.1,0.3015,1.2459,2.0162,2.618
1,20.0,48.0,0.2992,1.2325,2.0003,2.5478
1,20.0,48.0,0.2879,1.2213,1.9962,2.5524
1,20.0,48.0,0.2924,1.2115,1.9938,2.6029
1,20.0,48.0,0.2949,1.2189,1.9973,2.618
1,20.0,48.0,0.2928,1.211,1.982,2.5169
1,20.0,48.0,0.2913,1.2074,1.9855,2.5971
1,20.0,48.0,0.2842,1.2209,1.9928,2.5908
1,20.0,48.0,0.2779,1.2236,1.9812,2.601
1,20.0,48.0,0.3007,1.2143,1.9868,2.6169
1,20.0,48.1,0.2907,1.2127,1.9962,2.6101
1,20.0,48.0,0.2896,1.2119,2.0114,2.6401
1,20.0,48.0,0.284,1.2077,1.9958,2.6179
1,20.0,48.0,0.2911,1.2051,1.9922,2.6408
1,20.0,48.1,0.2984,1.2131,2.0069,2.6303
1,20.0,48.0,0.2868,1.2106,2.0073,2.6494
1,20.0,48.1,0.2852,1.2111,2.013,2.6315
1,20.0,48.0,0.2895,1.2037,2.014,2.6471
1,20.0,48.1,0.2873,1.2138,2.0014,2.6448
1,20.0,48.1,0.2865,1.2077,2.0071,2.6406
1,20.0,48.1,0.3106,1.2069,1.9987,2.6519
1,20.0,48.1,0.3036,1.2073,1.9927,2.6786
1,20.0,48.1,0.2926,1.2211,2.0004,2.7214
1,20.0,48.1,0.3094,1.2183,1.9846,2.7241
1,20.0,48.1,0.3143,1.225,2.0071,2.706
1,20.0,48.1,0.2982,1.2058,2.0059,2.6394
1,20.0,48.1,0.3037,1.2117,2.0001,2.6196
1,20.0,48.1,0.284,1.2051,2.0099,2.6196
1,20.0,48.1,0.2923,1.2046,2.0039,2.6321
1,20.0,48.1,0.2894,1.2159,1.9995,2.6028
1,20.0,48.1,0.2925,1.2048,2.0006,2.6074
1,20.0,48.1,0.2894,1.2092,1.9999,2.6139
1,20.0,48.1,0.2964,1.206,2.0012,2.6794
1,20.0,48.1,0.3016,1.2017,2.0022,2.6851
1,20.0,48.1,0.312,1.2122,1.9944,2.7026
1,20.0,48.1,0.3129,1.2146,2.0014,2.6688
1,20.0,48.2,0.3028,1.207,2.0024,2.681
1,20.0,48.1,0.3072,1.2118,1.9912,2.7057
1,20.0,48.1,0.3085,1.2138,2.0159,2.7294
1,20.0,48.2,0.3082,1.2169,2.0145,2.7237
1,20.0,48.1,0.3178,1.223,2.0104,2.7153
1,20.0,48.2,0.3101,1.2204,2.0119,2.6475
1,20.0,48.2,0.3164,1.224,2.0102,2.6439
1,20.0,48.2,0.3182,1.2196,2.0143,2.6351
1,20.0,48.1,0.3155,1.22,2.0153,2.6796
1,20.0,48.1,0.3124,1.219,2.0095,2.6683
1,20.0,48.1,0.2834,1.2164,2.0193,2.6715
1,20.0,48.2,0.3064,1.23,2.0043,2.6986
1,20.0,48.2,0.3123,1.23,2.0024,2.7146
1,20.0,48.2,0.3151,1.2152,2.0099,2.7128
1,20.0,48.2,0.3152,1.2172,2.0173,2.6864
1,20.0,48.2,0.3063,1.2256,2.0071,2.7004
1,20.0,48.2,0.3104,1.2272,2.0048,2.6824
1,20.0,48.2,0.3075,1.2235,2.002,2.6543
1,20.0,48.2,0.321,1.2159,2.0135,2.7187
1,20.0,48.2,0.3225,1.2213,2.0081,2.7863
1,20.0,48.2,0.3381,1.2364,2.0364,2.7966
1,20.0,48.2,0.3354,1.2429,2.024,2.7836
1,20.0,48.2,0.3342,1.2477,2.0455,2.7345
1,20.0,48.2,0.3215,1.2406,2.038,2.6913
1,20.0,48.2,0.3345,1.2354,2.0258,2.6799
1,20.0,48.2,0.3141,1.2406,2.0219,2.6262
1,20.0,48.2,0.3132,1.23,2.024,2.6663
1,20.0,48.1,0.2989,1.2237,2.0167,2.6048
1,20.0,48.2,0.3119,1.2351,2.0107,2.611
1,20.0,48.2,0.2995,1.2211,2.0036,2.6446
1,20.0,48.2,0.2993,1.2203,2.0119,2.6161
1,20.0,48.2,0.2932,1.2089,2.0026,2.6286
1,20.0,48.2,0.3128,1.2223,1.9901,2.6085
1,20.0,48.2,0.3047,1.2302,1.9968,2.6482
1,20.0,48.2,0.3044,1.2167,1.9986,2.6215
1,20.0,48.2,0.2884,1.2159,2.0118,2.6873
1,20.0,48.2,0.2961,1.2168,2.0167,2.6035
1,20.0,48.2,0.2958,1.2114,2.0024,2.5957
1,20.0,48.2,0.2904,1.2203,2.0155,2.5774
1,20.0,48.2,0.296,1.221,2.0048,2.6521
1,20.0,48.2,0.3026,1.2243,2.005,2.6611
1,20.0,48.2,0.2999,1.2259,2.0126,2.6382
1,20.0,48.2,0.3034,1.224,2.004,2.632
1,20.0,48.2,0.305,1.224,1.9988,2.6219
1,20.0,48.2,0.2853,1.2005,2.0049,2.6027
1,20.0,48.2,0.2863,1.2065,1.9951,2.6334
1,20.0,48.1,0.2948,1.2127,2.0079,2.659
1,20.0,48.1,0.3035,1.2069,1.9977,2.6597
1,20.0,48.1,0.2989,1.2215,1.9993,2.7158
1,20.0,48.2,0.3072,1.2194,2.0092,2.7508
1,20.0,48.2,0.313,1.2126,2.0117,2.7487
1,20.0,48.2,0.3212,1.2394,2.0124,2.737
1,20.0,48.2,0.3193,1.2297,2.0075,2.7206
1,20.0,48.2,0.3199,1.2289,2.016,2.6967
1,20.0,48.2,0.3176,1.2135,2.0129,2.6651
1,20.0,48.2,0.3022,1.2275,2.0072,2.6411
1,20.0,48.2,0.3156,1.2196,2.011,2.6672
1,20.0,48.2,0.3094,1.2314,2.001,2.6839
1,20.0,48.2,0.3207,1.2195,2.0218,2.7053
1,20.0,48.2,0.3157,1.2257,2.0115,2.7153
1,20.0,48.2,0.326,1.2191,1.9994,2.7376
1,20.0,48.2,0.3253,1.2347,2.0153,2.7531
1,20.0,48.2,0.3271,1.2396,2.0257,2.7624
1,20.0,48.2,0.325,1.2356,2.0134,2.7444
1,20.0,48.2,0.3339,1.2444,2.0361,2.7276
1,20.0,48.2,0.3332,1.2344,2.0225,2.6898
1,20.0,48.2,0.3171,1.2455,2.0189,2.6774
1,20.0,48.2,0.3242,1.2387,2.0168,2.7308
1,20.0,48.2,0.3286,1.2424,2.019,2.7304
1,20.0,48.2,0.3279,1.2232,2.0218,2.7004
1,20.0,48.2,0.3296,1.2378,2.0205,2.6861
1,20.0,48.2,0.3265,1.2314,2.0248,2.6842
1,20.0,48.2,0.3206,1.2329,2.0205,2.6978
1,20.0,48.2,0.3112,1.2318,2.0141,2.6793
1,20.0,48.2,0.3149,1.2238,2.0298,2.6826
1,20.0,48.2,0.3229,1.2269,2.0245,2.6549
1,20.0,48.2,0.3136,1.2221,2.0159,2.5952
1,20.0,48.2,0.2905,1.2204,2.0116,2.5984
1,20.0,48.2,0.3013,1.2201,2.0104,2.6091
1,20.0,48.2,0.2992,1.2247,1.9917,2.5835
1,20.0,48.2,0.3051,1.2152,1.9943,2.6455
1,20.0,48.2,0.3042,1.2015,1.9938,2.6457
1,20.0,48.2,0.3113,1.2128,1.9982,2.6884
1,20.0,48.2,0.3136,1.2209,2.0106,2.6718
1,20.0,48.2,0.3126,1.2174,1.9947,2.6574
1,20.0,48.2,0.3061,1.2147,1.9957,2.6467
1,20.0,48.2,0.3141,1.2228,2.0033,2.6084
1,20.0,48.2,0.2983,1.2085,1.9971,2.5851
1,20.0,48.2,0.3039,1.2104,2.0012,2.5894
1,20.0,48.2,0.3003,1.2053,1.9907,2.624
1,20.0,48.2,0.2926,1.2011,2.0096,2.6609
1,20.0,48.2,0.3,1.2199,2.0075,2.6647
1,20.0,48.2,0.3014,1.2259,2.0179,2.6604
1,20.0,48.2,0.2967,1.2184,2.0122,2.6027
1,20.0,48.2,0.3046,1.2239,2.0189,2.62
1,20.0,48.2,0.2929,1.2132,2.0014,2.6137
1,19.9,48.2,0.2992,1.2059,2.0019,2.5753
1,19.9,48.2,0.2879,1.2097,2.0006,2.6024
1,20.0,48.2,0.2954,1.2149,1.9954,2.6073
1,20.0,48.2,0.2922,1.2179,1.9935,2.6835
1,20.0,48.2,0.2994,1.2124,2.0056,2.6875
1,20.0,48.2,0.3034,1.2161,2.0059,2.6931
1,20.0,48.2,0.3086,1.2069,1.9999,2.6969
1,19.9,48.2,0.3066,1.2187,2.0013,2.6866
1,20.0,48.2,0.3087,1.2101,2.0165,2.6406
1,19.9,48.2,0.3084,1.2043,2.0105,2.6528
1,20.0,48.2,0.2972,1.2043,2.0094,2.6244
1,20.0,48.2,0.3006,1.2099,1.9956,2.5913
1,19.9,48.2,0.3037,1.2086,2.0121,2.6299
1,19.9,48.2,0.2921,1.2141,1.9894,2.6112
1,20.0,48.2,0.3008,1.2073,2.0019,2.6323
1,19.9,48.2,0.2913,1.2004,1.9999,2.617
1,20.0,48.2,0.3104,1.2138,1.9933,2.6635
1,19.9,48.2,0.2949,1.2089,2.0067,2.6657
1,19.9,48.2,0.3076,1.2063,1.9969,2.6632
1,19.9,48.2,0.3138,1.2145,1.9902,2.6527
1,19.9,48.2,0.3116,1.2101,2.001,2.6357
1,19.9,48.2,0.3142,1.2077,1.9954,2.639
1,19.9,48.2,0.3066,1.1988,2.0132,2.6594
1,19.9,48.2,0.298,1.2126,2.0062,2.6605
1,19.9,48.2,0.3193,1.2074,2.005,2.6881
1,19.9,48.2,0.3064,1.2059,1.989,2.7194
1,20.0,48.2,0.3181,1.2082,2.0043,2.6832
1,20.0,48.2,0.3139,1.2061,2.0071,2.687
1,19.9,48.2,0.3079,1.2035,1.9873,2.6636
1,20.0,48.2,0.3064,1.2175,2.012,2.6633
1,19.9,48.2,0.3185,1.2088,2.0036,2.6861
1,19.9,48.2,0.3237,1.2129,2.0087,2.686
1,19.9,48.2,0.3161,1.212,2.0194,2.7271
1,19.9,48.2,0.3338,1.2141,2.009,2.7339
1,20.0,48.2,0.3244,1.217,2.0056,2.6864
1,20.0,48.2,0.3245,1.2113,2.0123,2.6863
1,20.0,48.2,0.3234,1.2252,2.0018,2.6961
1,20.0,48.2,0.3271,1.2155,2.0058,2.745
1,20.0,48.3,0.3282,1.2313,2.0073,2.7321
1,20.0,48.3,0.3287,1.2362,2.018,2.7239
1,19.9,48.3,0.3278,1.2203,2.0073,2.6809
1,19.9,48.3,0.3268,1.2267,2.0095,2.6752
1,20.0,48.3,0.3264,1.2238,2.0067,2.6909
1,19.9,48.3,0.3217,1.2192,2.0037,2.688
1,20.0,48.2,0.3219,1.2175,2.0089,2.6452
1,20.0,48.2,0.312,1.2224,2.0069,2.6547
1,20.0,48.2,0.3195,1.2162,2.009,2.6506
1,19.9,48.2,0.3151,1.2309,2.0024,2.636
1,20.0,48.2,0.3103,1.2188,2.0065,2.6467
1,19.9,48.2,0.3071,1.2216,1.996,2.626
1,19.9,48.2,0.3092,1.2243,1.9982,2.6252
1,19.9,48.2,0.3037,1.2101,2.0084,2.6039
1,20.0,48.2,0.2988,1.2073,1.9982,2.6381
1,20.0,48.2,0.2892,1.2112,2.0048,2.588
1,19.9,48.2,0.2959,1.2085,1.9938,2.6482
1,20.0,48.2,0.3104,1.2103,1.9965,2.6616
1,19.9,48.2,0.3119,1.2099,1.9934,2.7069
1,20.0,48.2,0.3197,1.2163,2.0136,2.7219
1,19.9,48.3,0.332,1.2181,2.0121,2.7252
1,20.0,48.2,0.3307,1.2141,2.0016,2.692
1,19.9,48.2,0.3269,1.2106,2.0054,2.6469
1,20.0,48.2,0.3116,1.2133,1.9979,2.568
1,20.0,48.2,0.3009,1.2169,2.0068,2.6372
1,20.0,48.2,0.3111,1.2261,1.9904,2.6272
1,19.9,48.2,0.3025,1.2086,1.9897,2.697
1,19.9,48.2,0.3145,1.2216,2.0005,2.707
1,20.0,48.2,0.3152,1.2322,1.9899,2.6812
1,20.0,48.2,0.3158,1.2228,1.9944,2.6994
1,20.0,48.2,0.323,1.2257,2.0011,2.6861
1,19.9,48.2,0.3207,1.2202,2.0047,2.7026
1,19.9,48.3,0.3343,1.2232,2.0007,2.7142
1,20.0,48.2,0.3188,1.2345,1.9964,2.7326
1,20.0,48.3,0.329,1.2263,2.0097,2.7366
1,20.0,48.2,0.3374,1.2349,2.0128,2.7188
1,20.0,48.3,0.3332,1.2319,2.0243,2.7187
1,20.0,48.2,0.3316,1.2314,2.0118,2.7221
1,20.0,48.2,0.3298,1.2304,2.0146,2.7265
1,20.0,48.2,0.3326,1.2373,2.0214,2.7363
1,20.0,48.2,0.3393,1.2417,2.0194,2.7413
1,20.0,48.3,0.3429,1.2483,2.016,2.7211
1,20.0,48.2,0.3294,1.2374,2.0183,2.733
1,20.0,48.3,0.3314,1.2383,2.0314,2.7482
1,20.0,48.3,0.3316,1.2431,2.0301,2.7558
1,20.0,48.3,0.3365,1.2575,2.0262,2.7441
1,20.0,48.3,0.3599,1.2677,2.0295,2.7572
1,20.0,48.3,0.3468,1.2791,2.039,2.761
1,20.0,48.3,0.3479,1.2753,2.0347,2.7623
1,20.0,48.3,0.3459,1.2827,2.0458,2.7462
1,20.0,48.3,0.3474,1.3032,2.0434,2.7155
1,20.0,48.3,0.3388,1.303,2.0446,2.7192
1,19.9,48.3,0.346,1.2924,2.029,2.7059
1,20.0,48.3,0.3371,1.3029,2.0275,2.7085
1,20.0,48.3,0.3325,1.3096,2.0274,2.7183
1,20.0,48.3,0.3374,1.3057,2.0256,2.7094
1,20.0,48.3,0.3339,1.3059,2.0252,2.7084
1,20.0,48.3,0.3474,1.309,2.0285,2.7027
1,20.0,48.3,0.3392,1.3198,2.0178,2.7165
1,20.0,48.3,0.3404,1.3094,2.0159,2.6779
1,20.0,48.3,0.3297,1.2836,2.0145,2.6655
1,20.0,48.3,0.3202,1.3006,2.0197,2.6206
1,20.0,48.2,0.3311,1.2973,2.006,2.6387
1,20.0,48.2,0.3224,1.2623,2.0086,2.6379
1,20.0,48.2,0.3179,1.2706,2.0114,2.6403
1,20.0,48.2,0.3317,1.265,2.0035,2.706
1,20.0,48.2,0.3282,1.2699,2.0104,2.7157
1,20.0,48.2,0.3294,1.274,2.0172,2.7187
1,19.9,48.2,0.3439,1.2618,2.0243,2.7326
1,20.0,48.3,0.3379,1.2779,2.0212,2.7197
1,20.0,48.2,0.3425,1.281,2.0193,2.724
1,20.0,48.2,0.3404,1.289,2.0334,2.7271
1,20.0,48.2,0.34,1.2849,2.0195,2.7192
1,20.0,48.3,0.3374,1.2727,2.021,2.7049
1,20.0,48.3,0.3364,1.2743,2.0189,2.7172
1,20.0,48.3,0.34,1.2772,2.0273,2.7071
1,20.0,48.2,0.3359,1.2679,2.0147,2.6848
1,20.0,48.2,0.3319,1.2619,2.0195,2.6778
1,20.0,48.3,0.336,1.2515,2.0107,2.6469
1,20.0,48.3,0.3201,1.2532,2.0106,2.631
1,20.0,48.2,0.3121,1.264,2.012,2.6636
1,20.0,48.3,0.3259,1.2497,2.0139,2.6498
1,20.0,48.2,0.3197,1.2623,2.0103,2.6024
1,20.0,48.2,0.3255,1.2458,2.0094,2.6361
1,20.0,48.2,0.3238,1.2577,1.9974,2.6556
1,20.0,48.2,0.3242,1.2552,2.0057,2.7016
1,20.0,48.2,0.3223,1.2457,1.9963,2.6925
1,20.0,48.2,0.3152,1.2479,2.0112,2.7162
1,20.0,48.2,0.3342,1.2451,2.01,2.6873
1,20.0,48.2,0.3315,1.259,1.9989,2.6889
1,20.0,48.2,0.3338,1.2445,2.0077,2.686
1,20.0,48.2,0.3345,1.2459,1.9928,2.6869
1,20.0,48.2,0.3317,1.249,2.0123,2.6916
1,20.0,48.2,0.3333,1.2529,2.0084,2.6756
1,20.0,48.2,0.3228,1.2505,2.0099,2.6949
1,20.0,48.2,0.3305,1.2529,2.0029,2.6631
1,20.0,48.3,0.3236,1.251,2.0076,2.6303
1,20.0,48.2,0.3133,1.2395,2.0027,2.5666
1,20.0,48.2,0.3056,1.2451,2.0037,2.5492
1,20.0,48.2,0.3008,1.2407,1.9977,2.6306
1,20.0,48.2,0.307,1.2495,1.9937,2.5725
1,20.0,48.2,0.3002,1.2332,1.9914,2.6038
1,20.0,48.2,0.3014,1.2303,1.9912,2.6127
1,20.0,48.2,0.3082,1.2239,1.9938,2.5694
1,20.0,48.2,0.3062,1.2318,2.0025,2.5828
1,20.0,48.2,0.2963,1.2307,1.9821,2.6339
2,19.9,48.6,0.3532,1.3591,2.0876,2.6725
2,19.9,48.5,0.3479,1.3529,2.082,2.6835
2,19.9,48.5,0.354,1.3405,2.0746,2.7169
2,19.9,48.5,0.3366,1.347,2.0714,2.6681
2,19.9,48.5,0.3465,1.3588,2.088,2.6726
2,19.9,48.6,0.3472,1.3335,2.0793,2.6399
2,19.9,48.5,0.3382,1.3275,2.0723,2.6502
2,19.9,48.5,0.3454,1.3413,2.0656,2.7199
2,19.9,48.5,0.3541,1.351,2.0769,2.7449
2,19.9,48.5,0.3503,1.3425,2.0755,2.7113
2,19.9,48.5,0.3521,1.3524,2.087,2.7169
2,19.9,48.5,0.3537,1.3384,2.075,2.7322
2,19.9,48.5,0.3458,1.3395,2.0816,2.734
2,19.9,48.5,0.3683,1.3432,2.077,2.7152
2,19.9,48.5,0.3539,1.3409,2.0805,2.6471
2,19.9,48.5,0.3512,1.3242,2.069,2.61
2,19.9,48.5,0.34,1.3219,2.0554,2.5826
2,19.9,48.5,0.3287,1.313,2.0557,2.6468
2,19.9,48.4,0.3374,1.3347,2.0608,2.7414
2,19.9,48.5,0.3546,1.3473,2.0862,2.7761
2,19.9,48.6,0.351,1.3462,2.0878,2.7952
2,19.9,48.5,0.3499,1.3596,2.0987,2.7214
2,19.9,48.6,0.3472,1.3528,2.1037,2.7048
2,19.9,48.6,0.3509,1.3622,2.096,2.6818
2,19.9,48.6,0.3602,1.3653,2.0914,2.6965
2,19.9,48.5,0.3523,1.3623,2.09,2.7021
2,19.9,48.5,0.3401,1.3421,2.1001,2.7546
2,19.9,48.5,0.3385,1.3616,2.0898,2.7194
2,19.9,48.5,0.3536,1.3525,2.0845,2.6868
2,19.9,48.5,0.3432,1.3552,2.0889,2.6717
2,19.9,48.5,0.3515,1.352,2.0792,2.6858
2,19.9,48.5,0.3431,1.3504,2.0716,2.6047
2,19.9,48.5,0.3435,1.34,2.0688,2.6028
2,19.9,48.5,0.3499,1.3382,2.0587,2.662
2,19.9,48.4,0.338,1.3395,2.0791,2.7211
2,19.9,48.5,0.3511,1.3461,2.0657,2.7253
2,19.9,48.5,0.347,1.3466,2.0679,2.6496
2,19.9,48.5,0.3336,1.3436,2.0664,2.6463
2,19.9,48.5,0.3362,1.34,2.0587,2.6585
2,19.9,48.5,0.3473,1.3442,2.0646,2.6552
2,19.9,48.5,0.3473,1.3457,2.0544,2.6408
2,19.9,48.5,0.336,1.3312,2.0816,2.6588
2,19.9,48.5,0.3441,1.338,2.07,2.6549
2,19.9,48.5,0.3492,1.3458,2.0754,2.6586
2,19.9,48.5,0.3545,1.338,2.0755,2.6931
2,19.9,48.5,0.3456,1.3406,2.0865,2.6984
2,19.9,48.5,0.3516,1.3559,2.0727,2.7221
2,19.9,48.5,0.3508,1.3476,2.0851,2.7043
2,19.9,48.5,0.3457,1.3428,2.0829,2.7234
2,19.9,48.5,0.3473,1.346,2.0914,2.7022
2,19.9,48.5,0.3476,1.353,2.0906,2.673
2,19.9,48.5,0.3402,1.3372,2.0821,2.6487
2,19.9,48.5,0.3484,1.3409,2.0909,2.6466
2,19.9,48.5,0.3481,1.3364,2.0908,2.676
2,19.9,48.5,0.3581,1.3461,2.0867,2.6837
2,19.9,48.5,0.3531,1.3456,2.0905,2.6973
2,19.9,48.5,0.355,1.3453,2.0857,2.7094
2,19.9,48.6,0.3452,1.3434,2.0876,2.6994
2,19.9,48.5,0.3504,1.3554,2.0835,2.6618
2,19.9,48.5,0.3457,1.3535,2.0927,2.6678
2,19.9,48.5,0.3419,1.3521,2.0978,2.673
2,19.9,48.5,0.3369,1.3499,2.0981,2.6563
2,19.9,48.5,0.3426,1.3563,2.0945,2.6854
2,19.9,48.5,0.3413,1.3471,2.0899,2.7018
2,19.9,48.5,0.3511,1.3493,2.1011,2.6788
2,19.9,48.5,0.3475,1.3567,2.1083,2.7028
2,19.9,48.5,0.3535,1.3542,2.0999,2.7408
2,19.9,48.5,0.3494,1.3355,2.1047,2.7122
2,19.9,48.5,0.3463,1.3515,2.0933,2.6744
2,19.9,48.5,0.3501,1.3517,2.1025,2.6802
2,19.9,48.5,0.3531,1.352,2.0938,2.7144
2,19.9,48.5,0.357,1.3644,2.1008,2.6874
2,19.9,48.5,0.3559,1.351,2.0812,2.7246
2,19.9,48.5,0.3414,1.3482,2.0996,2.6865
2,19.9,48.5,0.3555,1.3419,2.0848,2.6716
2,19.9,48.5,0.3531,1.3365,2.0872,2.6733
2,19.9,48.5,0.3526,1.3387,2.0928,2.676
2,19.9,48.5,0.3572,1.3393,2.088,2.6558
2,19.9,48.5,0.3487,1.3368,2.0835,2.6401
2,19.9,48.5,0.3436,1.3384,2.0811,2.6711
2,19.9,48.5,0.3397,1.3409,2.0792,2.6863
2,19.9,48.5,0.3376,1.3295,2.0878,2.6729
2,19.9,48.5,0.3414,1.3238,2.0722,2.6924
2,19.9,48.5,0.3423,1.3292,2.062,2.6546
2,19.9,48.5,0.3369,1.3263,2.068,2.6335
2,19.9,48.5,0.349,1.3266,2.0648,2.6334
2,19.9,48.5,0.3381,1.3239,2.0525,2.6414
2,19.9,48.5,0.3348,1.3309,2.058,2.6462
2,19.9,48.5,0.35,1.3138,2.0582,2.6302
2,19.9,48.5,0.3449,1.3314,2.0788,2.6402
2,19.9,48.5,0.3386,1.3306,2.0734,2.7132
2,19.9,48.5,0.345,1.3332,2.0748,2.6691
2,19.9,48.5,0.3506,1.3268,2.081,2.6812
2,19.9,48.5,0.3393,1.3322,2.0836,2.6925
2,19.9,48.5,0.3341,1.3367,2.0754,2.6669
2,19.9,48.5,0.3453,1.3269,2.0846,2.6509
2,19.9,48.5,0.3319,1.335,2.0785,2.6646
2,19.9,48.5,0.3354,1.3254,2.0858,2.6781
2,19.9,48.5,0.3422,1.3329,2.065,2.6619
2,19.9,48.5,0.3384,1.3345,2.0673,2.6476
2,19.9,48.5,0.349,1.3335,2.0694,2.6247
2,19.9,48.5,0.3405,1.3281,2.0763,2.6444
2,19.9,48.5,0.3436,1.3354,2.0711,2.6515
2,19.9,48.5,0.346,1.3264,2.084,2.6784
2,19.9,48.5,0.3407,1.3173,2.0814,2.6755
2,19.9,48.5,0.343,1.3246,2.0783,2.6854
2,19.9,48.5,0.3314,1.3446,2.0857,2.6515
2,19.9,48.5,0.3506,1.3305,2.0788,2.6442
2,19.9,48.5,0.3408,1.3315,2.0777,2.6299
2,20.0,48.5,0.3391,1.3253,2.0806,2.6392
2,20.0,48.5,0.3372,1.3209,2.0793,2.6654
2,19.9,48.5,0.3414,1.3237,2.0791,2.6654
2,19.9,48.5,0.3373,1.3249,2.0764,2.6702
2,19.9,48.5,0.3413,1.3353,2.0807,2.6721
2,19.9,48.5,0.337,1.3237,2.0673,2.6542
2,19.9,48.5,0.333,1.3238,2.0773,2.6585
2,19.9,48.5,0.3363,1.3339,2.076,2.651
2,19.9,48.5,0.336,1.3297,2.0801,2.6354
2,19.9,48.5,0.342,1.3318,2.0773,2.7018
2,19.9,48.5,0.3507,1.3439,2.08,2.7254
2,19.9,48.5,0.3475,1.3329,2.097,2.6979
2,19.9,48.5,0.3517,1.3462,2.0933,2.6945
2,19.9,48.5,0.3469,1.3559,2.104,2.6766
2,19.9,48.5,0.3498,1.3516,2.1015,2.7061
2,20.0,48.5,0.3486,1.3637,2.0976,2.6497
2,19.9,48.5,0.3421,1.3426,2.0937,2.6552
2,19.9,48.5,0.3356,1.3388,2.0918,2.6602
2,20.0,48.5,0.3393,1.3397,2.0828,2.6571
2,20.0,48.5,0.3398,1.3427,2.0856,2.6665
2,19.9,48.4,0.3345,1.3405,2.0991,2.7246
2,20.0,48.5,0.3403,1.3443,2.0832,2.686
2,20.0,48.5,0.3398,1.3348,2.0875,2.653
2,19.9,48.5,0.3446,1.3349,2.0876,2.6677
2,19.9,48.5,0.3345,1.329,2.0772,2.6587
2,20.0,48.5,0.3327,1.3425,2.0874,2.6523
2,19.9,48.5,0.3319,1.3465,2.0858,2.6573
2,19.9,48.5,0.3511,1.3526,2.0886,2.7573
2,20.0,48.5,0.3473,1.3621,2.1025,2.7709
2,20.0,48.5,0.3451,1.3555,2.1075,2.77
2,20.0,48.5,0.3512,1.358,2.1092,2.708
2,20.0,48.5,0.3543,1.3529,2.1034,2.6889
2,20.0,48.5,0.3594,1.3596,2.0954,2.6715
2,20.0,48.5,0.3562,1.3631,2.1033,2.7066
2,20.0,48.5,0.3468,1.3637,2.0943,2.6963
2,20.0,48.4,0.3572,1.3576,2.0993,2.6818
2,20.0,48.5,0.3463,1.35,2.0929,2.6565
2,20.0,48.5,0.3521,1.3594,2.099,2.6913
2,20.0,48.5,0.3539,1.3548,2.1024,2.7098
2,20.0,48.4,0.3427,1.3693,2.1153,2.6914
2,20.0,48.4,0.3507,1.3665,2.099,2.6893
2,20.0,48.4,0.3505,1.3394,2.0932,2.6498
2,20.0,48.4,0.3509,1.3469,2.0897,2.6331
2,20.0,48.4,0.337,1.3435,2.0973,2.6462
2,20.0,48.4,0.3438,1.3512,2.081,2.6498
2,20.0,48.4,0.3391,1.3511,2.0829,2.676
2,20.0,48.4,0.3404,1.3532,2.0873,2.6603
2,20.0,48.4,0.3354,1.3415,2.1008,2.6557
2,20.0,48.4,0.3449,1.3344,2.0823,2.6972
2,20.0,48.4,0.3462,1.3418,2.0862,2.6881
2,20.0,48.4,0.3459,1.3403,2.0775,2.6626
2,20.0,48.5,0.3315,1.3336,2.0959,2.6387
2,20.0,48.4,0.3307,1.3368,2.0786,2.6633
2,20.0,48.4,0.3396,1.3459,2.0967,2.7106
2,20.0,48.4,0.3556,1.3473,2.0883,2.7614
2,20.0,48.4,0.354,1.3549,2.0845,2.755
2,20.0,48.5,0.3487,1.3505,2.0951,2.6465
2,20.0,48.4,0.3366,1.3388,2.0936,2.6556
2,20.0,48.4,0.3484,1.3554,2.088,2.6433
2,20.0,48.4,0.3471,1.3398,2.0985,2.6486
2,20.0,48.4,0.3363,1.3412,2.0781,2.6583
2,20.0,48.4,0.3497,1.3573,2.0817,2.7416
2,20.0,48.4,0.3495,1.338,2.0849,2.7658
2,20.0,48.4,0.3704,1.3488,2.0823,2.7854
2,20.0,48.4,0.3735,1.3482,2.0988,2.7888
2,20.0,48.5,0.3656,1.3531,2.1014,2.7433
2,20.0,48.5,0.3556,1.3475,2.1151,2.7246
2,20.0,48.5,0.3614,1.3554,2.1036,2.6771
2,20.0,48.5,0.3595,1.3454,2.1045,2.7093
2,20.0,48.5,0.3608,1.3597,2.0959,2.7318
2,20.0,48.5,0.372,1.3438,2.1056,2.7728
2,20.0,48.5,0.3697,1.3469,2.0975,2.7703
2,19.9,48.5,0.3647,1.3533,2.1023,2.7498
2,20.0,48.5,0.3758,1.3582,2.1125,2.7535
2,19.9,48.4,0.3653,1.3484,2.097,2.7522
2,20.0,48.5,0.3661,1.3539,2.0888,2.7266
2,20.0,48.5,0.3508,1.3549,2.0764,2.6953
2,20.0,48.4,0.3618,1.3429,2.0791,2.6988
2,20.0,48.5,0.3506,1.3419,2.0806,2.6464
2,20.0,48.4,0.3467,1.338,2.0755,2.6818
2,20.0,48.4,0.3557,1.3409,2.0667,2.7356
2,20.0,48.5,0.3608,1.327,2.0741,2.736
2,20.0,48.5,0.3585,1.3382,2.0782,2.7494
2,20.0,48.5,0.3649,1.3405,2.0626,2.7518
2,20.0,48.4,0.3723,1.3417,2.0665,2.7409
2,20.0,48.5,0.3645,1.3416,2.0723,2.7003
2,20.0,48.4,0.3518,1.3267,2.067,2.6624
2,20.0,48.5,0.3642,1.3325,2.0546,2.6971
2,20.0,48.4,0.3612,1.3233,2.0754,2.7547
2,20.0,48.4,0.3777,1.3308,2.0698,2.7468
2,20.0,48.4,0.3745,1.341,2.0775,2.7478
2,20.0,48.5,0.3683,1.3475,2.083,2.7457
2,20.0,48.4,0.3755,1.3454,2.0744,2.7103
2,20.0,48.5,0.3618,1.3385,2.0841,2.698
2,20.0,48.5,0.3575,1.3208,2.07,2.6931
2,20.0,48.5,0.3567,1.351,2.0653,2.7301
2,20.0,48.4,0.3686,1.3558,2.0601,2.7685
2,20.0,48.5,0.3703,1.3474,2.0807,2.7767
2,20.0,48.5,0.3763,1.3652,2.098,2.7649
2,20.0,48.5,0.3776,1.3493,2.0842,2.7768
2,20.0,48.4,0.3723,1.3616,2.0899,2.774
2,20.0,48.5,0.3757,1.3602,2.0994,2.7684
2,20.0,48.5,0.3751,1.3607,2.0998,2.7584
2,20.0,48.5,0.3824,1.3641,2.1032,2.7867
2,20.0,48.5,0.3793,1.3552,2.1132,2.7388
2,20.0,48.5,0.381,1.3516,2.0938,2.731
2,20.0,48.4,0.3717,1.3495,2.0925,2.7144
2,20.0,48.5,0.3857,1.3472,2.0786,2.7569
2,20.0,48.5,0.3791,1.3479,2.0869,2.7494
2,20.0,48.5,0.3776,1.3713,2.0827,2.7481
2,20.0,48.5,0.38,1.3562,2.0974,2.7464
2,20.0,48.5,0.3762,1.3552,2.0856,2.7145
2,19.9,48.5,0.3779,1.3455,2.0986,2.7075
2,20.0,48.5,0.3672,1.3441,2.0956,2.7095
2,20.0,48.5,0.372,1.3551,2.0843,2.7413
2,20.0,48.5,0.3692,1.3553,2.0827,2.7423
2,20.0,48.5,0.3729,1.3554,2.0862,2.74
2,20.0,48.4,0.3578,1.3473,2.079,2.7157
2,20.0,48.4,0.3679,1.3421,2.074,2.7071
2,20.0,48.4,0.3607,1.3419,2.0877,2.6766
2,20.0,48.5,0.3443,1.332,2.084,2.6156
2,20.0,48.4,0.3619,1.3413,2.0747,2.6589
2,20.0,48.4,0.3554,1.331,2.0591,2.6897
2,20.0,48.4,0.3664,1.3176,2.0527,2.7207
2,20.0,48.4,0.3639,1.3335,2.066,2.7457
2,20.0,48.4,0.3763,1.3424,2.0706,2.7549
2,20.0,48.4,0.3741,1.3393,2.0629,2.7442
2,20.0,48.5,0.3677,1.3421,2.0764,2.7208
2,20.0,48.5,0.3719,1.3415,2.0684,2.7276
2,20.0,48.4,0.3625,1.3392,2.0794,2.7503
2,20.0,48.5,0.364,1.3422,2.0753,2.7353
2,20.0,48.5,0.3725,1.3437,2.0751,2.7292
2,19.9,48.5,0.3789,1.3393,2.0754,2.7284
2,20.0,48.5,0.3711,1.3403,2.0765,2.7249
2,19.9,48.4,0.3644,1.3379,2.0816,2.7328
2,20.0,48.5,0.3696,1.3462,2.0865,2.7006
2,20.0,48.5,0.373,1.3405,2.0825,2.7175
2,20.0,48.4,0.3651,1.3365,2.0799,2.6546
2,20.0,48.4,0.3508,1.3261,2.0736,2.5414
2,20.0,48.5,0.3587,1.3345,2.0529,2.6131
2,19.9,48.4,0.3554,1.3218,2.051,2.6164
2,20.0,48.4,0.352,1.3162,2.0502,2.6815
2,19.9,48.4,0.3483,1.3138,2.0402,2.6872
2,20.0,48.4,0.3621,1.3227,2.0551,2.6554
2,20.0,48.4,0.3479,1.3229,2.0563,2.6265
2,20.0,48.4,0.3385,1.3072,2.0473,2.5463
2,20.0,48.4,0.3355,1.3105,2.0418,2.5478
2,19.9,48.4,0.3413,1.3092,2.0449,2.5782
2,19.9,48.4,0.3313,1.3131,2.0403,2.6454
2,19.9,48.4,0.3428,1.3073,2.0436,2.6202
2,19.9,48.4,0.3319,1.3157,2.0479,2.6383
2,19.9,48.4,0.3433,1.3094,2.0593,2.6188
2,20.0,48.4,0.3327,1.3122,2.0413,2.6324
2,19.9,48.4,0.3335,1.3078,2.0287,2.6605
2,19.9,48.4,0.336,1.3104,2.0481,2.6603
2,20.0,48.4,0.3508,1.321,2.0442,2.6845
2,20.0,48.4,0.3386,1.3109,2.0394,2.6568
2,20.0,48.4,0.3448,1.3122,2.0404,2.6893
2,20.0,48.4,0.3489,1.3105,2.0425,2.7148
2,19.9,48.4,0.3527,1.3143,2.0472,2.7537
2,19.9,48.4,0.3508,1.3128,2.0456,2.7416
2,19.9,48.5,0.3662,1.3241,2.0457,2.7245
2,19.9,48.4,0.3597,1.3011,2.0562,2.7048
2,20.0,48.5,0.3465,1.3083,2.0538,2.7102
2,20.0,48.4,0.3606,1.32,2.0413,2.6812
2,19.9,48.4,0.3488,1.309,2.0442,2.6726
2,20.0,48.5,0.3475,1.3104,2.0354,2.6802
2,19.9,48.4,0.3481,1.3158,2.0392,2.6919
2,19.9,48.4,0.3477,1.3099,2.0326,2.659
2,19.9,48.4,0.3537,1.3041,2.0219,2.6419
2,19.9,48.5,0.3509,1.31,2.0308,2.6862
2,19.9,48.4,0.353,1.3025,2.0302,2.6524
2,19.9,48.4,0.3488,1.3029,2.0246,2.6541
2,19.9,48.4,0.3564,1.302,2.028,2.6459
2,20.0,48.4,0.3492,1.3039,2.0246,2.6503
2,19.9,48.4,0.3529,1.306,2.029,2.6475
2,20.0,48.4,0.3492,1.3204,2.0395,2.6966
2,19.9,48.4,0.3493,1.3095,2.0488,2.749
2,19.9,48.5,0.3645,1.3237,2.0597,2.7612
2,19.9,48.5,0.3742,1.3257,2.0559,2.7595
2,19.9,48.5,0.3703,1.3272,2.0554,2.7746
2,20.0,48.5,0.3707,1.3313,2.0685,2.7522
2,19.9,48.5,0.3683,1.33,2.072,2.7471
2,19.9,48.5,0.3733,1.3286,2.0661,2.7306
2,19.9,48.5,0.3718,1.3409,2.0759,2.7156
2,19.9,48.5,0.3743,1.3324,2.0662,2.7024
2,19.9,48.5,0.3611,1.3134,2.0584,2.6874
2,19.9,48.5,0.3601,1.3279,2.0597,2.7017
2,19.9,48.5,0.3743,1.3162,2.0618,2.6927
2,19.9,48.5,0.3594,1.3328,2.0585,2.7135
2,20.0,48.5,0.3638,1.3302,2.0701,2.7195
2,19.9,48.5,0.3752,1.3315,2.0613,2.7274
2,19.9,48.5,0.3774,1.3228,2.0601,2.7303
2,19.9,48.5,0.361,1.3259,2.0721,2.7307
2,20.0,48.5,0.3716,1.3166,2.0694,2.7456
2,20.0,48.5,0.3747,1.3267,2.078,2.74
2,19.9,48.5,0.3709,1.3255,2.0755,2.7202
2,20.0,48.5,0.363,1.3242,2.0544,2.6732
2,19.9,48.5,0.361,1.3242,2.0516,2.6697
2,19.9,48.5,0.3601,1.3177,2.0514,2.6517
2,20.0,48.4,0.3568,1.3156,2.0529,2.7043
2,19.9,48.5,0.3611,1.3196,2.0499,2.7242
2,20.0,48.5,0.3733,1.3272,2.0552,2.7427
2,20.0,48.5,0.3717,1.3317,2.0531,2.7608
2,20.0,48.5,0.3692,1.3358,2.0743,2.7716
2,20.0,48.5,0.3817,1.3371,2.0753,2.7802
2,19.9,48.5,0.3879,1.3275,2.0741,2.7553
2,20.0,48.5,0.3805,1.3512,2.0868,2.7673
2,20.0,48.5,0.3774,1.3484,2.0976,2.7653
2,19.9,48.5,0.3888,1.3433,2.0926,2.7129
2,19.9,48.5,0.3682,1.3303,2.0912,2.6852
2,20.0,48.5,0.368,1.3394,2.0927,2.6511
2,19.9,48.5,0.3534,1.329,2.0915,2.6056
2,19.9,48.5,0.344,1.327,2.0852,2.6267
2,19.9,48.5,0.3498,1.3232,2.0819,2.6234
2,19.9,48.5,0.3496,1.325,2.0688,2.6602
2,20.0,48.5,0.3596,1.3349,2.0787,2.7419
2,19.9,48.5,0.3695,1.3404,2.0943,2.7563
2,19.9,48.5,0.3741,1.3532,2.0838,2.7688
2,19.9,48.5,0.3726,1.353,2.0883,2.7239
2,19.9,48.5,0.3776,1.3327,2.085,2.702
2,19.9,48.5,0.3598,1.3358,2.0718,2.6519
2,19.9,48.5,0.3605,1.3368,2.0733,2.6821
2,19.9,48.5,0.3542,1.328,2.0703,2.6555
2,19.9,48.5,0.3506,1.3376,2.0702,2.6593
2,20.0,48.5,0.3489,1.3302,2.0589,2.6249
2,19.9,48.5,0.3526,1.325,2.0741,2.6635
2,19.9,48.5,0.3461,1.3286,2.0779,2.6502
2,19.9,48.5,0.3455,1.3272,2.0878,2.6387
2,19.9,48.5,0.3487,1.3258,2.0782,2.6317
2,19.9,48.5,0.3437,1.3357,2.0843,2.6036
2,19.9,48.5,0.3451,1.3119,2.0786,2.6243
2,19.9,48.5,0.3461,1.3171,2.073,2.6533
2,19.9,48.5,0.3483,1.3146,2.0787,2.6395
2,19.9,48.5,0.3526,1.3207,2.0804,2.6213
2,19.9,48.5,0.3422,1.3168,2.0627,2.5858
2,19.9,48.5,0.3369,1.3232,2.0779,2.6114
2,20.0,48.5,0.3552,1.3165,2.0758,2.6336
2,19.9,48.5,0.3495,1.3209,2.0799,2.681
2,19.9,48.5,0.3404,1.3284,2.0881,2.6509
2,20.0,48.5,0.3377,1.33,2.0843,2.6238
2,20.0,48.5,0.3462,1.3376,2.0729,2.6826
2,20.0,48.5,0.356,1.3286,2.0797,2.6613
2,19.9,48.5,0.3397,1.3305,2.0831,2.6214
2,19.9,48.5,0.3468,1.3154,2.0705,2.6117
2,19.9,48.5,0.3458,1.3231,2.0774,2.5982
2,20.0,48.5,0.3442,1.3163,2.0676,2.5994
2,19.9,48.5,0.3406,1.319,2.0733,2.6148
2,19.9,48.5,0.345,1.3285,2.0651,2.6822
2,20.0,48.5,0.3376,1.3187,2.0674,2.6397
2,19.9,48.5,0.3383,1.3205,2.0648,2.6586
2,19.9,48.5,0.3395,1.3309,2.0634,2.6392
2,19.9,48.5,0.3435,1.3325,2.0697,2.6443
2,20.0,48.5,0.347,1.3231,2.0712,2.6296
2,20.0,48.5,0.3316,1.32,2.0652,2.611
2,19.9,48.5,0.3401,1.3152,2.0666,2.6525
2,19.9,48.5,0.3369,1.3149,2.0617,2.6412
2,19.9,48.5,0.3429,1.3279,2.073,2.6857
2,19.9,48.5,0.3339,1.3235,2.0662,2.676
2,19.9,48.5,0.3591,1.3381,2.0736,2.7445
2,20.0,48.5,0.3478,1.3441,2.0848,2.6948
2,20.0,48.6,0.3574,1.3499,2.0905,2.7174
2,19.9,48.6,0.3444,1.3557,2.0862,2.7373
2,19.9,48.6,0.3529,1.352,2.1021,2.6646
2,19.9,48.5,0.3585,1.3572,2.0997,2.6767
2,19.9,48.5,0.3567,1.3403,2.0886,2.6273
2,20.0,48.5,0.3449,1.3435,2.0797,2.739
2,19.9,48.5,0.3447,1.3435,2.0826,2.7271
2,20.0,48.5,0.3527,1.344,2.0794,2.7506
2,19.9,48.5,0.3726,1.3492,2.0813,2.7592
2,19.9,48.5,0.363,1.3467,2.0979,2.7344
2,20.0,48.5,0.3694,1.354,2.0922,2.6783
2,20.0,48.5,0.3543,1.3399,2.091,2.6117
2,19.9,48.5,0.3576,1.3384,2.0843,2.6102
2,19.9,48.5,0.348,1.3369,2.0722,2.6409
2,19.9,48.5,0.3494,1.3397,2.0869,2.6451
2,19.9,48.5,0.3505,1.3358,2.0873,2.6491
2,19.9,48.5,0.3435,1.3365,2.081,2.6265
2,19.9,48.5,0.3335,1.3384,2.0774,2.6097
2,19.9,48.5,0.341,1.3327,2.0764,2.5962
2,19.9,48.5,0.3384,1.3381,2.07,2.5893
2,19.9,48.5,0.34,1.3325,2.0656,2.6356
2,19.9,48.5,0.3344,1.3301,2.0659,2.6311
2,20.0,48.4,0.3432,1.3236,2.0595,2.5826
2,20.0,48.4,0.3369,1.3171,2.0649,2.5933
2,19.9,48.5,0.3321,1.3201,2.0679,2.5636
2,19.9,48.5,0.3278,1.3065,2.0642,2.581
2,19.9,48.5,0.3342,1.3067,2.0673,2.5829
2,19.9,48.5,0.3342,1.3117,2.0522,2.5939
2,19.9,48.5,0.3314,1.3012,2.0667,2.5822
2,19.9,48.5,0.3256,1.3139,2.0615,2.613
2,19.9,48.5,0.3205,1.3185,2.0547,2.597
2,19.9,48.5,0.3392,1.3103,2.0559,2.6251
2,20.0,48.5,0.3325,1.3029,2.0688,2.6024
2,20.0,48.5,0.3283,1.3089,2.0535,2.6176
2,19.9,48.5,0.3266,1.3118,2.0552,2.6198
2,19.9,48.5,0.3185,1.3089,2.048,2.6427
2,20.0,48.5,0.3353,1.3097,2.0466,2.6376
2,19.9,48.5,0.3297,1.3091,2.0472,2.6068
2,19.9,48.5,0.3315,1.3105,2.05,2.6424
2,19.9,48.5,0.3295,1.3241,2.0487,2.5916
2,19.9,48.5,0.3297,1.3035,2.0507,2.5892
2,19.9,48.4,0.3326,1.3033,2.0526,2.5947
2,19.9,48.5,0.3235,1.3009,2.0484,2.6097
2,19.9,48.5,0.3268,1.3053,2.0557,2.6237
2,19.9,48.4,0.3427,1.3014,2.0521,2.6359
2,20.0,48.4,0.3457,1.3135,2.052,2.6994
2,19.9,48.5,0.342,1.3156,2.051,2.6391
2,19.9,48.5,0.3425,1.3081,2.0634,2.6492
2,19.9,48.5,0.3357,1.3017,2.0613,2.6452
2,19.9,48.5,0.3368,1.3109,2.0585,2.6402
2,19.9,48.5,0.3314,1.3109,2.0633,2.5862
2,19.9,48.5,0.3307,1.3125,2.0592,2.6133
2,19.9,48.5,0.3291,1.3148,2.062,2.6051
2,19.9,48.5,0.33,1.3039,2.0543,2.6164
2,19.9,48.5,0.3221,1.2928,2.0517,2.6079
2,19.9,48.5,0.3222,1.2958,2.0566,2.6129
2,19.9,48.5,0.3332,1.3099,2.0514,2.6099
2,19.9,48.5,0.3302,1.3088,2.0508,2.6273
2,19.9,48.5,0.3261,1.2979,2.0555,2.6329
2,19.9,48.5,0.3315,1.2987,2.0496,2.6355
2,19.9,48.5,0.3575,1.2994,2.0458,2.6401
2,19.9,48.5,0.337,1.2964,2.0525,2.6617
2,19.9,48.5,0.342,1.2959,2.0521,2.6213
2,19.9,48.5,0.3398,1.3098,2.0447,2.6668
2,19.9,48.5,0.3472,1.2989,2.0626,2.7303
2,19.9,48.5,0.3462,1.3125,2.0674,2.7227
2,19.9,48.5,0.3555,1.3151,2.0732,2.7229
2,19.9,48.6,0.3474,1.317,2.0624,2.6789
2,19.9,48.5,0.3413,1.3206,2.0571,2.6661
2,19.9,48.5,0.3588,1.2969,2.0597,2.7047
2,19.9,48.5,0.3468,1.3045,2.0525,2.6741
2,19.9,48.5,0.3538,1.3165,2.0532,2.6163
2,19.9,48.6,0.3414,1.2952,2.0488,2.5757
2,19.9,48.5,0.3284,1.2908,2.0535,2.5548
2,19.9,48.5,0.3386,1.2949,2.0396,2.5977
2,19.9,48.5,0.3353,1.3169,2.0492,2.6298
2,19.9,48.5,0.3415,1.2964,2.0476,2.6504
2,19.9,48.6,0.3423,1.3025,2.0509,2.6276
2,19.9,48.6,0.3326,1.2947,2.0502,2.6202
2,19.9,48.5,0.3358,1.3004,2.0544,2.6266
2,19.9,48.6,0.3441,1.2966,2.0482,2.6492
2,19.9,48.5,0.3502,1.3052,2.0556,2.6468
2,19.9,48.5,0.3434,1.3119,2.0591,2.653
2,19.9,48.6,0.3283,1.3063,2.0605,2.6301
2,19.9,48.5,0.3456,1.312,2.076,2.6696
2,19.9,48.5,0.3318,1.3103,2.0606,2.6335
2,19.9,48.6,0.3355,1.3119,2.0611,2.6137
2,19.9,48.6,0.3298,1.3171,2.0564,2.6031
2,19.9,48.6,0.3309,1.308,2.0573,2.5778
2,19.9,48.5,0.3292,1.3073,2.0509,2.5728
2,19.9,48.6,0.3286,1.3038,2.0431,2.5887
2,19.9,48.5,0.3419,1.2972,2.0444,2.622
2,19.9,48.5,0.3327,1.3044,2.063,2.691
2,19.9,48.6,0.3514,1.3102,2.058,2.731
2,19.9,48.5,0.3553,1.3118,2.0631,2.7306
2,19.9,48.5,0.3535,1.3133,2.0703,2.7498
2,19.9,48.6,0.3418,1.3186,2.0667,2.7082
2,19.9,48.6,0.3569,1.3163,2.07,2.722
2,19.9,48.6,0.3566,1.3171,2.0546,2.6382
2,19.9,48.6,0.3358,1.3087,2.0628,2.6231
2,19.9,48.5,0.3366,1.3007,2.0478,2.5981
2,19.9,48.5,0.3468,1.2993,2.0497,2.5731
2,19.9,48.5,0.3309,1.3009,2.0406,2.6242
2,19.9,48.5,0.3249,1.3044,2.0432,2.6011
2,19.9,48.5,0.3425,1.3027,2.0518,2.6293
2,19.9,48.5,0.3358,1.2938,2.0485,2.6527
2,19.9,48.5,0.3347,1.293,2.0426,2.6283
2,19.9,48.6,0.3293,1.3096,2.0503,2.662
2,19.9,48.6,0.3418,1.2997,2.0602,2.6683
2,19.9,48.6,0.3359,1.3056,2.0533,2.6541
2,19.9,48.6,0.335,1.3062,2.0429,2.6283
2,19.9,48.5,0.3375,1.2981,2.0523,2.5911
2,19.9,48.6,0.3339,1.2918,2.0496,2.547
2,19.9,48.5,0.3294,1.2753,2.0406,2.554
2,19.9,48.5,0.3345,1.3,2.0583,2.597
2,19.9,48.6,0.3293,1.2922,2.05,2.638
2,19.9,48.5,0.3456,1.3112,2.048,2.7007
2,19.9,48.6,0.3584,1.298,2.0551,2.7652
2,19.9,48.6,0.3599,1.311,2.0536,2.7359
2,19.9,48.6,0.3596,1.313,2.0695,2.7439
2,19.9,48.6,0.3516,1.3121,2.0611,2.7415
2,19.9,48.6,0.3573,1.3048,2.0781,2.7341
2,19.9,48.6,0.3686,1.3244,2.0833,2.7156
2,19.9,48.6,0.3636,1.3176,2.0798,2.7002
2,19.9,48.6,0.3518,1.3114,2.0793,2.7096
2,19.9,48.6,0.3448,1.3233,2.0781,2.6271
2,19.9,48.6,0.3467,1.3103,2.0619,2.6185
2,19.9,48.6,0.3402,1.3105,2.071,2.5946
2,19.9,48.6,0.3503,1.3087,2.0712,2.6924
2,19.9,48.6,0.3497,1.3194,2.071,2.7016
2,19.9,48.6,0.3519,1.3161,2.0703,2.6494
2,19.9,48.6,0.3499,1.3227,2.0736,2.6401
2,19.9,48.6,0.3469,1.318,2.0766,2.656
2,19.9,48.6,0.3511,1.324,2.0712,2.6586
2,19.9,48.6,0.3266,1.322,2.0644,2.6584
2,19.9,48.6,0.3452,1.333,2.0761,2.6618
2,19.9,48.6,0.3392,1.3237,2.0811,2.646
2,19.9,48.6,0.343,1.319,2.0655,2.636
2,19.9,48.6,0.3429,1.3243,2.0644,2.6242
2,19.9,48.6,0.3464,1.33,2.0785,2.596
2,19.9,48.6,0.3358,1.3066,2.0632,2.6014
2,19.9,48.6,0.341,1.3156,2.0718,2.6106
2,19.9,48.5,0.3307,1.3127,2.0537,2.6091
2,19.9,48.6,0.3427,1.3081,2.0639,2.644
2,19.9,48.6,0.3374,1.3135,2.0687,2.616
2,19.9,48.6,0.3377,1.3171,2.0645,2.6553
2,19.9,48.6,0.341,1.3103,2.0698,2.6521
2,19.9,48.6,0.3344,1.304,2.0698,2.6318
2,19.9,48.6,0.3409,1.3164,2.0705,2.6935
2,19.9,48.6,0.3512,1.3242,2.0788,2.7339
2,19.9,48.6,0.3572,1.3257,2.0753,2.7009
2,19.9,48.6,0.3437,1.3555,2.0791,2.7484
2,19.9,48.6,0.3469,1.348,2.0946,2.7359
2,19.9,48.7,0.356,1.3413,2.1021,2.7138
2,19.9,48.6,0.3469,1.3383,2.0937,2.5977
2,19.9,48.6,0.3414,1.3362,2.082,2.6009
2,19.9,48.6,0.3363,1.3365,2.0793,2.6525
2,19.9,48.6,0.3464,1.3389,2.0754,2.6499
2,19.9,48.6,0.3332,1.3346,2.0874,2.6203
2,19.9,48.6,0.3372,1.3276,2.0825,2.6218
2,19.9,48.6,0.3359,1.3341,2.0817,2.6504
2,19.9,48.6,0.346,1.3295,2.0714,2.619
2,19.9,48.6,0.3404,1.3347,2.0683,2.6195
2,19.9,48.6,0.3309,1.3222,2.0722,2.6051
2,19.9,48.6,0.3482,1.3176,2.0716,2.6114
2,19.9,48.6,0.3223,1.3252,2.0677,2.5865
2,19.9,48.6,0.331,1.3194,2.068,2.6145
2,19.9,48.6,0.3443,1.3247,2.0752,2.6218
2,19.9,48.6,0.327,1.3255,2.0662,2.6147
2,19.9,48.6,0.3362,1.3229,2.0594,2.6196
2,19.9,48.6,0.3232,1.3125,2.0636,2.5735
2,19.9,48.5,0.3216,1.3231,2.0625,2.5937
2,19.9,48.5,0.3526,1.3181,2.0523,2.681
2,19.9,48.6,0.3451,1.3178,2.0681,2.6682
2,19.9,48.6,0.3461,1.3202,2.0697,2.7276
2,19.9,48.6,0.331,1.3327,2.0716,2.6408
2,19.9,48.6,0.337,1.3263,2.0716,2.5939
2,19.9,48.6,0.3328,1.3181,2.068,2.6425
2,19.9,48.6,0.3336,1.3209,2.0761,2.5782
2,19.9,48.6,0.3389,1.3312,2.0566,2.5985
2,19.9,48.6,0.3265,1.319,2.0554,2.6098
2,19.9,48.6,0.326,1.3168,2.0599,2.6495
2,19.9,48.6,0.3468,1.3066,2.063,2.6303
2,19.9,48.5,0.334,1.3081,2.057,2.6582
2,19.9,48.6,0.343,1.3105,2.0554,2.6547
2,19.9,48.6,0.3372,1.3168,2.0675,2.6743
2,19.9,48.6,0.3436,1.3155,2.06,2.6325
2,19.9,48.6,0.3373,1.3237,2.0608,2.6292
2,19.9,48.6,0.3319,1.3061,2.0613,2.6147
2,19.9,48.6,0.3408,1.3099,2.0598,2.6226
2,19.9,48.6,0.3222,1.3083,2.0499,2.5903
2,19.9,48.6,0.3321,1.3052,2.049,2.5816
2,19.9,48.6,0.3395,1.3156,2.0497,2.6153
2,19.9,48.6,0.3464,1.3092,2.0485,2.6783
2,19.9,48.6,0.3329,1.3132,2.044,2.6853
2,19.9,48.6,0.3417,1.3058,2.0565,2.7043
2,19.9,48.6,0.3369,1.2986,2.0536,2.7325
2,19.9,48.6,0.3546,1.3289,2.0569,2.7595
2,19.9,48.6,0.3622,1.3179,2.0605,2.7429
2,19.9,48.6,0.3649,1.3331,2.0599,2.7515
2,19.9,48.6,0.3797,1.3302,2.0742,2.7395
2,19.9,48.7,0.3718,1.33,2.088,2.7203
2,19.9,48.6,0.3605,1.3171,2.0703,2.7057
2,19.9,48.6,0.3564,1.3221,2.0736,2.6809
2,19.9,48.6,0.3606,1.3221,2.0598,2.6999
2,19.9,48.6,0.3625,1.3123,2.0529,2.7088
2,19.9,48.6,0.3707,1.3257,2.0595,2.715
2,19.9,48.6,0.3744,1.3265,2.0627,2.726
2,19.9,48.6,0.3647,1.3232,2.0766,2.7188
2,19.9,48.6,0.3566,1.309,2.0544,2.6755
2,19.9,48.6,0.3546,1.3255,2.0594,2.6834
2,19.9,48.6,0.3566,1.3188,2.0637,2.6843
2,19.9,48.6,0.3428,1.3175,2.0698,2.6718
2,19.9,48.6,0.3518,1.3235,2.0751,2.6709
2,19.9,48.6,0.3514,1.3175,2.0744,2.6483
2,19.9,48.6,0.3583,1.3191,2.0594,2.6595
2,19.9,48.6,0.3463,1.3222,2.0754,2.6532
2,19.9,48.6,0.3426,1.3218,2.0585,2.6517
2,19.9,48.6,0.3476,1.3054,2.0639,2.6362
2,19.9,48.6,0.3356,1.3085,2.0567,2.5801
2,19.9,48.6,0.3282,1.3115,2.044,2.579
2,19.9,48.6,0.3333,1.3126,2.0449,2.6034
2,19.9,48.6,0.3397,1.3061,2.046,2.6175
2,19.9,48.6,0.3462,1.3127,2.0407,2.6511
2,19.9,48.6,0.3425,1.2881,2.0386,2.6411
2,19.9,48.6,0.3495,1.2971,2.045,2.6666
2,19.9,48.6,0.3459,1.3122,2.0319,2.6881
2,19.9,48.6,0.3502,1.311,2.0445,2.7067
2,19.9,48.6,0.3632,1.3031,2.0416,2.7241
2,19.9,48.6,0.356,1.3084,2.0579,2.7104
2,19.9,48.6,0.3611,1.3075,2.062,2.71
2,19.9,48.7,0.3687,1.3009,2.0565,2.7211
2,19.9,48.7,0.3591,1.3286,2.0547,2.7081
2,19.9,48.6,0.3586,1.3225,2.0729,2.7273
2,19.9,48.6,0.3588,1.3251,2.0704,2.6943
2,19.9,48.7,0.3611,1.3206,2.069,2.6859
2,19.9,48.6,0.3468,1.3182,2.068,2.6218
2,19.9,48.6,0.3544,1.3055,2.0638,2.6088
2,19.9,48.6,0.3522,1.306,2.0594,2.5948
2,19.9,48.6,0.3436,1.3099,2.0454,2.5722
2,19.9,48.6,0.338,1.3065,2.0512,2.6454
2,19.9,48.6,0.3443,1.3046,2.0496,2.6505
2,19.9,48.6,0.3583,1.3173,2.0387,2.6766
2,19.9,48.6,0.349,1.3065,2.052,2.6219
2,19.9,48.6,0.3485,1.3094,2.0535,2.6942
2,19.9,48.7,0.3497,1.3193,2.0627,2.6563
2,19.9,48.7,0.3467,1.3137,2.061,2.6175
2,19.9,48.7,0.3386,1.302,2.0558,2.5858
2,19.9,48.6,0.3459,1.3072,2.0495,2.5902
2,19.9,48.6,0.3415,1.3181,2.0578,2.603
2,19.9,48.6,0.3384,1.3068,2.0498,2.6248
2,19.9,48.6,0.3378,1.3024,2.05,2.6133
2,19.9,48.6,0.3354,1.3117,2.0456,2.62
2,19.9,48.6,0.3543,1.3008,2.0512,2.6974
2,19.9,48.6,0.3456,1.3132,2.0406,2.6958
2,19.9,48.7,0.3501,1.298,2.045,2.7277
2,19.9,48.6,0.3604,1.3067,2.0664,2.7114
2,19.9,48.7,0.3515,1.309,2.0646,2.7148
2,19.9,48.6,0.3486,1.3112,2.0637,2.6425
2,19.9,48.7,0.352,1.3001,2.0658,2.6483
2,19.9,48.7,0.3389,1.3023,2.0565,2.6243
2,19.9,48.7,0.3432,1.317,2.0611,2.6386
2,19.9,48.7,0.3499,1.3132,2.0523,2.6592
2,19.9,48.6,0.3483,1.3109,2.045,2.629
2,19.9,48.6,0.3516,1.3072,2.0502,2.6809
2,19.9,48.6,0.3554,1.3088,2.0438,2.705
2,19.9,48.6,0.3597,1.3125,2.0468,2.7381
2,19.9,48.6,0.3613,1.3293,2.0554,2.7414
2,19.9,48.7,0.361,1.3195,2.0621,2.7289
2,19.9,48.7,0.3488,1.3231,2.0663,2.6839
2,19.9,48.7,0.3575,1.3153,2.0628,2.6665
2,19.8,48.7,0.3487,1.3124,2.0646,2.653
2,19.9,48.6,0.3543,1.3083,2.0627,2.6018
2,19.9,48.7,0.3473,1.3186,2.0452,2.6006
2,19.9,48.7,0.3425,1.2962,2.0535,2.5493
2,19.9,48.6,0.3427,1.3024,2.0529,2.5787
2,19.9,48.6,0.3334,1.2907,2.0453,2.5904
2,19.9,48.6,0.321,1.2994,2.041,2.5855
2,19.9,48.6,0.3354,1.3035,2.0403,2.6049
2,19.9,48.6,0.3358,1.3004,2.0391,2.6454
2,19.9,48.6,0.345,1.3002,2.0411,2.6194
2,19.9,48.6,0.3403,1.3002,2.0574,2.6597
2,19.8,48.6,0.3433,1.2892,2.0489,2.6336
2,19.9,48.7,0.3302,1.3009,2.0533,2.618
2,19.9,48.6,0.3506,1.3009,2.0561,2.6613
2,19.9,48.7,0.326,1.3061,2.0599,2.6138
2,19.9,48.7,0.333,1.2973,2.0537,2.6131
2,19.9,48.7,0.3313,1.2982,2.05,2.5796
2,19.8,48.7,0.3455,1.3065,2.0564,2.611
2,19.9,48.7,0.3433,1.3003,2.0429,2.5914
2,19.9,48.7,0.3343,1.3128,2.0552,2.6461
2,19.9,48.7,0.3245,1.3132,2.0534,2.5855
2,19.9,48.6,0.3319,1.2972,2.0388,2.5866
2,19.9,48.6,0.3367,1.2957,2.0411,2.59
2,19.9,48.7,0.3318,1.3088,2.0322,2.6752
2,19.9,48.7,0.3342,1.3012,2.0479,2.6787
2,19.9,48.7,0.341,1.307,2.0516,2.682
2,19.9,48.7,0.357,1.3077,2.049,2.6847
2,19.9,48.7,0.3536,1.3174,2.056,2.65
2,19.9,48.7,0.3446,1.3117,2.0591,2.6748
2,19.9,48.7,0.3472,1.3063,2.0624,2.6556
2,19.9,48.7,0.3482,1.31,2.0471,2.6506
2,19.9,48.7,0.3323,1.3136,2.0708,2.609
2,19.9,48.7,0.3502,1.309,2.0726,2.5822
2,19.9,48.7,0.3375,1.3123,2.0693,2.618
2,19.9,48.7,0.3369,1.3027,2.0541,2.6043
2,19.9,48.7,0.3213,1.2941,2.0522,2.5814
2,19.9,48.7,0.3309,1.3082,2.0633,2.5976
2,19.9,48.6,0.3396,1.2954,2.0451,2.632
2,19.9,48.7,0.3462,1.3043,2.0499,2.6547
2,19.9,48.7,0.3543,1.3063,2.0549,2.6894
2,19.9,48.6,0.3494,1.3101,2.0627,2.7151
2,19.9,48.7,0.3529,1.3146,2.0556,2.71
2,19.9,48.7,0.3597,1.3144,2.0521,2.7023
2,19.9,48.7,0.3463,1.319,2.0561,2.6546
2,19.9,48.7,0.348,1.3116,2.0524,2.6331
2,19.9,48.7,0.3538,1.2994,2.0495,2.6419
2,19.9,48.7,0.347,1.3128,2.0552,2.7011
2,19.9,48.6,0.3524,1.3061,2.0502,2.7262
2,19.9,48.6,0.3546,1.3275,2.0647,2.7239
2,19.9,48.7,0.3641,1.321,2.0735,2.703
2,19.9,48.7,0.3635,1.3148,2.0592,2.6523
2,19.9,48.7,0.3471,1.3035,2.0498,2.6116
2,19.9,48.6,0.3437,1.3087,2.0468,2.6173
2,19.9,48.6,0.3416,1.3116,2.0483,2.5831
2,19.8,48.6,0.3402,1.2937,2.0559,2.6032
2,19.9,48.7,0.3332,1.298,2.0537,2.601
2,19.9,48.7,0.3451,1.3078,2.0477,2.6702
2,19.9,48.7,0.3463,1.3098,2.0584,2.7093
2,19.9,48.6,0.3675,1.3131,2.0606,2.7231
2,19.9,48.7,0.3667,1.3138,2.055,2.7243
2,19.9,48.7,0.3613,1.308,2.0622,2.7344
2,19.9,48.7,0.3637,1.3218,2.0758,2.7283
2,19.9,48.7,0.3628,1.3209,2.0635,2.7122
2,19.9,48.7,0.3601,1.3222,2.0579,2.6748
2,19.9,48.7,0.3628,1.3182,2.0594,2.6744
2,19.9,48.7,0.3437,1.3101,2.0677,2.6313
2,19.9,48.7,0.3427,1.2968,2.0518,2.658
2,19.9,48.7,0.358,1.3052,2.0526,2.6617
2,19.9,48.7,0.352,1.3076,2.0454,2.6472
2,19.9,48.7,0.3571,1.2961,2.0357,2.5776
2,19.9,48.7,0.345,1.3041,2.0423,2.5563
2,19.9,48.7,0.3259,1.2986,2.0293,2.5768
2,19.9,48.6,0.3344,1.2993,2.0378,2.5876
2,19.9,48.6,0.3392,1.2987,2.0478,2.6068
2,19.9,48.7,0.3403,1.2959,2.0438,2.6034
2,19.9,48.7,0.3407,1.2985,2.0427,2.618
2,19.9,48.7,0.3366,1.2911,2.0499,2.6015
2,19.9,48.7,0.3396,1.2933,2.0583,2.6298
2,19.9,48.7,0.3449,1.3046,2.0469,2.6865
2,19.9,48.6,0.3464,1.3014,2.0492,2.6908
2,19.9,48.7,0.3451,1.3084,2.0512,2.6888
2,19.9,48.7,0.3471,1.2968,2.058,2.6668
2,19.9,48.6,0.3545,1.2967,2.0556,2.6494
2,19.9,48.7,0.3472,1.3086,2.045,2.6218
2,19.9,48.6,0.3409,1.3009,2.0321,2.6001
2,19.9,48.7,0.3355,1.2899,2.0287,2.5907
2,19.9,48.6,0.3398,1.2834,2.0241,2.5739
2,19.9,48.7,0.332,1.2841,2.0233,2.5834
2,19.9,48.6,0.3224,1.2934,2.0252,2.6007
2,19.9,48.7,0.3316,1.2866,2.0287,2.6489
2,19.9,48.7,0.3342,1.2951,2.0252,2.7005
2,19.9,48.6,0.3541,1.2974,2.0287,2.7324
2,19.9,48.7,0.3627,1.303,2.0375,2.7359
2,19.9,48.7,0.3742,1.3074,2.0429,2.7309
2,19.9,48.7,0.3775,1.3191,2.0498,2.7301
2,19.9,48.7,0.368,1.3369,2.0624,2.7481
2,19.9,48.7,0.3764,1.3383,2.0556,2.7505
2,19.9,48.7,0.3794,1.342,2.0673,2.7424
2,19.9,48.7,0.3812,1.341,2.0688,2.7383
2,19.9,48.7,0.3855,1.3475,2.0845,2.7408
2,19.9,48.7,0.3807,1.344,2.0843,2.7254
2,19.9,48.8,0.3828,1.3348,2.0851,2.7137
2,19.9,48.7,0.377,1.3371,2.0772,2.7119
2,19.9,48.7,0.362,1.3389,2.0857,2.6435
2,19.9,48.7,0.3794,1.3255,2.0678,2.6806
2,19.9,48.7,0.3608,1.3327,2.0645,2.6783
2,19.9,48.7,0.3582,1.3256,2.0631,2.6412
2,19.9,48.7,0.3507,1.3293,2.0712,2.6179
2,19.9,48.7,0.3613,1.3264,2.063,2.6007
2,19.9,48.7,0.3477,1.3197,2.061,2.5546
2,19.9,48.7,0.3378,1.3079,2.0503,2.5754
2,19.9,48.7,0.3364,1.311,2.0619,2.576
2,19.9,48.6,0.338,1.3092,2.0438,2.6145
2,19.9,48.6,0.3401,1.3062,2.05,2.6545
2,19.9,48.7,0.3564,1.3156,2.0612,2.6869
2,19.9,48.7,0.3501,1.3088,2.0555,2.6934
2,19.9,48.7,0.3556,1.3056,2.0634,2.6866
2,19.9,48.7,0.3656,1.3154,2.0672,2.6851
2,19.9,48.7,0.3582,1.3091,2.0509,2.6671
2,19.9,48.7,0.3574,1.3089,2.04,2.6336
2,19.9,48.7,0.3391,1.3008,2.043,2.5771
2,19.9,48.7,0.3398,1.2968,2.0435,2.5849
2,19.9,48.6,0.3416,1.3,2.0291,2.6564
2,19.9,48.7,0.3529,1.2932,2.0376,2.6819
2,19.9,48.6,0.3469,1.2955,2.0383,2.7063
2,19.9,48.7,0.347,1.3115,2.0367,2.7118
2,19.8,48.7,0.3611,1.3041,2.0512,2.717
2,19.8,48.7,0.3505,1.3057,2.056,2.702
2,19.9,48.7,0.3457,1.3145,2.0572,2.6803
2,19.9,48.7,0.3496,1.3065,2.0496,2.6308
2,19.9,48.7,0.3508,1.3033,2.0391,2.6136
2,19.9,48.7,0.3558,1.2967,2.0363,2.6244
2,19.8,48.6,0.3495,1.3035,2.0382,2.5942
2,19.9,48.7,0.3557,1.3018,2.024,2.6281
2,19.9,48.7,0.357,1.2961,2.0345,2.6286
2,19.9,48.7,0.3406,1.2817,2.0279,2.5835
2,19.9,48.7,0.3369,1.2934,2.0282,2.5903
2,19.9,48.7,0.3353,1.29,2.0172,2.5888
2,19.9,48.7,0.3391,1.2889,2.0164,2.6614
2,19.9,48.7,0.3429,1.2895,2.0274,2.6926
2,19.9,48.7,0.3512,1.2987,2.0386,2.7105
2,19.9,48.7,0.354,1.2965,2.0303,2.6708
2,19.9,48.7,0.347,1.2999,2.0292,2.6696
2,19.9,48.7,0.3549,1.297,2.0289,2.707
2,19.9,48.7,0.3557,1.2955,2.048,2.6909
2,19.9,48.7,0.3603,1.3063,2.0548,2.681
2,19.9,48.7,0.3611,1.304,2.051,2.6789
2,19.9,48.7,0.3503,1.31,2.0547,2.7033
2,19.9,48.7,0.3686,1.3129,2.0471,2.7169
2,19.9,48.7,0.3746,1.3155,2.0494,2.7343
2,19.9,48.7,0.3758,1.3238,2.0555,2.7334
2,19.9,48.7,0.3764,1.3168,2.0573,2.7119
2,19.8,48.7,0.3665,1.3177,2.062,2.715
2,19.9,48.7,0.3708,1.3254,2.0663,2.7176
2,19.8,48.7,0.3521,1.3249,2.0542,2.6797
2,19.9,48.7,0.3636,1.3161,2.0417,2.656
2,19.9,48.7,0.3501,1.3042,2.0584,2.6153
2,19.9,48.7,0.3545,1.3094,2.0586,2.6368
2,19.9,48.7,0.3435,1.3193,2.067,2.6576
2,19.9,48.7,0.3667,1.3179,2.0535,2.6732
2,19.9,48.7,0.3603,1.3171,2.0684,2.7167
2,19.8,48.7,0.3633,1.3109,2.074,2.732
2,19.9,48.7,0.3738,1.3278,2.0662,2.733
2,19.8,48.7,0.3809,1.3318,2.0665,2.732
2,19.8,48.7,0.3714,1.3279,2.0662,2.707
2,19.9,48.8,0.3614,1.3372,2.0646,2.6489
2,19.8,48.7,0.352,1.3183,2.0682,2.6384
2,19.9,48.7,0.3489,1.3102,2.0667,2.6427
2,19.9,48.7,0.355,1.3166,2.0633,2.5933
2,19.9,48.7,0.3514,1.3103,2.0536,2.6566
2,19.9,48.7,0.3492,1.3108,2.0577,2.6827
2,19.8,48.7,0.3565,1.3063,2.0655,2.7118
2,19.9,48.7,0.3696,1.3192,2.062,2.6683
2,19.9,48.8,0.3473,1.3215,2.066,2.6365
2,19.8,48.8,0.3417,1.3055,2.0543,2.6094
2,19.8,48.7,0.3511,1.3058,2.0577,2.6454
2,19.9,48.7,0.3484,1.3133,2.0607,2.6906
2,19.8,48.7,0.358,1.3182,2.0606,2.7018
2,19.8,48.8,0.356,1.3168,2.0621,2.7296
2,19.8,48.7,0.3656,1.3157,2.0595,2.6981
2,19.9,48.8,0.3543,1.3188,2.0545,2.6472
2,19.8,48.8,0.3651,1.3201,2.0579,2.6556
2,19.8,48.7,0.3449,1.3185,2.0605,2.6308
2,19.9,48.7,0.3454,1.3183,2.0669,2.6028
2,19.9,48.7,0.351,1.3143,2.0617,2.5998
2,19.9,48.7,0.3435,1.3069,2.0552,2.5828
2,19.9,48.7,0.3517,1.3186,2.0532,2.6468
2,19.8,48.7,0.3484,1.2987,2.0479,2.6804
2,19.8,48.7,0.3466,1.3067,2.0585,2.6835
2,19.9,48.7,0.3503,1.3128,2.0358,2.6705
2,19.9,48.7,0.3476,1.2999,2.0357,2.622
2,19.8,48.7,0.3488,1.2981,2.0444,2.569
2,19.9,48.7,0.3446,1.3021,2.0486,2.5592
2,19.8,48.7,0.3396,1.3026,2.0323,2.572
2,19.9,48.7,0.3442,1.2879,2.0487,2.6409
2,19.8,48.7,0.337,1.3146,2.0368,2.6912
2,19.9,48.7,0.3484,1.3223,2.0562,2.6986
2,19.9,48.7,0.3501,1.3178,2.0659,2.6114
2,19.9,48.8,0.3417,1.3074,2.059,2.5708
2,19.9,48.7,0.3343,1.307,2.0517,2.5544
2,19.9,48.7,0.3351,1.3093,2.0446,2.6051
2,19.9,48.7,0.3491,1.3049,2.0466,2.5728
2,19.9,48.7,0.3414,1.3055,2.0495,2.5576
2,19.9,48.7,0.3273,1.3019,2.0469,2.5591
2,19.9,48.7,0.3218,1.3033,2.0455,2.5734
2,19.9,48.7,0.327,1.3023,2.0395,2.6169
2,19.9,48.7,0.3351,1.3055,2.0406,2.5892
2,19.9,48.7,0.3367,1.2967,2.0458,2.6088
2,19.9,48.7,0.3241,1.301,2.0464,2.5751
2,19.9,48.7,0.3301,1.2812,2.0427,2.5895
2,19.9,48.7,0.3432,1.3023,2.0461,2.6354
2,19.9,48.6,0.3336,1.2953,2.0355,2.6072
2,19.9,48.7,0.3309,1.2933,2.0294,2.6081
2,19.9,48.7,0.3301,1.2997,2.047,2.5782
2,19.9,48.6,0.3321,1.3033,2.0468,2.5725
2,19.9,48.7,0.3272,1.2898,2.041,2.59
2,19.9,48.7,0.3416,1.3002,2.0488,2.6021
2,19.9,48.7,0.3437,1.2849,2.0377,2.6266
2,19.9,48.7,0.3383,1.2884,2.0414,2.6267
2,19.9,48.7,0.3366,1.2795,2.0484,2.5634
2,19.9,48.7,0.3349,1.2971,2.0415,2.5946
2,19.9,48.7,0.3374,1.2843,2.0304,2.6164
2,19.9,48.7,0.3375,1.3025,2.0444,2.6894
2,19.9,48.7,0.3411,1.298,2.0443,2.6771
2,19.9,48.7,0.352,1.3277,2.056,2.7555
2,19.9,48.7,0.3523,1.3137,2.0664,2.6682
2,19.9,48.7,0.351,1.3411,2.0729,2.7002
2,19.9,48.7,0.3393,1.3237,2.0737,2.6317
2,19.9,48.7,0.3612,1.3107,2.0741,2.655
2,19.9,48.7,0.3496,1.3123,2.0665,2.6267
2,19.9,48.7,0.3426,1.3097,2.0633,2.5859
2,19.9,48.7,0.3428,1.311,2.0473,2.5812
2,19.9,48.7,0.3434,1.3085,2.0664,2.6079
2,19.9,48.7,0.3458,1.3067,2.0563,2.6321
2,19.9,48.7,0.3421,1.3125,2.0484,2.6183
2,19.9,48.7,0.3461,1.3179,2.058,2.6232
2,19.9,48.7,0.3308,1.3273,2.0625,2.6514
2,19.9,48.7,0.3366,1.312,2.0469,2.646
2,19.9,48.7,0.3367,1.3361,2.0582,2.6058
2,19.9,48.6,0.3321,1.3172,2.0564,2.5947
2,19.9,48.7,0.338,1.3226,2.0506,2.6066
2,19.9,48.6,0.327,1.3098,2.052,2.5699
2,19.9,48.6,0.3254,1.3104,2.049,2.5966
2,19.9,48.6,0.3247,1.3126,2.0469,2.5861
2,19.9,48.7,0.3327,1.3067,2.0472,2.6035
2,19.9,48.7,0.3356,1.3037,2.0534,2.5908
2,19.9,48.6,0.3426,1.3121,2.0521,2.6294
2,19.9,48.7,0.3357,1.3142,2.059,2.6006
2,19.9,48.7,0.3406,1.3229,2.0481,2.6589
2,19.9,48.7,0.3331,1.3143,2.0525,2.686
2,19.9,48.7,0.3411,1.3029,2.0386,2.676
2,19.9,48.6,0.352,1.2915,2.0377,2.6559
2,19.9,48.7,0.3496,1.2909,2.0344,2.6266
2,19.9,48.7,0.3512,1.2964,2.0323,2.5615
2,19.9,48.6,0.3431,1.2901,2.0329,2.5329
2,19.9,48.6,0.3423,1.2845,2.0245,2.5745
2,19.9,48.7,0.3315,1.2945,2.0264,2.5554
2,19.9,48.7,0.3279,1.2923,2.0345,2.5501
2,19.9,48.7,0.3332,1.2981,2.0331,2.5288
2,19.9,48.7,0.3282,1.2911,2.0172,2.5455
2,19.9,48.7,0.3329,1.2777,2.0135,2.5778
2,19.9,48.6,0.3273,1.2919,2.0158,2.6129
2,19.9,48.7,0.3364,1.282,2.0039,2.5546
2,19.9,48.7,0.3307,1.2802,1.9995,2.6051
2,19.9,48.6,0.3292,1.282,2.0114,2.5998
2,19.9,48.6,0.3426,1.2828,2.0093,2.6449
2,19.9,48.6,0.3379,1.283,2.0054,2.6716
2,19.9,48.7,0.3413,1.2934,2.0272,2.709
2,19.9,48.7,0.3492,1.2853,2.0226,2.6967
2,19.9,48.7,0.3646,1.2956,2.0403,2.703
2,19.9,48.7,0.3564,1.302,2.0275,2.7193
2,19.9,48.7,0.3744,1.3082,2.0402,2.715
2,19.9,48.7,0.3742,1.3254,2.0502,2.7138
2,19.9,48.7,0.3729,1.313,2.0481,2.7378
2,19.9,48.7,0.3615,1.3191,2.0437,2.7183
2,19.9,48.7,0.3838,1.3286,2.0465,2.7122
2,19.9,48.7,0.3773,1.3319,2.0492,2.696
2,19.9,48.7,0.3707,1.3153,2.0601,2.6891
2,19.9,48.7,0.3661,1.318,2.0544,2.6725
2,19.9,48.7,0.3649,1.3219,2.0485,2.6898
2,19.9,48.7,0.3521,1.3041,2.0474,2.6465
2,19.9,48.7,0.3584,1.3039,2.0529,2.6204
2,19.9,48.7,0.3555,1.3102,2.0352,2.5967
2,19.9,48.7,0.3437,1.2959,2.0375,2.6139
2,19.9,48.7,0.3491,1.315,2.0461,2.62
2,19.9,48.7,0.3538,1.3119,2.038,2.6155
2,19.9,48.6,0.355,1.3037,2.0434,2.6501
2,19.9,48.7,0.3515,1.3146,2.0514,2.6542
2,19.9,48.7,0.3463,1.3002,2.0523,2.6786
2,19.9,48.7,0.3597,1.3003,2.0547,2.67
2,19.9,48.7,0.353,1.3001,2.0686,2.679
2,19.9,48.7,0.3529,1.3155,2.0574,2.6639
2,19.9,48.7,0.3549,1.3111,2.0658,2.6596
2,19.9,48.7,0.3566,1.3063,2.0483,2.6706
2,19.9,48.7,0.3545,1.3058,2.0648,2.6953
2,19.9,48.7,0.3547,1.3152,2.0376,2.6908
2,19.9,48.7,0.3676,1.3198,2.06,2.6809
2,19.9,48.7,0.3623,1.3113,2.0482,2.691
2,19.9,48.7,0.3633,1.3197,2.0491,2.7075
2,19.9,48.7,0.3542,1.3212,2.0494,2.6972
2,19.9,48.7,0.3602,1.3104,2.0454,2.6599
2,19.9,48.7,0.3436,1.3039,2.049,2.6562
2,19.8,48.7,0.3491,1.3092,2.059,2.5988
2,19.9,48.7,0.3512,1.3123,2.0531,2.5768
2,19.9,48.7,0.3512,1.2972,2.0431,2.5852
2,19.9,48.7,0.3553,1.2878,2.0288,2.6132
2,19.9,48.6,0.3486,1.3011,2.0325,2.6059
2,19.9,48.7,0.3405,1.2927,2.0113,2.5683
2,19.9,48.7,0.3412,1.298,2.0113,2.6052
2,19.9,48.7,0.3481,1.2875,2.011,2.5868
2,19.9,48.7,0.342,1.2724,2.0158,2.5912
2,19.9,48.7,0.3412,1.279,2.0055,2.6323
2,19.9,48.6,0.3445,1.2826,1.9963,2.622
2,19.9,48.7,0.351,1.2841,1.9924,2.6403
2,19.9,48.7,0.3496,1.29,2.0142,2.6595
2,19.9,48.7,0.3555,1.2797,2.0071,2.6557
2,19.9,48.7,0.3479,1.2984,2.0068,2.6357
2,19.9,48.7,0.3491,1.294,2.0226,2.5807
2,19.9,48.7,0.3412,1.2725,2.0114,2.5754
2,19.9,48.7,0.345,1.2747,2.012,2.5811
2,19.8,48.7,0.3325,1.2787,2.0123,2.6097
2,19.9,48.7,0.3569,1.2835,2.0146,2.6849
2,19.9,48.7,0.3647,1.2901,2.0167,2.7121
2,19.8,48.7,0.3549,1.3061,2.0363,2.7464
2,19.9,48.8,0.3846,1.3213,2.0428,2.756
2,19.8,48.8,0.3772,1.3287,2.0687,2.7458
2,19.9,48.8,0.3862,1.3342,2.0638,2.741
2,19.9,48.8,0.38,1.3303,2.0569,2.7143
2,19.8,48.8,0.3721,1.3141,2.0629,2.6741
2,19.8,48.8,0.3635,1.3199,2.0551,2.6858
2,19.9,48.8,0.3698,1.3197,2.0562,2.6791
2,19.9,48.8,0.3682,1.3191,2.0689,2.6636
2,19.9,48.7,0.3635,1.3169,2.0578,2.66
2,19.9,48.8,0.3572,1.3178,2.0526,2.6558
2,19.8,48.7,0.3626,1.3215,2.0594,2.6749
2,19.9,48.7,0.3722,1.3004,2.0534,2.6053
2,19.9,48.8,0.3499,1.3061,2.0446,2.5979
2,19.9,48.7,0.3555,1.309,2.0478,2.5784
2,19.8,48.8,0.3479,1.2937,2.0447,2.6118
2,19.9,48.7,0.3543,1.2978,2.0423,2.6366
2,19.8,48.7,0.3443,1.3101,2.0348,2.6502
2,19.8,48.7,0.3566,1.3073,2.0485,2.6967
2,19.9,48.7,0.3578,1.3069,2.057,2.7199
2,19.8,48.7,0.3661,1.3252,2.0444,2.7233
2,19.9,48.8,0.3664,1.3126,2.054,2.6942
2,19.9,48.8,0.3671,1.3175,2.0692,2.6765
2,19.9,48.8,0.3632,1.3251,2.0574,2.6518
2,19.9,48.8,0.3512,1.3204,2.0591,2.6058
2,19.8,48.7,0.3548,1.3094,2.0526,2.5814
2,19.8,48.7,0.3532,1.3057,2.0453,2.5605
2,19.9,48.7,0.3374,1.2991,2.0499,2.5645
2,19.8,48.7,0.3387,1.3059,2.0419,2.5763
2,19.8,48.7,0.3457,1.2973,2.0334,2.5503
2,19.9,48.7,0.3481,1.3061,2.0375,2.561
2,19.9,48.7,0.3461,1.2954,2.0368,2.5942
2,19.8,48.7,0.3451,1.2936,2.0338,2.61
2,19.9,48.7,0.3357,1.2907,2.0343,2.5666
2,19.8,48.7,0.3198,1.2915,2.043,2.5716
2,19.9,48.7,0.3365,1.2923,2.0436,2.5509
3,20.0,48.5,0.3697,1.3594,2.0868,2.6629
3,20.0,48.5,0.3655,1.3536,2.0916,2.6718
3,20.0,48.5,0.3697,1.3595,2.0682,2.6486
3,20.0,48.5,0.3738,1.3508,2.0686,2.6432
3,20.0,48.5,0.359,1.3477,2.064,2.6444
3,20.0,48.5,0.3557,1.3462,2.0644,2.5876
3,20.0,48.5,0.3489,1.3546,2.059,2.5721
3,20.0,48.5,0.3544,1.3522,2.065,2.5914
3,20.0,48.5,0.3541,1.3433,2.0611,2.6279
3,20.0,48.5,0.3389,1.3417,2.0699,2.6084
3,20.0,48.5,0.3537,1.3397,2.0656,2.5838
3,20.0,48.5,0.3502,1.3327,2.0481,2.5836
3,20.0,48.5,0.3557,1.352,2.0533,2.5897
3,20.0,48.5,0.3392,1.331,2.0518,2.6253
3,20.0,48.5,0.3493,1.3329,2.043,2.6515
3,20.0,48.5,0.3472,1.3448,2.0505,2.655
3,20.0,48.5,0.3487,1.3373,2.0449,2.6211
3,20.0,48.5,0.3445,1.3371,2.0479,2.5883
3,20.0,48.5,0.3479,1.3161,2.0522,2.625
3,20.0,48.5,0.3448,1.3381,2.048,2.6666
3,20.0,48.5,0.3628,1.338,2.0539,2.7088
3,20.0,48.5,0.3854,1.3396,2.0771,2.7051
3,20.0,48.5,0.3705,1.347,2.0674,2.7153
3,20.0,48.5,0.3779,1.363,2.0749,2.7337
3,20.0,48.5,0.3979,1.3694,2.086,2.7251
3,20.0,48.6,0.3801,1.3723,2.0933,2.7168
3,20.0,48.5,0.3788,1.3682,2.09,2.7085
3,20.0,48.5,0.3849,1.3655,2.0846,2.6987
3,20.0,48.5,0.3652,1.3596,2.0962,2.6818
3,20.0,48.5,0.3793,1.3644,2.0819,2.696
3,20.0,48.5,0.3728,1.3622,2.0851,2.6898
3,20.0,48.5,0.383,1.3614,2.0817,2.7031
3,20.0,48.5,0.3762,1.374,2.0911,2.719
3,20.0,48.5,0.3762,1.3946,2.0942,2.7263
3,20.0,48.5,0.3769,1.3883,2.0876,2.7176
3,20.0,48.5,0.3851,1.3925,2.1022,2.6997
3,20.0,48.5,0.3778,1.4062,2.0964,2.7158
3,20.0,48.5,0.379,1.4031,2.0909,2.7027
3,20.0,48.5,0.3832,1.4046,2.1002,2.6992
3,20.0,48.5,0.3871,1.4083,2.0866,2.6954
3,20.0,48.5,0.368,1.4127,2.0945,2.6705
3,20.0,48.5,0.3746,1.4054,2.0958,2.6611
3,20.0,48.5,0.3752,1.4141,2.092,2.6547
3,20.0,48.5,0.3756,1.4031,2.0812,2.6758
3,20.0,48.5,0.373,1.4151,2.076,2.7041
3,20.0,48.5,0.3759,1.441,2.0893,2.7329
3,20.0,48.5,0.3823,1.4381,2.1008,2.7175
3,20.0,48.6,0.3812,1.409,2.1062,2.7108
3,20.0,48.5,0.3813,1.428,2.0994,2.7025
3,20.0,48.6,0.379,1.4287,2.1004,2.7176
3,20.0,48.5,0.3786,1.4199,2.0938,2.708
3,20.0,48.6,0.3687,1.4268,2.1006,2.7007
3,20.0,48.5,0.3816,1.4258,2.0964,2.715
3,20.0,48.5,0.3846,1.4299,2.107,2.698
3,20.0,48.5,0.386,1.4287,2.1018,2.7092
3,20.0,48.5,0.3986,1.4388,2.115,2.6946
3,20.0,48.5,0.3867,1.4271,2.1016,2.715
3,20.0,48.5,0.3888,1.4308,2.1194,2.7297
3,20.0,48.5,0.3939,1.432,2.1133,2.7217
3,20.0,48.5,0.3881,1.4266,2.1087,2.7132
3,20.0,48.6,0.3967,1.4307,2.1111,2.713
3,20.0,48.6,0.3786,1.4329,2.1087,2.7041
3,20.0,48.5,0.3885,1.4321,2.103,2.681
3,20.0,48.5,0.3744,1.4397,2.1009,2.6803
3,20.0,48.5,0.3824,1.4348,2.0984,2.6803
3,20.0,48.5,0.382,1.4362,2.101,2.6861
3,20.0,48.5,0.3775,1.4467,2.0969,2.6911
3,20.0,48.5,0.3773,1.4263,2.0992,2.644
3,20.0,48.5,0.3673,1.4273,2.0898,2.6855
3,20.0,48.5,0.3866,1.4261,2.0997,2.7245
3,20.0,48.5,0.3781,1.43,2.1034,2.723
3,20.0,48.5,0.375,1.4248,2.0997,2.7029
3,20.0,48.5,0.3853,1.4318,2.0994,2.71
3,20.0,48.5,0.3847,1.4161,2.1037,2.6847
3,20.0,48.5,0.378,1.414,2.0936,2.6807
3,20.0,48.5,0.3918,1.4076,2.097,2.669
3,20.0,48.5,0.3921,1.4122,2.0885,2.6692
3,20.0,48.5,0.3832,1.4098,2.0856,2.6547
3,20.0,48.5,0.379,1.4127,2.091,2.6738
3,20.0,48.5,0.377,1.3996,2.0884,2.6766
3,20.0,48.5,0.3676,1.4052,2.0869,2.6286
3,20.0,48.5,0.3766,1.4004,2.0854,2.6339
3,20.0,48.5,0.374,1.3805,2.0822,2.6125
3,20.0,48.5,0.3612,1.3894,2.0862,2.629
3,20.0,48.5,0.3675,1.3827,2.0717,2.6322
3,20.0,48.5,0.3725,1.3842,2.066,2.6928
3,20.0,48.5,0.3704,1.3875,2.0666,2.6978
3,20.0,48.5,0.372,1.3915,2.0798,2.7006
3,20.0,48.5,0.3698,1.386,2.0759,2.668
3,20.0,48.5,0.3687,1.3882,2.0688,2.5739
3,20.0,48.5,0.3426,1.3663,2.0641,2.5177
3,20.0,48.4,0.3435,1.3753,2.0659,2.6134
3,20.0,48.4,0.3533,1.3768,2.071,2.643
3,20.0,48.4,0.351,1.3725,2.0842,2.5352
3,20.0,48.5,0.3331,1.3735,2.0654,2.4889
3,20.0,48.4,0.343,1.3578,2.0562,2.5276
3,20.0,48.4,0.3403,1.3573,2.0415,2.5865
3,20.0,48.4,0.3262,1.3584,2.0515,2.5965
3,20.0,48.4,0.3586,1.3724,2.0525,2.6289
3,20.0,48.5,0.3483,1.371,2.074,2.6877
3,20.0,48.5,0.3475,1.3899,2.0746,2.699
3,20.0,48.5,0.3471,1.3714,2.0732,2.6477
3,20.0,48.5,0.3418,1.3756,2.0737,2.634
3,20.0,48.4,0.3457,1.3769,2.0809,2.5483
3,20.0,48.4,0.3545,1.3641,2.0816,2.618
3,20.0,48.4,0.3463,1.3666,2.0826,2.5583
3,20.0,48.4,0.3404,1.3588,2.0693,2.5192
3,20.0,48.5,0.3299,1.3596,2.0601,2.558
3,20.0,48.4,0.3514,1.3636,2.0674,2.6934
3,20.0,48.4,0.3481,1.3749,2.0871,2.6305
3,20.0,48.5,0.34,1.3542,2.0848,2.5755
3,20.0,48.5,0.3389,1.3644,2.085,2.5598
3,20.0,48.5,0.3387,1.3571,2.0672,2.5193
3,20.0,48.5,0.3381,1.3492,2.0774,2.5239
3,20.0,48.4,0.3459,1.349,2.074,2.5604
3,20.0,48.4,0.3461,1.3571,2.074,2.578
3,20.0,48.5,0.3385,1.3498,2.0608,2.6471
3,20.0,48.5,0.3421,1.3486,2.0691,2.5766
3,20.0,48.5,0.3359,1.358,2.076,2.5503
3,20.0,48.5,0.3355,1.3476,2.0762,2.5531
3,20.0,48.5,0.3276,1.3389,2.0668,2.5386
3,20.0,48.5,0.3355,1.3415,2.0663,2.5521
3,20.0,48.5,0.3159,1.3465,2.0504,2.5325
3,20.0,48.5,0.3255,1.3368,2.0598,2.5576
3,20.0,48.5,0.3418,1.3363,2.0741,2.5819
3,20.0,48.5,0.3423,1.3381,2.0629,2.5818
3,20.0,48.5,0.3296,1.3219,2.06,2.5397
3,20.0,48.5,0.325,1.3349,2.0629,2.5597
3,20.0,48.5,0.3317,1.3326,2.0654,2.5155
3,20.0,48.5,0.3342,1.3246,2.0685,2.5878
3,20.0,48.5,0.3454,1.3334,2.0617,2.6101
3,20.0,48.5,0.3418,1.339,2.0559,2.5841
3,20.0,48.5,0.3482,1.3413,2.0718,2.6418
3,20.0,48.5,0.3523,1.3472,2.0876,2.5666
3,20.0,48.5,0.3351,1.3286,2.0681,2.4942
3,20.0,48.5,0.3299,1.3251,2.0585,2.4926
3,20.0,48.5,0.3301,1.3136,2.0553,2.5058
3,20.0,48.5,0.3131,1.3262,2.043,2.5037
3,20.0,48.5,0.3366,1.3004,2.0477,2.4715
3,20.0,48.4,0.3301,1.3119,2.0392,2.4563
3,20.0,48.5,0.3191,1.3097,2.0495,2.5405
3,20.0,48.5,0.3322,1.3049,2.0493,2.5632
3,20.0,48.5,0.3377,1.3005,2.0548,2.5107
3,20.0,48.5,0.3074,1.3164,2.0612,2.5405
3,20.0,48.4,0.3383,1.3023,2.0531,2.516
3,20.0,48.4,0.3296,1.3021,2.0472,2.5556
3,20.0,48.5,0.3233,1.3023,2.0501,2.4986
3,20.0,48.5,0.3141,1.295,2.0433,2.5336
3,20.0,48.5,0.3219,1.2979,2.0533,2.5194
3,20.0,48.5,0.3194,1.2932,2.0434,2.5187
3,20.0,48.5,0.3218,1.2919,2.0428,2.5248
3,20.0,48.5,0.3133,1.284,2.0402,2.5125
3,20.0,48.5,0.315,1.2914,2.0381,2.5356
3,20.0,48.5,0.3217,1.2871,2.0373,2.5594
3,20.0,48.5,0.3397,1.292,2.046,2.5911
3,20.0,48.5,0.3433,1.2979,2.042,2.5997
3,20.0,48.5,0.3382,1.2878,2.0594,2.6005
3,20.0,48.5,0.3397,1.2995,2.0512,2.6182
3,20.0,48.5,0.3446,1.298,2.0505,2.642
3,20.0,48.5,0.3475,1.2999,2.0506,2.6823
3,20.0,48.5,0.3613,1.3143,2.0531,2.7173
3,20.0,48.5,0.3606,1.3296,2.0651,2.7538
3,20.0,48.6,0.3602,1.3403,2.0744,2.722
3,20.0,48.5,0.3627,1.3475,2.07,2.7345
3,20.0,48.5,0.365,1.3422,2.078,2.6828
3,20.0,48.5,0.3759,1.352,2.0604,2.6599
3,20.0,48.5,0.3598,1.3374,2.0645,2.6141
3,20.0,48.5,0.3482,1.3312,2.0648,2.5833
3,20.0,48.5,0.3544,1.3385,2.0607,2.6139
3,20.0,48.5,0.3527,1.3223,2.052,2.6506
3,20.0,48.5,0.3614,1.3222,2.072,2.65
3,20.0,48.5,0.3608,1.3229,2.0541,2.6475
3,20.0,48.5,0.3513,1.3236,2.0556,2.5388
3,20.0,48.5,0.3401,1.3193,2.0535,2.5449
3,20.0,48.5,0.3562,1.3177,2.0596,2.5453
3,20.0,48.5,0.3438,1.3108,2.0552,2.5437
3,20.0,48.5,0.3456,1.3063,2.0561,2.5192
3,20.0,48.5,0.3355,1.2995,2.0393,2.5287
3,20.0,48.5,0.3317,1.2891,2.0498,2.5357
3,20.0,48.5,0.3337,1.3126,2.0476,2.5594
3,20.0,48.5,0.3262,1.3063,2.0518,2.5932
3,20.0,48.5,0.3468,1.3107,2.0459,2.58
3,20.0,48.5,0.3457,1.3105,2.0529,2.5788
3,20.0,48.5,0.3411,1.3139,2.0698,2.5944
3,20.0,48.5,0.3481,1.3274,2.0635,2.6609
3,20.0,48.5,0.3515,1.3152,2.0536,2.6896
3,20.0,48.5,0.3505,1.3232,2.0737,2.7333
3,20.0,48.5,0.358,1.3215,2.0858,2.6963
3,20.0,48.5,0.3742,1.3225,2.0801,2.6711
3,20.0,48.5,0.3594,1.3331,2.0735,2.6093
3,20.0,48.5,0.347,1.3276,2.0593,2.5749
3,20.0,48.6,0.3501,1.3391,2.0607,2.608
3,20.0,48.5,0.346,1.3197,2.0621,2.6172
3,20.0,48.5,0.3428,1.3338,2.0569,2.6105
3,20.0,48.5,0.3528,1.3315,2.0651,2.5975
3,20.0,48.5,0.331,1.3181,2.064,2.5633
3,20.0,48.5,0.3412,1.3212,2.0658,2.6007
3,20.0,48.5,0.3388,1.3114,2.042,2.5461
3,20.0,48.5,0.339,1.3221,2.0421,2.5672
3,20.0,48.5,0.3411,1.3212,2.0247,2.5779
3,20.0,48.5,0.3383,1.3161,2.0371,2.6034
3,20.0,48.5,0.3584,1.3196,2.0285,2.639
3,20.0,48.5,0.35,1.3165,2.0439,2.6891
3,20.0,48.5,0.3709,1.3348,2.069,2.7015
3,20.0,48.6,0.3588,1.3395,2.058,2.724
3,20.0,48.6,0.3693,1.3406,2.0641,2.7239
3,20.0,48.6,0.3779,1.3714,2.0811,2.7176
3,20.0,48.6,0.3706,1.3797,2.0858,2.7247
3,20.0,48.6,0.371,1.3854,2.0941,2.7443
3,20.0,48.6,0.4011,1.3958,2.0971,2.7295
3,20.0,48.6,0.3919,1.4032,2.1126,2.7051
3,20.0,48.6,0.3782,1.402,2.1036,2.6733
3,20.0,48.6,0.3799,1.3913,2.0935,2.6633
3,20.0,48.6,0.3757,1.3851,2.0867,2.6655
3,20.0,48.6,0.3873,1.4115,2.0937,2.6968
3,20.0,48.6,0.3792,1.4119,2.0914,2.7123
3,20.0,48.6,0.3789,1.4021,2.093,2.6945
3,20.0,48.6,0.3762,1.3745,2.0874,2.6528
3,20.0,48.6,0.3644,1.3896,2.0814,2.6221
3,20.0,48.6,0.36,1.377,2.0804,2.6248
3,20.0,48.6,0.3629,1.3848,2.0764,2.6422
3,20.0,48.6,0.3609,1.3614,2.0784,2.6307
3,20.0,48.6,0.3597,1.3545,2.0543,2.5957
3,20.0,48.5,0.3471,1.3515,2.0567,2.5857
3,20.0,48.5,0.3541,1.3534,2.0591,2.5878
3,20.0,48.5,0.343,1.3513,2.0584,2.6263
3,20.0,48.5,0.3558,1.3564,2.0564,2.6469
3,20.0,48.5,0.3606,1.3547,2.047,2.6366
3,20.0,48.5,0.3565,1.3502,2.0582,2.6419
3,20.0,48.5,0.3597,1.3539,2.0598,2.6476
3,20.0,48.5,0.3527,1.3618,2.0563,2.6253
3,20.0,48.6,0.3555,1.3475,2.0482,2.6093
3,20.0,48.5,0.3636,1.3443,2.0483,2.6266
3,20.0,48.5,0.3571,1.3475,2.0477,2.6315
3,20.0,48.5,0.3567,1.332,2.0509,2.5873
3,20.0,48.5,0.3565,1.3433,2.0399,2.6232
3,20.0,48.5,0.3548,1.3273,2.0376,2.617
3,20.0,48.5,0.3452,1.3244,2.0411,2.5815
3,20.0,48.5,0.3514,1.334,2.0428,2.5556
3,20.0,48.5,0.3508,1.3295,2.0531,2.531
3,20.0,48.5,0.3411,1.3243,2.0389,2.5255
3,20.0,48.5,0.3431,1.3245,2.0475,2.5254
3,20.0,48.6,0.3345,1.3162,2.0374,2.5013
3,20.0,48.5,0.3484,1.3125,2.026,2.4912
3,20.0,48.6,0.3284,1.3141,2.0242,2.5228
3,20.0,48.5,0.3356,1.2985,2.0237,2.5887
3,20.0,48.5,0.3351,1.3004,2.0377,2.5258
3,20.0,48.5,0.3479,1.314,2.0276,2.5494
3,20.0,48.5,0.3527,1.2925,2.0417,2.5813
3,20.0,48.5,0.3439,1.2994,2.0371,2.5586
3,20.0,48.6,0.3333,1.3054,2.0423,2.5457
3,20.0,48.6,0.3297,1.3022,2.0381,2.5633
3,20.0,48.5,0.3345,1.297,2.0359,2.6064
3,20.0,48.6,0.3393,1.2928,2.0376,2.6047
3,20.0,48.6,0.3398,1.3049,2.0397,2.6297
3,20.0,48.5,0.3384,1.296,2.0383,2.5869
3,20.0,48.6,0.3511,1.2979,2.0382,2.5934
3,20.0,48.6,0.3355,1.3145,2.0346,2.578
3,20.0,48.5,0.3621,1.305,2.0386,2.5951
3,20.0,48.6,0.348,1.3115,2.0395,2.618
3,20.0,48.5,0.3429,1.3029,2.0442,2.6309
3,20.0,48.5,0.3526,1.2979,2.0412,2.6063
3,20.0,48.5,0.351,1.3163,2.0326,2.6049
3,20.0,48.6,0.3456,1.3042,2.0329,2.557
3,20.0,48.5,0.3426,1.2972,2.027,2.5638
3,20.0,48.5,0.3316,1.3091,2.0262,2.5618
3,20.0,48.5,0.3386,1.3006,2.0285,2.5786
3,20.0,48.6,0.3424,1.2957,2.0339,2.6009
3,20.0,48.5,0.3381,1.2977,2.0341,2.577
3,20.0,48.5,0.3482,1.2962,2.0269,2.571
3,20.0,48.5,0.3389,1.296,2.0335,2.5636
3,20.0,48.6,0.3269,1.293,2.0181,2.5681
3,20.0,48.6,0.3298,1.2967,2.0332,2.5475
3,20.0,48.6,0.3366,1.2966,2.026,2.6323
3,20.0,48.5,0.3462,1.3017,2.0429,2.6675
3,20.0,48.6,0.3562,1.3063,2.0427,2.6958
3,20.0,48.6,0.3503,1.3272,2.0488,2.7003
3,20.0,48.6,0.3543,1.3163,2.042,2.6981
3,20.0,48.6,0.3747,1.32,2.0736,2.7081
3,20.0,48.6,0.3623,1.3454,2.0727,2.7105
3,20.0,48.6,0.3713,1.3387,2.0722,2.7064
3,20.0,48.6,0.3723,1.3618,2.0742,2.6953
3,20.0,48.6,0.367,1.3569,2.0717,2.6845
3,20.0,48.6,0.3797,1.3695,2.0854,2.6839
3,20.0,48.6,0.3853,1.3937,2.0734,2.7105
3,20.0,48.6,0.3784,1.3757,2.0801,2.696
3,20.0,48.6,0.3849,1.3955,2.08,2.7066
3,20.0,48.6,0.3779,1.3915,2.0889,2.6955
3,20.0,48.6,0.3835,1.3973,2.0876,2.7057
3,20.0,48.6,0.3848,1.4151,2.0858,2.7067
3,20.0,48.6,0.38,1.4011,2.0882,2.7194
3,20.0,48.6,0.3709,1.4143,2.1025,2.6915
3,20.0,48.6,0.3695,1.4122,2.0929,2.6937
3,20.0,48.6,0.3825,1.4254,2.0922,2.6974
3,20.0,48.6,0.3813,1.4374,2.0951,2.699
3,20.0,48.6,0.3826,1.4237,2.106,2.6979
3,20.0,48.6,0.379,1.4112,2.0957,2.6578
3,20.0,48.6,0.36,1.4133,2.081,2.6439
3,20.0,48.6,0.3622,1.3975,2.0763,2.6372
3,20.0,48.6,0.3694,1.3839,2.0795,2.6462
3,20.0,48.5,0.3772,1.3875,2.083,2.662
3,20.0,48.6,0.3663,1.3824,2.081,2.6527
3,20.0,48.6,0.3802,1.3795,2.0754,2.688
3,20.0,48.6,0.3569,1.3897,2.0818,2.6881
3,20.0,48.6,0.36,1.3849,2.078,2.7012
3,20.0,48.6,0.3653,1.387,2.0885,2.6888
3,20.0,48.6,0.3726,1.3915,2.0777,2.6645
3,20.0,48.6,0.363,1.3938,2.0848,2.647
3,20.0,48.6,0.3634,1.3915,2.0791,2.6988
3,20.0,48.6,0.3708,1.3889,2.0922,2.6879
3,20.0,48.6,0.3692,1.383,2.0894,2.6372
3,20.0,48.6,0.3622,1.3717,2.0747,2.5454
3,20.0,48.6,0.3559,1.3626,2.0701,2.533
3,20.0,48.6,0.3434,1.3663,2.0632,2.571
3,20.0,48.6,0.3491,1.3559,2.0616,2.6123
3,20.0,48.6,0.3444,1.3626,2.061,2.6286
3,20.0,48.6,0.3683,1.3753,2.0402,2.6596
3,20.0,48.6,0.3551,1.3677,2.0559,2.6638
3,20.0,48.6,0.3745,1.3777,2.0752,2.6709
3,20.0,48.6,0.3713,1.368,2.0616,2.6573
3,20.0,48.6,0.3491,1.3533,2.0574,2.6428
3,20.0,48.6,0.3621,1.3617,2.0674,2.6411
3,20.0,48.6,0.3742,1.3621,2.0658,2.6495
3,20.0,48.6,0.3624,1.3719,2.0626,2.6834
3,20.0,48.6,0.3736,1.3724,2.0702,2.6576
3,20.0,48.6,0.3677,1.3709,2.0752,2.6511
3,20.0,48.6,0.3746,1.3659,2.0667,2.6451
3,20.0,48.6,0.3729,1.3731,2.0657,2.6452
3,20.0,48.6,0.3653,1.3729,2.0563,2.6629
3,20.0,48.6,0.3714,1.3747,2.0759,2.6768
3,20.0,48.6,0.3694,1.367,2.0613,2.6842
3,20.0,48.6,0.3712,1.3739,2.0736,2.6673
3,20.0,48.6,0.3655,1.3724,2.0743,2.6429
3,20.0,48.6,0.3758,1.3706,2.0675,2.6551
3,20.0,48.5,0.3702,1.3698,2.0741,2.6604
3,20.0,48.6,0.3714,1.3746,2.0619,2.6774
3,20.0,48.6,0.3625,1.3812,2.0712,2.6576
3,20.0,48.6,0.3713,1.3599,2.0701,2.6305
3,20.0,48.6,0.359,1.3552,2.0625,2.6016
3,20.0,48.6,0.3525,1.365,2.0706,2.5954
3,20.0,48.6,0.3715,1.3701,2.0594,2.6883
3,20.0,48.6,0.3707,1.3639,2.0665,2.6733
3,20.0,48.6,0.3747,1.3621,2.0853,2.6223
3,20.0,48.6,0.3632,1.3682,2.0619,2.5635
3,20.0,48.6,0.3577,1.3548,2.0478,2.5263
3,20.0,48.6,0.3464,1.3464,2.0508,2.5609
3,20.0,48.5,0.3603,1.3537,2.058,2.5769
3,20.0,48.6,0.3592,1.3516,2.043,2.6058
3,20.0,48.6,0.3551,1.3555,2.0411,2.6197
3,20.0,48.6,0.3632,1.3395,2.0428,2.629
3,20.0,48.6,0.3453,1.3535,2.0329,2.6402
3,20.0,48.6,0.3603,1.3415,2.046,2.6572
3,20.0,48.6,0.3517,1.368,2.0438,2.6825
3,20.0,48.6,0.3679,1.3552,2.0628,2.6981
3,20.0,48.6,0.3705,1.3573,2.0577,2.6692
3,20.0,48.6,0.3731,1.3441,2.0612,2.6844
3,20.0,48.6,0.379,1.3582,2.0658,2.6598
3,20.0,48.6,0.3591,1.359,2.0672,2.6434
3,20.0,48.6,0.3496,1.3509,2.0517,2.6215
3,20.0,48.6,0.3567,1.3591,2.0529,2.6111
3,20.0,48.6,0.3578,1.3414,2.0506,2.6309
3,20.0,48.6,0.3529,1.3553,2.0513,2.6407
3,20.0,48.6,0.3599,1.3449,2.0508,2.6428
3,20.0,48.6,0.3597,1.3515,2.0489,2.6626
3,20.0,48.6,0.3741,1.3649,2.0491,2.6652
3,20.0,48.6,0.3671,1.358,2.06,2.6706
3,20.0,48.6,0.3705,1.3685,2.0629,2.6737
3,20.0,48.6,0.3907,1.3678,2.0609,2.6712
3,20.0,48.6,0.3685,1.3833,2.0684,2.6939
3,20.0,48.6,0.3876,1.4043,2.08,2.7151
3,20.0,48.6,0.384,1.4009,2.0932,2.702
3,20.0,48.7,0.3697,1.4215,2.0802,2.703
3,20.0,48.7,0.3854,1.4216,2.0831,2.706
3,20.0,48.7,0.3832,1.4429,2.0858,2.6901
3,20.0,48.7,0.3942,1.4373,2.0869,2.6811
3,20.0,48.6,0.3779,1.4444,2.0934,2.6841
3,20.0,48.6,0.3782,1.4335,2.0816,2.674
3,20.0,48.7,0.379,1.4428,2.1026,2.6763
3,20.0,48.6,0.3872,1.4495,2.0833,2.6684
3,20.0,48.7,0.3784,1.4494,2.0971,2.6811
3,20.0,48.6,0.3766,1.4574,2.085,2.6569
3,20.0,48.7,0.3832,1.4622,2.0973,2.6749
3,20.0,48.6,0.3773,1.4658,2.0808,2.6876
3,20.0,48.6,0.3902,1.4871,2.0968,2.6992
3,20.0,48.7,0.3836,1.478,2.1105,2.672
3,20.0,48.6,0.3938,1.4646,2.0946,2.6854
3,20.0,48.6,0.3922,1.4733,2.111,2.6881
3,20.0,48.6,0.3828,1.4541,2.1105,2.6977
3,20.0,48.6,0.368,1.4617,2.1112,2.6971
3,20.0,48.6,0.3798,1.4531,2.0994,2.6815
3,20.0,48.6,0.3888,1.454,2.0979,2.6831
3,20.0,48.6,0.3782,1.4462,2.102,2.6952
3,20.0,48.6,0.3794,1.4536,2.1011,2.6812
3,20.0,48.6,0.3833,1.4357,2.0935,2.6652
3,20.0,48.6,0.3793,1.4369,2.09,2.6446
3,20.0,48.6,0.3882,1.4426,2.0878,2.6722
3,20.0,48.6,0.3859,1.4405,2.0976,2.6815
3,20.0,48.6,0.3695,1.4405,2.0808,2.66
3,20.0,48.6,0.3809,1.4265,2.0871,2.6499
3,20.0,48.6,0.3726,1.4178,2.0791,2.6463
3,20.0,48.6,0.3689,1.4146,2.0733,2.6251
3,20.0,48.6,0.3738,1.4169,2.0846,2.6652
3,20.0,48.6,0.3662,1.4198,2.0892,2.6783
3,20.0,48.6,0.3708,1.4323,2.0712,2.6695
3,20.0,48.6,0.3781,1.4156,2.0829,2.6814
3,20.0,48.6,0.3781,1.4211,2.0767,2.6494
3,20.0,48.6,0.3767,1.3987,2.074,2.6282
3,20.0,48.6,0.3729,1.393,2.0607,2.6015
3,20.0,48.6,0.3624,1.4116,2.0744,2.6211
3,20.0,48.6,0.3641,1.3919,2.073,2.6011
3,20.0,48.6,0.3689,1.3974,2.0551,2.6272
3,20.0,48.6,0.3574,1.3793,2.0629,2.6346
3,20.0,48.6,0.3764,1.3808,2.0604,2.6711
3,20.0,48.6,0.3796,1.3934,2.0726,2.6793
3,20.0,48.6,0.3811,1.4174,2.0647,2.6824
3,20.0,48.6,0.3833,1.4059,2.0853,2.6909
3,20.0,48.6,0.388,1.4251,2.0769,2.6719
3,20.0,48.6,0.3794,1.4261,2.0764,2.6697
3,20.0,48.7,0.3835,1.4264,2.0844,2.6741
3,20.0,48.6,0.3769,1.4217,2.0852,2.6506
3,20.0,48.7,0.3775,1.412,2.0794,2.6539
3,20.0,48.6,0.3763,1.4285,2.067,2.6556
3,20.0,48.6,0.3673,1.4407,2.0638,2.6433
3,20.0,48.6,0.3662,1.4139,2.0759,2.6451
3,20.0,48.6,0.3708,1.4178,2.0696,2.629
3,20.0,48.6,0.3674,1.3982,2.069,2.6311
3,20.0,48.6,0.3643,1.4136,2.0648,2.6475
3,20.0,48.6,0.3661,1.4141,2.0758,2.6729
3,20.0,48.6,0.381,1.4227,2.0782,2.6973
3,20.0,48.6,0.377,1.4261,2.0773,2.6848
3,20.0,48.7,0.3734,1.4418,2.0776,2.6665
3,20.0,48.6,0.3634,1.451,2.0675,2.6476
3,20.0,48.6,0.3863,1.4494,2.0857,2.6541
3,20.0,48.6,0.3772,1.4644,2.0815,2.6404
3,20.0,48.6,0.3806,1.4683,2.0761,2.6282
3,20.0,48.6,0.3682,1.4622,2.0742,2.6309
3,20.0,48.6,0.3703,1.4594,2.0794,2.6507
3,20.0,48.6,0.3684,1.4624,2.0779,2.649
3,20.0,48.6,0.3774,1.471,2.0824,2.6556
3,20.0,48.7,0.357,1.4461,2.0673,2.6498
3,20.0,48.6,0.3757,1.4532,2.063,2.6245
3,20.0,48.6,0.3557,1.4446,2.0606,2.5525
3,20.0,48.6,0.3531,1.4228,2.0594,2.5348
3,20.0,48.6,0.3502,1.4138,2.0506,2.5336
3,20.0,48.6,0.3487,1.3965,2.0471,2.4852
3,20.0,48.6,0.3418,1.3965,2.0611,2.4967
3,20.0,48.6,0.3405,1.3764,2.0477,2.5471
3,20.0,48.6,0.3383,1.3844,2.0363,2.538
3,20.0,48.6,0.3461,1.3703,2.0449,2.5827
3,20.0,48.6,0.3452,1.3677,2.036,2.5679
3,20.0,48.6,0.3482,1.3779,2.0388,2.5999
3,20.0,48.6,0.3437,1.372,2.0509,2.6085
3,20.0,48.6,0.3465,1.3674,2.0403,2.6195
3,20.0,48.6,0.3556,1.3777,2.03,2.6429
3,20.0,48.6,0.3551,1.3692,2.0422,2.6419
3,20.0,48.6,0.3562,1.3839,2.0446,2.6357
3,20.0,48.6,0.359,1.3663,2.0368,2.6377
3,20.0,48.6,0.3557,1.3833,2.0517,2.6574
3,20.0,48.6,0.3615,1.3812,2.0495,2.6559
3,20.0,48.6,0.3718,1.3995,2.043,2.6743
3,20.0,48.6,0.3619,1.394,2.0574,2.656
3,20.0,48.6,0.3692,1.3808,2.063,2.6446
3,20.0,48.6,0.3551,1.381,2.0517,2.6148
3,20.0,48.6,0.3551,1.3817,2.0489,2.5923
3,20.0,48.6,0.351,1.3721,2.0435,2.5698
3,20.0,48.6,0.3481,1.357,2.0378,2.5565
3,20.0,48.6,0.3479,1.3625,2.0431,2.6047
3,20.0,48.6,0.351,1.3613,2.0474,2.5982
3,20.0,48.6,0.364,1.3548,2.0378,2.6421
3,20.0,48.6,0.3653,1.3727,2.0397,2.6778
3,20.0,48.6,0.3647,1.3812,2.0428,2.6895
3,20.0,48.6,0.3717,1.3868,2.0502,2.6562
3,20.0,48.6,0.3539,1.3778,2.0509,2.6475
3,20.0,48.6,0.3433,1.3671,2.0501,2.6311
3,20.0,48.6,0.3503,1.3723,2.0463,2.6445
3,20.0,48.6,0.3586,1.3579,2.0407,2.6361
3,20.0,48.6,0.364,1.3616,2.0518,2.6306
3,20.0,48.6,0.3624,1.3582,2.0531,2.6459
3,20.0,48.6,0.3633,1.3594,2.0502,2.6102
3,20.0,48.6,0.3531,1.3563,2.0385,2.5638
3,20.0,48.6,0.3379,1.3511,2.0338,2.4596
3,20.0,48.6,0.3365,1.3554,2.0343,2.4604
3,20.0,48.6,0.3351,1.3378,2.025,2.5042
3,20.0,48.6,0.3393,1.3342,2.0324,2.5164
3,20.0,48.6,0.3452,1.3434,2.0253,2.5596
3,20.0,48.6,0.3557,1.3384,2.0371,2.5991
3,20.0,48.6,0.3587,1.3358,2.0266,2.6181
3,20.0,48.6,0.3496,1.3413,2.0264,2.612
3,20.0,48.6,0.3465,1.3315,2.0353,2.5967
3,20.0,48.6,0.3528,1.3391,2.0301,2.5464
3,20.0,48.6,0.3407,1.3325,2.0235,2.5216
3,20.0,48.6,0.3483,1.3244,2.0216,2.4932
3,20.0,48.6,0.3352,1.3241,2.028,2.5183
3,20.0,48.6,0.3505,1.3196,2.0169,2.5061
3,20.0,48.6,0.3481,1.3218,2.0175,2.5317
3,20.0,48.6,0.345,1.3256,2.0287,2.5486
3,20.0,48.6,0.3356,1.3216,2.012,2.5501
3,20.0,48.6,0.3371,1.3191,2.0079,2.5281
3,20.0,48.6,0.3222,1.3145,2.0035,2.55
3,20.0,48.6,0.3357,1.3092,2.017,2.5352
3,20.0,48.6,0.3441,1.3226,2.0126,2.63
3,20.0,48.6,0.3459,1.312,2.0147,2.6555
3,20.0,48.7,0.3573,1.3163,2.0131,2.6477
3,20.0,48.6,0.3528,1.3213,2.0382,2.6635
3,20.0,48.6,0.361,1.3233,2.0402,2.668
3,20.0,48.6,0.3601,1.3266,2.0326,2.6552
3,20.0,48.6,0.3656,1.3251,2.0402,2.6442
3,20.0,48.7,0.358,1.3263,2.0419,2.6408
3,20.0,48.6,0.3475,1.3346,2.0416,2.6095
3,20.0,48.6,0.3568,1.3257,2.03,2.5986
3,20.0,48.7,0.3418,1.3345,2.0448,2.5987
3,20.0,48.6,0.3478,1.3254,2.0409,2.5855
3,19.9,48.7,0.3502,1.3242,2.0295,2.5824
3,20.0,48.7,0.3593,1.3233,2.0282,2.5318
3,19.9,48.6,0.354,1.3245,2.0222,2.548
3,19.9,48.6,0.3463,1.3286,2.0324,2.5795
3,20.0,48.6,0.3581,1.3216,2.0357,2.6153
3,20.0,48.6,0.3445,1.325,2.0305,2.6008
3,20.0,48.7,0.3496,1.3185,2.028,2.5991
3,20.0,48.6,0.3437,1.3036,2.0168,2.5617
3,20.0,48.7,0.3539,1.3058,2.0161,2.5573
3,20.0,48.6,0.351,1.3091,2.0185,2.5789
3,20.0,48.7,0.3421,1.3165,2.0154,2.5768
3,20.0,48.6,0.3462,1.3062,2.0258,2.6037
3,19.9,48.6,0.3489,1.3122,2.0261,2.6394
3,20.0,48.7,0.3662,1.3283,2.027,2.6896
3,20.0,48.7,0.3765,1.3448,2.0462,2.6847
3,19.9,48.7,0.3703,1.3593,2.0512,2.695
3,20.0,48.7,0.3774,1.3692,2.0499,2.662
3,20.0,48.7,0.3553,1.3548,2.0489,2.6457
3,19.9,48.7,0.3554,1.3614,2.0322,2.6072
3,19.9,48.7,0.3581,1.3514,2.0356,2.604
3,19.9,48.6,0.3562,1.3495,2.0425,2.609
3,20.0,48.7,0.3574,1.3569,2.033,2.6158
3,20.0,48.6,0.3479,1.3468,2.0314,2.6082
3,20.0,48.6,0.3651,1.3366,2.039,2.6182
3,20.0,48.6,0.3452,1.3352,2.0281,2.6221
3,20.0,48.6,0.3502,1.3401,2.032,2.6152
3,20.0,48.6,0.3628,1.3409,2.03,2.6124
3,20.0,48.6,0.3566,1.3379,2.0427,2.6059
3,19.9,48.6,0.365,1.3389,2.0348,2.6403
3,20.0,48.6,0.3636,1.3444,2.027,2.6473
3,20.0,48.7,0.3634,1.3499,2.0286,2.6231
3,19.9,48.7,0.3597,1.3351,2.0328,2.5933
3,19.9,48.7,0.349,1.3241,2.0361,2.5742
3,20.0,48.7,0.3485,1.3307,2.0207,2.5443
3,20.0,48.7,0.3626,1.3291,2.0219,2.5603
3,19.9,48.7,0.344,1.3196,2.0269,2.5911
3,20.0,48.6,0.3512,1.3197,2.0158,2.596
3,19.9,48.6,0.3485,1.3228,2.0275,2.5988
3,20.0,48.6,0.3513,1.316,2.0342,2.6004
3,20.0,48.6,0.359,1.313,2.0305,2.5797
3,19.9,48.7,0.3455,1.3143,2.0184,2.5393
3,20.0,48.7,0.3336,1.303,2.03,2.5552
3,19.9,48.7,0.3323,1.3117,2.0123,2.5078
3,20.0,48.6,0.3503,1.3066,2.0136,2.5443
3,20.0,48.7,0.335,1.2909,2.0182,2.492
3,20.0,48.6,0.3286,1.2974,2.0232,2.4625
3,20.0,48.6,0.3249,1.2987,2.0154,2.4944
3,19.9,48.6,0.3368,1.286,2.0106,2.4618
3,19.9,48.6,0.3229,1.3029,2.0128,2.4892
3,19.9,48.7,0.3284,1.2909,2.0061,2.4903
3,20.0,48.6,0.3408,1.2907,2.0174,2.5748
3,19.9,48.6,0.341,1.291,2.0137,2.5856
3,19.9,48.6,0.3271,1.298,2.0123,2.5486
3,20.0,48.7,0.3376,1.2985,2.0012,2.5363
3,19.9,48.6,0.3336,1.3038,2.02,2.5669
3,19.9,48.7,0.3339,1.2961,2.0047,2.5145
3,19.9,48.7,0.3261,1.2831,2.0126,2.5112
3,19.9,48.7,0.3298,1.2826,2.013,2.5225
3,19.9,48.6,0.3311,1.2954,2.0066,2.4959
3,19.9,48.7,0.326,1.2915,2.0094,2.4867
3,20.0,48.7,0.3133,1.2832,2.0091,2.4359
3,20.0,48.7,0.3172,1.2822,1.9962,2.4923
3,20.0,48.7,0.3293,1.2663,2.0095,2.5349
3,20.0,48.7,0.3232,1.2793,2.0195,2.5236
3,19.9,48.7,0.3315,1.2829,2.0105,2.5577
3,19.9,48.7,0.3304,1.2935,2.0277,2.5881
3,19.9,48.7,0.3372,1.2862,2.0225,2.509
3,20.0,48.6,0.3218,1.2875,2.0158,2.5178
3,19.9,48.6,0.3266,1.2956,2.0266,2.5423
3,20.0,48.7,0.3258,1.2878,2.0141,2.5694
3,19.9,48.7,0.3178,1.2927,2.0111,2.5203
3,19.9,48.7,0.3238,1.2867,2.0139,2.6136
3,19.9,48.6,0.3423,1.2803,2.0162,2.6254
3,20.0,48.7,0.3516,1.3048,2.0265,2.6327
3,19.9,48.7,0.3388,1.2941,2.0135,2.5716
3,20.0,48.7,0.3319,1.2869,2.0213,2.5547
3,19.9,48.7,0.3416,1.2854,2.0178,2.5848
3,20.0,48.6,0.3444,1.2901,2.0201,2.575
3,19.9,48.6,0.3278,1.2916,2.0006,2.4927
3,20.0,48.7,0.333,1.2922,2.0155,2.4772
3,20.0,48.7,0.328,1.2773,2.0057,2.5117
3,20.0,48.7,0.3311,1.2752,2.0171,2.4785
3,19.9,48.7,0.327,1.2924,2.0122,2.5364
3,20.0,48.7,0.3243,1.2823,2.0172,2.5423
3,20.0,48.7,0.3261,1.2806,2.0193,2.5338
3,20.0,48.6,0.3325,1.2769,2.0007,2.5623
3,20.0,48.6,0.3358,1.2915,2.0137,2.6081
3,20.0,48.7,0.3502,1.2865,2.0283,2.6477
3,19.9,48.7,0.3494,1.3069,2.0158,2.6573
3,20.0,48.7,0.3553,1.3053,2.0311,2.6587
3,20.0,48.7,0.347,1.298,2.039,2.6455
3,19.9,48.7,0.3481,1.3065,2.0347,2.6323
3,19.9,48.7,0.3427,1.2985,2.033,2.6151
3,19.9,48.7,0.3497,1.3025,2.0439,2.637
3,20.0,48.7,0.359,1.3013,2.0305,2.6475
3,20.0,48.7,0.3458,1.2927,2.0444,2.6343
3,20.0,48.7,0.3664,1.3073,2.0333,2.6331
3,19.9,48.7,0.3579,1.3143,2.0294,2.6339
3,19.9,48.7,0.3499,1.3092,2.0265,2.6342
3,19.9,48.7,0.3568,1.3087,2.0297,2.6106
3,19.9,48.7,0.3533,1.304,2.0286,2.5951
3,19.9,48.7,0.3435,1.2954,2.0365,2.603
3,19.9,48.7,0.3573,1.304,2.0315,2.6249
3,19.9,48.7,0.3541,1.3147,2.0275,2.6033
3,19.9,48.7,0.3526,1.3072,2.0504,2.6413
3,19.9,48.7,0.3589,1.314,2.0502,2.6333
3,19.9,48.7,0.3486,1.3204,2.046,2.6598
3,19.9,48.7,0.3501,1.3221,2.0568,2.5966
3,19.9,48.7,0.3398,1.3126,2.0357,2.4741
3,19.9,48.7,0.3388,1.3047,2.0331,2.5019
3,19.9,48.7,0.3288,1.2938,2.0314,2.5277
3,19.9,48.7,0.3356,1.3078,2.0441,2.5681
3,19.9,48.7,0.3552,1.2989,2.0453,2.645
3,19.9,48.7,0.3476,1.298,2.0528,2.6493
3,19.9,48.7,0.3697,1.3056,2.0494,2.6392
3,20.0,48.8,0.352,1.3068,2.0525,2.6118
3,19.9,48.7,0.3552,1.3078,2.0448,2.6344
3,19.9,48.7,0.3587,1.3182,2.0416,2.6591
3,19.9,48.8,0.3599,1.3282,2.0602,2.6164
3,19.9,48.8,0.3592,1.3146,2.0408,2.6118
3,19.9,48.8,0.345,1.3172,2.0445,2.6027
3,20.0,48.7,0.3569,1.3344,2.0368,2.5819
3,20.0,48.8,0.3497,1.2979,2.0238,2.5615
3,19.9,48.7,0.3506,1.3049,2.0134,2.5237
3,19.9,48.7,0.3352,1.3072,2.0329,2.5518
3,19.9,48.7,0.3373,1.3113,2.0183,2.5244
3,19.9,48.7,0.3432,1.2942,2.0299,2.5158
3,20.0,48.7,0.3441,1.3056,2.037,2.5178
3,19.9,48.7,0.3399,1.3044,2.0121,2.4884
3,20.0,48.7,0.3435,1.3073,2.0252,2.504
3,20.0,48.7,0.3325,1.2862,2.0224,2.5405
3,19.9,48.7,0.3203,1.2866,2.0277,2.5803
3,20.0,48.7,0.3393,1.3007,2.0263,2.5251
3,19.9,48.7,0.3359,1.2892,2.02,2.5725
3,19.9,48.7,0.3546,1.3068,2.0267,2.6413
3,19.9,48.7,0.3535,1.294,2.0303,2.659
3,19.9,48.7,0.3415,1.3103,2.0268,2.6273
3,19.9,48.7,0.3541,1.3167,2.0197,2.6195
3,19.9,48.7,0.3485,1.3192,2.0321,2.5951
3,19.9,48.7,0.3525,1.3102,2.0255,2.577
3,19.9,48.7,0.3564,1.309,2.0269,2.5917
3,19.9,48.7,0.3566,1.3027,2.031,2.6168
3,19.9,48.7,0.3536,1.2953,2.031,2.621
3,19.9,48.7,0.3605,1.3058,2.0374,2.6147
3,19.9,48.8,0.3523,1.3053,2.0309,2.5604
3,19.9,48.7,0.3513,1.3069,2.0359,2.5781
3,19.9,48.7,0.34,1.3035,2.0207,2.5713
3,19.9,48.7,0.3413,1.2929,2.0235,2.5529
3,19.9,48.7,0.3462,1.3002,2.0143,2.5522
3,19.9,48.7,0.3426,1.2924,2.0205,2.5905
3,19.9,48.7,0.352,1.2978,2.029,2.6149
3,19.9,48.7,0.3461,1.2936,2.0144,2.6228
3,19.9,48.7,0.3477,1.3014,2.0295,2.621
3,19.9,48.7,0.3514,1.2983,2.0227,2.6154
3,19.9,48.7,0.3505,1.3011,2.0247,2.6498
3,19.9,48.7,0.3672,1.3046,2.0236,2.6519
3,19.9,48.7,0.3678,1.3026,2.033,2.6514
3,19.9,48.7,0.3594,1.3114,2.0256,2.636
3,19.9,48.8,0.3621,1.322,2.031,2.6317
3,19.9,48.7,0.365,1.3358,2.0349,2.6249
3,19.9,48.7,0.3581,1.3402,2.0434,2.6428
3,19.9,48.8,0.3785,1.3465,2.0421,2.6628
3,19.9,48.7,0.37,1.348,2.0375,2.6398
3,19.9,48.8,0.3616,1.3475,2.0414,2.634
3,19.9,48.7,0.3564,1.3438,2.0399,2.5999
3,19.9,48.7,0.3552,1.3434,2.0334,2.571
3,19.9,48.7,0.3483,1.328,2.0317,2.5026
3,19.9,48.7,0.3382,1.3108,2.0176,2.5139
3,19.9,48.7,0.3413,1.3259,2.0181,2.5609
3,19.9,48.7,0.3464,1.3258,2.027,2.5487
3,20.0,48.7,0.3401,1.3173,2.02,2.5785
3,19.9,48.7,0.3518,1.3204,2.0133,2.5589
3,19.9,48.7,0.342,1.3168,2.0108,2.5959
3,19.9,48.7,0.3426,1.3094,2.0202,2.6106
3,19.9,48.7,0.3446,1.3148,2.0246,2.6184
3,19.9,48.7,0.3478,1.3152,2.0208,2.585
3,19.9,48.7,0.3438,1.3041,2.016,2.533
3,19.9,48.7,0.336,1.3,2.0097,2.5064
3,19.9,48.7,0.3321,1.2976,2.0107,2.4746
3,19.9,48.7,0.3259,1.3038,2.0069,2.5113
3,19.9,48.7,0.3158,1.2962,2.0116,2.4937
3,19.9,48.7,0.3205,1.2963,2.0107,2.4696
3,19.9,48.7,0.3169,1.291,2.0056,2.4804
3,19.9,48.6,0.3291,1.2922,2.0111,2.5536
3,20.0,48.7,0.341,1.2898,2.0207,2.6191
3,19.9,48.7,0.3519,1.295,2.0239,2.623
3,19.9,48.7,0.3471,1.2969,2.0236,2.6344
3,19.9,48.7,0.3461,1.2948,2.0291,2.6156
3,19.9,48.7,0.3468,1.284,2.0191,2.6029
3,19.9,48.7,0.347,1.3025,2.0141,2.5942
3,19.9,48.7,0.3516,1.2775,2.0206,2.6051
3,19.9,48.7,0.3482,1.2999,2.0307,2.6266
3,19.9,48.7,0.3471,1.3005,2.0163,2.6218
3,19.9,48.7,0.3397,1.3021,2.0238,2.6104
3,19.9,48.7,0.3417,1.2994,2.0207,2.579
3,19.9,48.7,0.3536,1.2895,2.0257,2.5145
3,19.9,48.7,0.3368,1.2928,2.0086,2.5362
3,19.9,48.7,0.3403,1.2894,2.0049,2.5198
3,19.9,48.7,0.3438,1.2756,2.009,2.5427
3,19.9,48.7,0.3313,1.2895,2.0083,2.5498
3,19.9,48.7,0.3388,1.2839,2.008,2.5949
3,19.9,48.7,0.3384,1.2881,2.0208,2.6082
3,19.9,48.7,0.3496,1.2951,2.0172,2.6221
3,19.9,48.7,0.353,1.305,2.0201,2.641
3,19.9,48.7,0.3603,1.2998,2.022,2.6331
3,19.9,48.7,0.3484,1.3011,2.0193,2.6457
3,19.9,48.7,0.3539,1.3138,2.0353,2.6461
3,19.9,48.8,0.3516,1.3102,2.0202,2.6666
3,19.9,48.7,0.3598,1.3235,2.0305,2.6654
3,19.9,48.8,0.3668,1.324,2.0485,2.6558
3,19.9,48.8,0.3595,1.3224,2.0326,2.6273
3,19.9,48.7,0.3625,1.3243,2.041,2.6237
3,19.9,48.8,0.3483,1.3224,2.0268,2.6102
3,19.9,48.7,0.3485,1.3231,2.0238,2.6185
3,19.9,48.7,0.3656,1.325,2.043,2.6577
3,19.9,48.8,0.3621,1.3382,2.0385,2.6391
3,19.9,48.8,0.3715,1.3623,2.0389,2.6449
3,19.9,48.8,0.3701,1.3783,2.0472,2.6755
3,19.9,48.8,0.3779,1.396,2.0576,2.6564
3,19.9,48.8,0.3691,1.3848,2.0728,2.6576
3,19.9,48.8,0.3739,1.3943,2.05,2.6491
3,19.9,48.8,0.3668,1.3859,2.0381,2.6469
3,19.9,48.7,0.3761,1.3806,2.0545,2.6459
3,19.9,48.7,0.3727,1.3707,2.0635,2.6311
3,19.9,48.8,0.3589,1.367,2.0371,2.6241
3,19.9,48.8,0.3687,1.3682,2.0595,2.6383
3,19.9,48.7,0.3748,1.383,2.0493,2.6691
3,19.9,48.8,0.3714,1.4123,2.0608,2.6724
3,19.9,48.8,0.3732,1.4087,2.0747,2.673
3,19.9,48.8,0.3804,1.4317,2.0709,2.6487
3,19.9,48.8,0.3766,1.4366,2.0616,2.6644
3,19.9,48.8,0.381,1.4429,2.0855,2.6764
3,19.9,48.8,0.3872,1.4412,2.085,2.6764
3,19.9,48.8,0.3757,1.4352,2.0781,2.6493
3,19.9,48.8,0.368,1.4329,2.0691,2.6336
3,19.9,48.8,0.3732,1.4189,2.0724,2.6307
3,19.9,48.8,0.3639,1.4057,2.065,2.6133
3,19.9,48.8,0.3671,1.3957,2.0582,2.6374
3,19.9,48.8,0.3591,1.4068,2.0542,2.6527
3,20.0,48.8,0.3747,1.4159,2.0556,2.6527
3,19.9,48.7,0.3666,1.4252,2.0538,2.6407
3,19.9,48.7,0.3646,1.4444,2.0611,2.6551
3,19.9,48.8,0.3683,1.4362,2.0615,2.6772
3,20.0,48.8,0.3758,1.4491,2.0644,2.6469
3,19.9,48.8,0.3663,1.4485,2.0687,2.6365
3,19.9,48.8,0.3648,1.4621,2.0673,2.6253
3,19.9,48.8,0.3707,1.4717,2.0698,2.6299
3,19.9,48.8,0.3695,1.4702,2.0561,2.6272
3,19.9,48.8,0.3732,1.4733,2.0607,2.6331
3,20.0,48.8,0.3698,1.4668,2.0629,2.6661
3,19.9,48.8,0.3813,1.4751,2.0703,2.6575
3,19.9,48.8,0.3752,1.4556,2.0655,2.6616
3,19.9,48.8,0.3646,1.4458,2.0751,2.6448
3,19.9,48.8,0.3757,1.4247,2.0612,2.6042
3,19.9,48.8,0.365,1.427,2.0588,2.5542
3,19.9,48.8,0.3599,1.4231,2.0402,2.5846
3,20.0,48.7,0.3726,1.4056,2.0546,2.571
3,19.9,48.8,0.3551,1.4001,2.0411,2.576
3,19.9,48.7,0.3459,1.4028,2.0437,2.5979
3,19.9,48.8,0.3494,1.3882,2.0422,2.5741
3,19.9,48.8,0.3483,1.3867,2.0351,2.6029
3,19.9,48.7,0.3633,1.3946,2.0414,2.6339
3,19.9,48.7,0.3663,1.3932,2.0313,2.6463
3,19.9,48.7,0.3706,1.3897,2.0511,2.6382
3,19.9,48.7,0.3464,1.3996,2.0466,2.6371
3,19.9,48.8,0.3712,1.4199,2.0372,2.6447
3,19.9,48.8,0.3736,1.4466,2.0631,2.6562
3,19.9,48.8,0.3671,1.4515,2.0704,2.6645
3,19.9,48.8,0.3827,1.4289,2.0733,2.6616
3,19.9,48.8,0.3764,1.442,2.0559,2.6342
3,19.9,48.8,0.3731,1.4318,2.0597,2.5936
3,19.9,48.8,0.3434,1.4279,2.0519,2.5821
3,19.9,48.8,0.351,1.4021,2.0513,2.6048
3,19.9,48.8,0.3538,1.4029,2.0389,2.6155
3,19.9,48.7,0.3679,1.4104,2.0417,2.654
3,19.9,48.8,0.3695,1.4169,2.0511,2.6673
3,19.9,48.7,0.3713,1.4259,2.0654,2.6575
3,20.0,48.8,0.3721,1.4398,2.0571,2.6645
3,19.9,48.8,0.3627,1.4428,2.0661,2.6478
3,20.0,48.8,0.3624,1.4454,2.0646,2.6576
3,19.9,48.8,0.3689,1.4513,2.0781,2.6568
3,19.9,48.8,0.3782,1.4471,2.0699,2.6557
3,19.9,48.8,0.3806,1.4651,2.0689,2.6565
3,19.9,48.8,0.3717,1.4494,2.0689,2.6456
3,19.9,48.8,0.3658,1.451,2.069,2.6266
3,19.9,48.7,0.3635,1.4436,2.0578,2.6401
3,19.9,48.8,0.3734,1.4353,2.0608,2.6187
3,19.9,48.8,0.37,1.4331,2.062,2.6223
3,19.9,48.7,0.3614,1.416,2.0507,2.5877
3,19.9,48.7,0.362,1.4122,2.062,2.5589
3,19.9,48.7,0.3572,1.4026,2.0482,2.5676
3,19.9,48.7,0.3431,1.3883,2.0471,2.5677
3,19.9,48.7,0.3418,1.3906,2.0403,2.6071
3,19.9,48.7,0.3503,1.386,2.0363,2.6335
3,19.9,48.7,0.3597,1.3938,2.0508,2.6231
3,19.9,48.7,0.358,1.3909,2.0634,2.6208
3,19.9,48.8,0.3498,1.3829,2.0467,2.5969
3,20.0,48.7,0.3454,1.385,2.0337,2.5911
3,19.9,48.7,0.3543,1.3678,2.0347,2.5608
3,20.0,48.7,0.3444,1.3713,2.0423,2.4878
3,19.9,48.7,0.3464,1.3629,2.0309,2.4771
3,19.9,48.7,0.3408,1.3578,2.02,2.52
3,19.9,48.7,0.3398,1.3467,2.0265,2.4735
3,20.0,48.7,0.3283,1.3512,2.0146,2.4854
3,20.0,48.7,0.3329,1.3343,2.0299,2.4633
3,19.9,48.7,0.3278,1.3361,2.0135,2.4666
3,20.0,48.7,0.3108,1.3319,2.0175,2.4691
3,19.9,48.7,0.3229,1.3246,2.0024,2.4309
3,19.9,48.7,0.3185,1.3264,2.0045,2.4546
3,19.9,48.7,0.3159,1.3242,1.9852,2.4872
3,20.0,48.7,0.3215,1.3218,2.0065,2.4841
3,20.0,48.7,0.3275,1.3225,1.9977,2.4938
3,19.9,48.7,0.3294,1.3238,1.994,2.5557
3,19.9,48.7,0.3311,1.324,1.9937,2.5598
3,20.0,48.7,0.3412,1.3226,1.9989,2.5878
3,20.0,48.7,0.3398,1.3239,1.9986,2.529
3,19.9,48.7,0.3554,1.3231,1.9987,2.5317
3,20.0,48.7,0.3247,1.3028,1.9971,2.4742
3,19.9,48.7,0.34,1.3068,1.9928,2.4752
3,19.9,48.7,0.32,1.3102,2.0036,2.4586
3,19.9,48.7,0.3198,1.3043,1.9985,2.4439
3,19.9,48.7,0.3131,1.3029,1.9932,2.4673
3,19.9,48.7,0.3195,1.3066,2.0014,2.5092
3,19.9,48.7,0.3261,1.3039,1.9953,2.4871
3,20.0,48.7,0.3335,1.3004,2.0114,2.5521
3,19.9,48.7,0.3314,1.2997,2.012,2.4746
3,19.9,48.7,0.328,1.3018,2.009,2.4742
3,19.9,48.7,0.3275,1.3098,2.0116,2.5408
3,20.0,48.7,0.3303,1.2979,1.9931,2.5966
3,19.9,48.7,0.3417,1.3044,2.0106,2.6159
3,20.0,48.7,0.3424,1.3027,2.0078,2.6071
3,20.0,48.7,0.3449,1.2969,2.0112,2.5789
3,19.9,48.7,0.3349,1.2947,2.0073,2.5285
3,19.9,48.7,0.3351,1.3101,2.0113,2.5612
3,20.0,48.7,0.3422,1.2946,2.0167,2.5964
3,19.9,48.7,0.3373,1.297,1.994,2.5917
3,19.9,48.7,0.3432,1.2993,2.0028,2.5704
3,20.0,48.7,0.3484,1.3043,1.9929,2.6236
3,19.9,48.7,0.3467,1.2987,2.0046,2.5879
3,19.9,48.7,0.3546,1.2975,2.0114,2.6348
3,19.9,48.7,0.3449,1.3077,2.0227,2.6056
3,20.0,48.7,0.3562,1.3025,2.0068,2.5754
3,19.9,48.7,0.3401,1.2974,2.011,2.5414
3,19.9,48.7,0.3403,1.2979,2.0123,2.4961
3,19.9,48.8,0.3444,1.2945,2.0033,2.5109
3,19.9,48.7,0.3288,1.2861,2.0067,2.4725
3,19.9,48.7,0.3372,1.2891,1.9892,2.4504
3,19.9,48.7,0.3312,1.2953,1.9852,2.4564
3,19.9,48.7,0.3284,1.2861,1.9885,2.5219
3,19.9,48.7,0.3279,1.2944,1.9931,2.5359
3,19.9,48.7,0.3346,1.2874,2.0008,2.5968
3,19.9,48.7,0.3555,1.2829,2.0,2.6328
3,19.9,48.8,0.343,1.2991,2.0081,2.6566
3,19.9,48.8,0.3582,1.3091,2.0362,2.6759
3,19.9,48.8,0.3526,1.3166,2.0413,2.6493
3,19.9,48.8,0.3493,1.2987,2.035,2.4983
3,19.9,48.8,0.3384,1.2977,2.0214,2.497
3,19.9,48.8,0.3448,1.3075,2.0167,2.5386
3,19.9,48.7,0.3431,1.3015,2.0014,2.5777
3,19.9,48.8,0.3327,1.3012,2.0108,2.6109
3,19.9,48.7,0.3453,1.3065,2.015,2.6272
3,19.9,48.8,0.3454,1.3095,2.0187,2.6085
3,19.9,48.7,0.3459,1.3079,2.0156,2.6091
3,19.9,48.8,0.3425,1.3035,2.0196,2.6279
3,19.9,48.8,0.3456,1.3084,2.0253,2.5916
3,19.9,48.8,0.35,1.3122,2.0167,2.5902
3,19.9,48.8,0.3535,1.3077,2.0085,2.5508
3,19.9,48.8,0.3456,1.2996,2.0058,2.5445
3,19.9,48.8,0.3426,1.3025,2.0092,2.5667
3,19.9,48.7,0.3492,1.302,2.0049,2.5816
3,19.9,48.8,0.3337,1.3026,2.0108,2.5524
3,19.9,48.7,0.3358,1.3082,2.0175,2.5121
3,19.9,48.7,0.3345,1.304,2.0102,2.5519
3,19.9,48.7,0.3411,1.3032,2.0159,2.5277
3,19.9,48.7,0.3472,1.292,2.0147,2.575
3,19.9,48.7,0.3354,1.296,2.0105,2.5953
3,19.9,48.8,0.3421,1.293,2.0094,2.5633
3,19.9,48.7,0.3403,1.2882,2.0091,2.5715
3,19.9,48.8,0.3384,1.2916,2.0074,2.5262
3,19.9,48.8,0.3348,1.2908,2.0141,2.4942
3,19.9,48.8,0.3413,1.2907,2.0035,2.5629
3,19.9,48.8,0.3376,1.296,1.9992,2.5283
3,19.9,48.7,0.3259,1.2889,2.0114,2.4593
3,19.9,48.8,0.3249,1.2831,2.0001,2.4579
3,19.9,48.8,0.3281,1.2861,2.0003,2.5172
3,19.9,48.8,0.3386,1.2904,2.0056,2.5996
3,19.9,48.8,0.3521,1.2911,2.0067,2.628
3,19.9,48.8,0.3474,1.3064,2.0201,2.663
3,19.9,48.8,0.3621,1.3227,2.03,2.6976
3,19.9,48.8,0.3553,1.3427,2.0432,2.6726
3,19.9,48.8,0.3744,1.3592,2.0481,2.6814
3,19.9,48.8,0.3752,1.3573,2.0461,2.6788
3,19.9,48.8,0.3732,1.357,2.0483,2.6645
3,19.9,48.8,0.3601,1.3588,2.0549,2.6387
3,19.9,48.8,0.3826,1.3487,2.0532,2.6129
3,19.9,48.8,0.3533,1.3522,2.0408,2.5973
3,19.9,48.8,0.345,1.3518,2.0467,2.5456
3,19.9,48.8,0.351,1.3283,2.0269,2.4492
3,19.9,48.8,0.3434,1.3372,2.0151,2.549
3,19.9,48.8,0.3508,1.3332,2.0118,2.6014
3,19.9,48.8,0.3543,1.3203,2.0321,2.6402
3,19.9,48.8,0.358,1.3613,2.0251,2.6787
3,19.9,48.8,0.362,1.3647,2.0533,2.6842
3,19.9,48.8,0.3659,1.3793,2.0484,2.6834
3,19.9,48.8,0.3719,1.377,2.0479,2.6581
3,19.9,48.8,0.364,1.3796,2.0504,2.6409
3,19.9,48.8,0.3691,1.3676,2.0484,2.6583
3,19.9,48.8,0.362,1.3576,2.0399,2.6121
3,19.9,48.8,0.357,1.3452,2.0518,2.5792
3,19.9,48.8,0.3685,1.3465,2.0401,2.5842
3,19.9,48.8,0.3458,1.3462,2.0441,2.5458
3,19.9,48.8,0.3496,1.3446,2.0325,2.5246
3,19.9,48.8,0.3357,1.3448,2.0304,2.5453
3,19.9,48.8,0.3453,1.3261,2.0166,2.5329
3,19.9,48.8,0.3554,1.3284,2.0148,2.5991
3,19.9,48.8,0.3471,1.3325,2.0082,2.5924
3,19.9,48.7,0.3527,1.3294,2.0233,2.6118
3,19.9,48.8,0.3539,1.3344,2.0337,2.6339
3,19.9,48.8,0.3548,1.3516,2.0355,2.6502
3,19.9,48.8,0.3602,1.3524,2.044,2.6581
3,19.9,48.8,0.3699,1.3617,2.0572,2.6722
3,19.9,48.8,0.3728,1.3634,2.0619,2.666
3,19.9,48.8,0.3717,1.3662,2.0469,2.6659
3,19.9,48.8,0.3629,1.3725,2.0534,2.6589
3,19.9,48.8,0.3626,1.366,2.0451,2.6397
3,19.9,48.8,0.372,1.3676,2.0537,2.6345
3,19.9,48.8,0.3705,1.3691,2.0517,2.6224
3,19.9,48.8,0.3589,1.3797,2.054,2.6439
3,19.9,48.8,0.3616,1.3692,2.0514,2.6368
3,19.9,48.8,0.3723,1.3669,2.0472,2.6524
3,19.9,48.8,0.3693,1.3808,2.0455,2.6495
3,19.9,48.8,0.3707,1.3777,2.0519,2.6595
3,19.9,48.8,0.3682,1.3819,2.0573,2.6604
3,19.9,48.8,0.3701,1.383,2.0627,2.6488
3,19.9,48.8,0.3671,1.3789,2.0613,2.6378
3,19.9,48.8,0.3711,1.3877,2.0575,2.6494
3,19.9,48.8,0.3774,1.3641,2.0468,2.631
3,19.9,48.8,0.3665,1.3823,2.0529,2.6195
3,19.9,48.8,0.3563,1.3709,2.0484,2.6189
3,19.9,48.8,0.3525,1.37,2.0457,2.5989
3,20.0,48.8,0.3657,1.3727,2.0431,2.6123
3,19.9,48.8,0.3651,1.3671,2.0464,2.6266
3,19.9,48.8,0.3761,1.3975,2.0454,2.6504
3,19.9,48.8,0.3754,1.3989,2.052,2.6455
3,19.9,48.8,0.3731,1.4089,2.0475,2.6375
3,19.9,48.8,0.3637,1.4303,2.067,2.6233
3,19.9,48.8,0.3633,1.413,2.0559,2.6258
3,19.9,48.8,0.364,1.398,2.0491,2.609
3,19.9,48.8,0.3655,1.4008,2.0511,2.6289
3,19.9,48.8,0.3691,1.3898,2.0555,2.6192
3,19.9,48.8,0.3644,1.3867,2.0466,2.6063
3,19.9,48.8,0.363,1.3831,2.047,2.5943
3,19.9,48.8,0.3651,1.3684,2.0351,2.5849
3,19.9,48.8,0.3531,1.3648,2.0424,2.5745
3,19.9,48.8,0.3656,1.3723,2.0363,2.5894
3,19.9,48.8,0.3601,1.3631,2.0229,2.5986
3,19.9,48.8,0.3589,1.3657,2.028,2.6168
3,19.9,48.8,0.3564,1.3599,2.0316,2.5636
3,19.9,48.8,0.3462,1.3508,2.0166,2.5585
3,19.9,48.8,0.3556,1.3571,2.0269,2.5091
3,19.9,48.8,0.3407,1.3362,2.0206,2.4764
3,19.9,48.7,0.3413,1.3331,2.0111,2.5485
3,19.9,48.8,0.3448,1.3392,2.0244,2.5478
3,19.9,48.8,0.3543,1.3357,2.0189,2.5707
3,19.9,48.8,0.3502,1.3213,2.02,2.5586
3,19.9,48.8,0.3386,1.3386,2.0255,2.6119
3,19.9,48.8,0.3484,1.3368,2.0256,2.6129
3,19.9,48.8,0.3481,1.3431,2.0292,2.6339
3,19.9,48.8,0.3569,1.3447,2.0375,2.6378
3,19.9,48.8,0.3566,1.3426,2.0503,2.6324
3,19.9,48.8,0.3565,1.3516,2.0302,2.6217
3,19.9,48.8,0.3595,1.3626,2.0263,2.6235
3,19.9,48.8,0.3525,1.3427,2.0235,2.5978
3,19.9,48.8,0.3489,1.3401,2.031,2.5884
3,19.9,48.8,0.3516,1.338,2.0267,2.5845
3,19.9,48.8,0.3546,1.3447,2.0252,2.5703
3,19.9,48.8,0.3464,1.3303,2.0122,2.5435
3,19.9,48.8,0.3376,1.3279,2.0038,2.4845
3,19.9,48.8,0.3416,1.332,2.006,2.5022
3,19.9,48.8,0.3475,1.3202,2.014,2.4477
3,19.9,48.8,0.3322,1.3102,2.0104,2.4379
3,19.9,48.8,0.3268,1.3008,2.0026,2.4281
3,19.9,48.8,0.3231,1.2952,2.0103,2.4366
3,19.9,48.8,0.3242,1.2959,1.9928,2.4513
3,19.9,48.8,0.3355,1.285,1.9946,2.4892
3,19.9,48.8,0.3204,1.3009,1.9956,2.5441
3,19.9,48.7,0.3324,1.3025,1.9927,2.5809
3,19.9,48.8,0.348,1.2959,1.9896,2.5442
4,19.9,49.0,0.379,1.4064,2.1187,2.5733
4,19.9,49.0,0.3789,1.4027,2.1308,2.5684
4,19.9,49.0,0.3817,1.4,2.131,2.5653
4,19.9,49.0,0.3789,1.3903,2.1152,2.5866
4,19.9,49.0,0.3754,1.404,2.1355,2.632
4,19.9,49.0,0.3875,1.4169,2.1481,2.6439
4,19.9,49.0,0.3829,1.406,2.1418,2.5951
4,19.9,49.0,0.3936,1.4103,2.1332,2.7147
4,19.9,49.0,0.412,1.416,2.1405,2.7129
4,19.9,49.0,0.4037,1.4321,2.1332,2.712
4,19.9,49.0,0.4226,1.4308,2.1424,2.7167
4,19.9,49.0,0.4222,1.4318,2.1355,2.7215
4,19.9,49.0,0.4173,1.431,2.1472,2.7108
4,19.9,49.1,0.4191,1.426,2.1373,2.669
4,19.9,49.0,0.4047,1.4197,2.138,2.6742
4,19.9,49.0,0.3853,1.4058,2.1198,2.5907
4,19.9,49.0,0.3831,1.4017,2.1209,2.6012
4,19.9,49.0,0.3769,1.3991,2.1243,2.5865
4,19.9,49.0,0.3795,1.3997,2.1211,2.6252
4,19.9,49.0,0.3719,1.4114,2.1335,2.6389
4,19.9,49.0,0.3875,1.4133,2.1188,2.6237
4,19.9,49.0,0.3891,1.4094,2.131,2.6051
4,19.9,49.0,0.3819,1.4018,2.1218,2.601
4,19.9,49.0,0.3853,1.4144,2.1362,2.5876
4,19.9,49.0,0.3826,1.4025,2.1342,2.6146
4,19.9,49.0,0.3745,1.3971,2.1294,2.5942
4,19.9,49.0,0.3863,1.3984,2.1279,2.6019
4,19.9,49.0,0.3915,1.3972,2.143,2.6218
4,19.9,49.0,0.3855,1.4026,2.1278,2.6149
4,19.9,49.0,0.3959,1.4092,2.1306,2.6585
4,19.9,49.0,0.3984,1.4023,2.1363,2.7165
4,19.9,49.0,0.3884,1.3999,2.1385,2.7022
4,19.9,49.0,0.4145,1.4037,2.1423,2.7015
4,19.9,49.1,0.4168,1.4025,2.1354,2.7029
4,19.9,49.0,0.4156,1.4116,2.1349,2.6571
4,19.9,49.0,0.4042,1.4011,2.1293,2.6041
4,19.9,49.0,0.3946,1.4024,2.1207,2.6665
4,19.9,49.0,0.4021,1.4085,2.1266,2.7134
4,19.9,49.0,0.4107,1.396,2.1273,2.7091
4,19.9,49.0,0.4126,1.4037,2.1276,2.7227
4,19.9,49.0,0.4287,1.4141,2.1617,2.7583
4,19.9,49.1,0.4311,1.4172,2.1401,2.7294
4,19.9,49.1,0.4226,1.4269,2.1503,2.7057
4,19.9,49.0,0.4148,1.4062,2.1496,2.6785
4,19.9,49.1,0.4202,1.4124,2.1599,2.6813
4,19.9,49.0,0.4157,1.4046,2.1554,2.6735
4,19.9,49.0,0.4181,1.4131,2.147,2.6836
4,19.9,49.0,0.4169,1.412,2.1477,2.6803
4,19.9,49.0,0.4065,1.4045,2.1477,2.6579
4,19.9,49.0,0.4179,1.414,2.1418,2.6906
4,19.9,49.0,0.3999,1.4002,2.14,2.7067
4,19.9,49.1,0.4158,1.42,2.143,2.7493
4,19.9,49.0,0.428,1.4285,2.1468,2.7462
4,19.9,49.0,0.4157,1.4225,2.1484,2.7236
4,19.9,49.0,0.429,1.4183,2.1629,2.7008
4,19.9,49.0,0.4091,1.4131,2.153,2.6312
4,19.9,49.0,0.3978,1.398,2.1568,2.567
4,19.9,49.0,0.3898,1.3992,2.1425,2.5378
4,19.9,49.0,0.3717,1.3934,2.1414,2.5394
4,19.9,49.0,0.3787,1.3825,2.12,2.5477
4,19.9,49.0,0.3651,1.3846,2.1231,2.5724
4,19.9,49.0,0.3893,1.3847,2.1141,2.6621
4,19.9,49.0,0.3945,1.381,2.1334,2.6956
4,19.9,49.0,0.4086,1.3885,2.1302,2.7044
4,19.9,49.0,0.416,1.3949,2.1404,2.6866
4,19.9,49.0,0.3968,1.3826,2.1185,2.6155
4,19.9,49.0,0.3994,1.3884,2.1185,2.5066
4,19.9,49.0,0.3855,1.3756,2.1106,2.5116
4,19.9,49.0,0.3739,1.3769,2.1086,2.5705
4,19.9,49.0,0.388,1.3769,2.1323,2.6228
4,19.9,49.0,0.3787,1.386,2.1163,2.5985
4,19.9,49.0,0.3754,1.3968,2.1341,2.5605
4,19.9,49.0,0.382,1.3907,2.1263,2.5748
4,19.9,49.0,0.3723,1.3852,2.1226,2.5753
4,19.9,49.0,0.366,1.3828,2.109,2.5427
4,19.9,49.0,0.3729,1.378,2.1121,2.5804
4,19.9,48.9,0.3668,1.389,2.1242,2.6198
4,19.9,49.0,0.3735,1.3823,2.1212,2.5978
4,19.9,49.0,0.3757,1.3732,2.1212,2.5346
4,19.9,49.0,0.3729,1.3744,2.1026,2.5967
4,19.9,48.9,0.3804,1.3861,2.1082,2.6555
4,19.9,48.9,0.387,1.3844,2.1084,2.7045
4,19.9,49.0,0.4003,1.3899,2.1179,2.7089
4,19.9,49.0,0.4045,1.3867,2.1333,2.7043
4,19.9,49.0,0.4188,1.3954,2.1243,2.7473
4,19.9,49.0,0.4236,1.3975,2.1364,2.7488
4,19.9,49.0,0.4266,1.4011,2.1427,2.6991
4,19.9,49.1,0.406,1.4002,2.1406,2.6308
4,19.9,49.0,0.3913,1.3981,2.1295,2.563
4,19.9,49.0,0.3855,1.3911,2.1276,2.5743
4,19.9,49.0,0.3783,1.3923,2.1364,2.6175
4,19.9,49.0,0.3792,1.3902,2.1305,2.5693
4,19.9,49.0,0.3758,1.3773,2.1348,2.5439
4,19.9,49.0,0.3615,1.3843,2.1245,2.5805
4,19.9,49.0,0.3745,1.3884,2.1176,2.6025
4,19.9,49.0,0.3824,1.3831,2.1245,2.6023
4,19.9,49.0,0.39,1.3855,2.1287,2.6997
4,19.9,49.0,0.404,1.3894,2.1286,2.7143
4,19.9,49.0,0.402,1.3831,2.138,2.709
4,19.9,49.0,0.3973,1.393,2.1367,2.6738
4,19.9,49.1,0.3929,1.3944,2.1418,2.613
4,19.9,49.0,0.3952,1.4024,2.134,2.6285
4,19.9,49.0,0.3953,1.3932,2.1381,2.6367
4,19.9,49.0,0.3911,1.3932,2.136,2.6217
4,19.9,49.0,0.3947,1.4045,2.1535,2.6502
4,19.9,49.0,0.3872,1.3975,2.1493,2.6457
4,19.9,49.0,0.3952,1.3933,2.1447,2.5784
4,19.9,49.0,0.3767,1.4044,2.137,2.5939
4,19.9,49.0,0.3823,1.4004,2.1469,2.6246
4,19.9,49.0,0.3769,1.3992,2.1315,2.5914
4,19.9,49.0,0.3733,1.4021,2.1288,2.6036
4,19.9,49.0,0.379,1.4048,2.1369,2.6084
4,19.9,49.0,0.3936,1.3907,2.1269,2.6092
4,19.9,49.0,0.381,1.3843,2.1289,2.626
4,19.9,49.0,0.3794,1.4034,2.1377,2.6277
4,19.9,49.0,0.3797,1.3869,2.1247,2.5968
4,19.9,49.0,0.3848,1.3928,2.1268,2.6308
4,19.9,49.0,0.377,1.3904,2.1275,2.628
4,19.9,49.0,0.3916,1.3849,2.125,2.6454
4,19.9,49.1,0.4003,1.3884,2.1226,2.6799
4,19.9,49.0,0.3839,1.3901,2.1215,2.6336
4,19.9,49.0,0.39,1.3892,2.1175,2.6789
4,19.9,49.0,0.395,1.3946,2.1246,2.6482
4,19.9,49.0,0.3955,1.3927,2.1194,2.6706
4,19.9,49.0,0.3869,1.3921,2.1249,2.6206
4,19.9,49.0,0.3925,1.3914,2.116,2.6282
4,19.9,49.0,0.3853,1.4002,2.1282,2.6231
4,19.9,49.0,0.3875,1.381,2.1349,2.6853
4,19.9,49.0,0.3947,1.3957,2.1246,2.7107
4,19.9,49.0,0.392,1.4055,2.1364,2.7058
4,19.9,49.0,0.4096,1.3959,2.1335,2.6866
4,19.9,49.0,0.4106,1.3951,2.1354,2.694
4,19.9,49.0,0.3996,1.3928,2.1376,2.6842
4,19.9,49.1,0.402,1.3892,2.1551,2.647
4,19.9,49.1,0.3932,1.3825,2.1424,2.6345
4,19.9,49.0,0.3973,1.3902,2.1282,2.6502
4,19.9,49.0,0.396,1.3949,2.1336,2.5946
4,19.9,49.0,0.3929,1.3885,2.1243,2.6303
4,19.9,49.0,0.3904,1.3939,2.1295,2.6434
4,19.9,49.0,0.3828,1.3936,2.1365,2.6609
4,19.9,49.0,0.4001,1.3862,2.1318,2.6499
4,19.9,49.0,0.3873,1.3797,2.1164,2.6182
4,19.9,49.0,0.3803,1.385,2.1171,2.6006
4,19.9,49.0,0.3862,1.3804,2.1124,2.6224
4,19.9,49.0,0.3934,1.3775,2.1129,2.6605
4,19.9,49.0,0.3873,1.3835,2.1162,2.6681
4,19.9,49.1,0.4027,1.38,2.1146,2.6906
4,19.9,49.0,0.3944,1.3819,2.1233,2.6905
4,19.8,49.0,0.409,1.3944,2.1206,2.6791
4,19.9,49.0,0.4093,1.3921,2.1206,2.7028
4,19.9,49.0,0.4074,1.381,2.1343,2.7002
4,19.9,49.0,0.4234,1.3975,2.1313,2.704
4,19.9,49.0,0.422,1.3887,2.1295,2.6966
4,19.9,49.1,0.4195,1.3977,2.1337,2.7008
4,19.9,49.0,0.424,1.3977,2.1259,2.707
4,19.9,49.0,0.4363,1.4151,2.144,2.7065
4,19.9,49.0,0.4298,1.414,2.1396,2.7038
4,19.9,49.1,0.4159,1.4162,2.1357,2.7092
4,19.9,49.0,0.4184,1.4141,2.1419,2.7086
4,19.9,49.0,0.434,1.4128,2.1403,2.707
4,19.9,49.0,0.4236,1.4198,2.1396,2.6865
4,19.9,49.0,0.4176,1.4203,2.1282,2.6793
4,19.9,49.0,0.4261,1.4093,2.1328,2.6554
4,19.9,49.0,0.4083,1.4133,2.1305,2.6402
4,19.9,49.0,0.3954,1.3953,2.1276,2.6095
4,19.9,49.0,0.4005,1.4004,2.1215,2.6198
4,19.9,49.0,0.3898,1.3968,2.1126,2.5704
4,19.9,49.0,0.3923,1.4003,2.1291,2.5965
4,19.9,49.0,0.3929,1.3951,2.1298,2.5779
4,19.9,49.0,0.3782,1.3907,2.12,2.6068
4,19.9,49.0,0.3762,1.3726,2.1204,2.5964
4,19.9,49.0,0.3867,1.3935,2.12,2.5966
4,19.9,49.0,0.3951,1.3843,2.1251,2.6186
4,19.9,49.0,0.3851,1.3867,2.1149,2.6492
4,19.9,49.0,0.402,1.398,2.1186,2.7148
4,19.9,49.0,0.4087,1.3951,2.1178,2.711
4,19.9,49.0,0.4128,1.3958,2.1162,2.6771
4,19.9,49.0,0.4051,1.4069,2.1181,2.6716
4,19.9,49.0,0.4163,1.3993,2.1254,2.6822
4,19.9,49.0,0.409,1.3951,2.1234,2.672
4,19.9,49.0,0.4054,1.3938,2.1156,2.6516
4,19.9,49.0,0.398,1.3819,2.1088,2.615
4,19.9,49.0,0.4054,1.3731,2.1041,2.6196
4,19.9,49.0,0.398,1.3807,2.0985,2.685
4,19.9,49.0,0.3999,1.3901,2.1089,2.6901
4,19.9,49.0,0.4182,1.3826,2.118,2.6535
4,19.9,49.0,0.4009,1.3757,2.1077,2.6292
4,19.9,49.0,0.3879,1.3821,2.1045,2.6307
4,19.9,49.0,0.3849,1.381,2.1048,2.6069
4,19.9,48.9,0.3877,1.3696,2.0916,2.6102
4,19.9,49.0,0.3877,1.3691,2.0888,2.6156
4,19.9,49.0,0.3832,1.372,2.093,2.6205
4,19.9,49.0,0.3826,1.3754,2.0966,2.6105
4,19.9,49.0,0.387,1.3753,2.086,2.5444
4,19.9,49.0,0.3749,1.3621,2.0935,2.5509
4,19.9,49.0,0.3613,1.3601,2.0948,2.5449
4,19.9,49.0,0.3677,1.3574,2.0809,2.5306
4,19.9,49.0,0.3502,1.356,2.0875,2.5395
4,19.9,49.0,0.3637,1.3561,2.0816,2.5363
4,19.9,49.0,0.3661,1.3432,2.0747,2.6151
4,19.9,48.9,0.3625,1.3538,2.0762,2.5852
4,19.9,49.0,0.3759,1.3474,2.0759,2.5885
4,19.9,49.0,0.3674,1.3466,2.0873,2.5464
4,19.9,49.0,0.3695,1.3518,2.0776,2.5412
4,19.9,49.0,0.3663,1.3515,2.0941,2.548
4,19.9,49.0,0.3747,1.3554,2.0967,2.62
4,19.9,49.0,0.3683,1.3634,2.0987,2.6435
4,19.9,49.0,0.3837,1.3699,2.106,2.603
4,19.9,49.0,0.383,1.3691,2.1056,2.5844
4,19.9,49.0,0.3757,1.3598,2.0942,2.5796
4,19.9,49.0,0.3798,1.3696,2.1034,2.5752
4,19.9,49.0,0.3652,1.3614,2.0943,2.6094
4,19.9,49.0,0.3722,1.3606,2.107,2.6136
4,19.9,49.0,0.3839,1.3604,2.1181,2.5995
4,19.8,49.0,0.3817,1.3584,2.107,2.5585
4,19.9,49.0,0.3659,1.3491,2.103,2.592
4,19.9,49.0,0.3813,1.3595,2.1013,2.559
4,19.9,49.0,0.3774,1.3518,2.1054,2.5416
4,19.9,49.0,0.3715,1.3439,2.0985,2.5535
4,19.9,49.0,0.3761,1.3523,2.1033,2.5744
4,19.9,49.0,0.368,1.3481,2.1017,2.5911
4,19.9,49.0,0.3683,1.3647,2.0938,2.5892
4,19.9,49.0,0.3712,1.3527,2.1007,2.5954
4,19.9,49.0,0.3625,1.3606,2.1115,2.6429
4,19.9,49.0,0.3848,1.3647,2.095,2.6821
4,19.9,49.0,0.3891,1.3632,2.1191,2.6602
4,19.9,49.0,0.3957,1.3562,2.1173,2.6412
4,19.9,49.0,0.3945,1.3779,2.1187,2.6488
4,19.9,49.1,0.3875,1.369,2.1162,2.5896
4,19.9,49.1,0.3818,1.3642,2.1283,2.6002
4,19.8,49.1,0.3727,1.3672,2.1087,2.5624
4,19.9,49.1,0.3641,1.3728,2.1088,2.589
4,19.9,49.0,0.3662,1.3644,2.1202,2.5786
4,19.9,49.0,0.3736,1.3728,2.1075,2.5857
4,19.8,49.0,0.3818,1.3633,2.1055,2.5699
4,19.9,49.1,0.3634,1.3696,2.1203,2.6201
4,19.9,49.0,0.3735,1.3531,2.1061,2.5669
4,19.9,49.0,0.3681,1.3701,2.1173,2.6783
4,19.9,49.0,0.3829,1.3893,2.1121,2.7164
4,19.9,49.1,0.3921,1.3993,2.1308,2.6896
4,19.9,49.1,0.3972,1.4047,2.1421,2.7175
4,19.9,49.1,0.3935,1.4035,2.1553,2.6718
4,19.9,49.1,0.3906,1.4044,2.1453,2.6573
4,19.9,49.1,0.3873,1.4078,2.1439,2.672
4,19.9,49.1,0.377,1.4206,2.1267,2.6805
4,19.9,49.0,0.3792,1.4192,2.134,2.5827
4,19.9,49.0,0.3662,1.4009,2.125,2.4848
4,19.9,49.0,0.3688,1.3989,2.1092,2.5474
4,19.9,49.0,0.3601,1.3872,2.1141,2.5436
4,19.9,49.0,0.3671,1.3941,2.1123,2.6086
4,19.9,49.0,0.3781,1.3886,2.124,2.6446
4,19.9,49.0,0.3834,1.4033,2.1271,2.6446
4,19.9,49.0,0.3876,1.3861,2.1473,2.6187
4,19.9,49.0,0.3958,1.4094,2.1441,2.6507
4,19.9,49.0,0.3804,1.3966,2.1218,2.5469
4,19.9,49.0,0.3844,1.3931,2.1299,2.6335
4,19.9,49.0,0.3918,1.3963,2.1361,2.6332
4,19.9,49.0,0.395,1.4071,2.1421,2.6395
4,19.9,49.0,0.3799,1.4053,2.1328,2.6211
4,19.9,49.0,0.3851,1.4165,2.131,2.6434
4,19.9,49.0,0.3806,1.4064,2.1411,2.5585
4,19.9,49.0,0.3822,1.4115,2.1409,2.6077
4,19.9,49.0,0.3786,1.4187,2.1297,2.6059
4,19.9,49.0,0.379,1.4091,2.1297,2.6714
4,19.9,49.0,0.3933,1.4076,2.1375,2.6998
4,19.9,49.0,0.4158,1.4065,2.1399,2.7323
4,19.9,49.0,0.4084,1.4178,2.1525,2.7455
4,19.9,49.0,0.415,1.4066,2.152,2.7338
4,19.9,49.0,0.4286,1.4205,2.1497,2.6969
4,19.9,49.0,0.4146,1.4049,2.1514,2.6452
4,19.9,49.0,0.3997,1.4122,2.142,2.5495
4,19.9,49.0,0.3793,1.4032,2.1241,2.4933
4,19.9,49.0,0.385,1.3879,2.1149,2.5594
4,19.9,49.0,0.3855,1.401,2.1334,2.6381
4,19.9,49.0,0.3923,1.4185,2.1399,2.6607
4,19.9,49.0,0.39,1.421,2.1341,2.6481
4,19.9,49.0,0.3951,1.412,2.1501,2.6894
4,19.9,49.0,0.4071,1.3988,2.1463,2.6724
4,19.9,49.0,0.4078,1.4201,2.1514,2.6518
4,19.9,49.0,0.3878,1.4038,2.1526,2.6635
4,19.9,49.0,0.4172,1.4128,2.1521,2.6969
4,19.9,49.0,0.4044,1.4139,2.1545,2.6818
4,19.9,49.0,0.4069,1.4113,2.1484,2.6746
4,19.9,49.1,0.3933,1.405,2.1511,2.6521
4,19.9,49.0,0.4016,1.4032,2.1401,2.6781
4,19.9,49.0,0.399,1.4018,2.1399,2.6682
4,19.9,49.0,0.3927,1.3879,2.1423,2.6648
4,19.9,49.0,0.3861,1.3891,2.1363,2.6533
4,19.9,49.0,0.3988,1.3861,2.1372,2.6338
4,19.9,49.0,0.4012,1.3822,2.1309,2.6658
4,19.9,49.0,0.4012,1.3968,2.133,2.6532
4,19.9,49.0,0.398,1.388,2.1094,2.6487
4,19.9,49.0,0.392,1.3855,2.1273,2.6355
4,19.9,49.0,0.3809,1.3872,2.1041,2.6351
4,19.9,49.0,0.3951,1.3708,2.1187,2.6522
4,19.9,49.0,0.3942,1.3846,2.1182,2.6429
4,19.9,49.0,0.3859,1.3824,2.112,2.6412
4,19.9,49.0,0.3999,1.377,2.1052,2.5996
4,19.9,49.0,0.389,1.3823,2.106,2.5743
4,19.9,49.0,0.3784,1.3723,2.1027,2.5618
4,19.9,49.0,0.3762,1.372,2.1101,2.5889
4,19.9,49.0,0.3862,1.3681,2.0998,2.6174
4,19.9,49.0,0.3866,1.3641,2.0944,2.6659
4,19.9,49.0,0.3854,1.3793,2.1116,2.6652
4,19.9,49.0,0.3903,1.3838,2.1123,2.661
4,19.9,49.0,0.3993,1.3869,2.1111,2.6868
4,19.9,49.1,0.3963,1.3771,2.1151,2.6836
4,19.9,49.1,0.4156,1.3918,2.1191,2.6976
4,19.9,49.1,0.4073,1.3899,2.1255,2.7031
4,19.9,49.1,0.4165,1.3931,2.1264,2.7052
4,19.9,49.1,0.4178,1.391,2.1249,2.7081
4,19.9,49.1,0.4155,1.3948,2.1375,2.652
4,19.9,49.1,0.4009,1.3843,2.132,2.6257
4,19.8,49.1,0.3893,1.3954,2.1396,2.6565
4,19.8,49.0,0.3963,1.398,2.1281,2.6514
4,19.8,49.0,0.4071,1.3838,2.1341,2.6361
4,19.9,49.0,0.4048,1.3917,2.1198,2.6197
4,19.9,49.0,0.3929,1.3805,2.1202,2.6162
4,19.9,49.1,0.3951,1.3857,2.1219,2.5862
4,19.9,49.0,0.3856,1.3819,2.1385,2.5738
4,19.8,49.0,0.3899,1.386,2.1279,2.5785
4,19.8,49.1,0.3795,1.379,2.1039,2.5746
4,19.9,49.0,0.3779,1.3696,2.1215,2.5632
4,19.9,49.0,0.3755,1.3772,2.113,2.5803
4,19.9,49.0,0.3796,1.372,2.1143,2.5913
4,19.9,49.0,0.3679,1.3742,2.1037,2.5395
4,19.9,49.0,0.3603,1.3665,2.1006,2.5777
4,19.8,49.0,0.364,1.3741,2.1068,2.5619
4,19.9,49.0,0.3633,1.3551,2.1056,2.583
4,19.9,49.0,0.3785,1.3731,2.1104,2.6172
4,19.9,49.0,0.383,1.3756,2.1113,2.6218
4,19.9,49.0,0.3632,1.365,2.1115,2.5894
4,19.9,49.0,0.3733,1.3694,2.0986,2.5474
4,19.9,49.0,0.3726,1.36,2.1031,2.4996
4,19.9,49.0,0.3717,1.3674,2.1022,2.5339
4,19.9,49.0,0.3671,1.365,2.1089,2.5813
4,19.9,49.0,0.3636,1.3736,2.1069,2.5493
4,19.8,49.0,0.3693,1.3721,2.0965,2.5604
4,19.9,49.0,0.3573,1.3639,2.1096,2.5638
4,19.9,49.0,0.36,1.3635,2.0985,2.5607
4,19.9,49.0,0.3604,1.3636,2.0935,2.5585
4,19.8,49.0,0.3577,1.3643,2.0971,2.5866
4,19.8,49.0,0.3592,1.3628,2.1001,2.5189
4,19.9,49.0,0.3619,1.357,2.1045,2.5496
4,19.9,49.0,0.3597,1.3608,2.106,2.5388
4,19.9,49.0,0.3681,1.3509,2.1092,2.5475
4,19.8,49.0,0.3573,1.3558,2.0898,2.5274
4,19.9,49.0,0.3465,1.3539,2.0859,2.4819
4,19.9,49.0,0.367,1.3506,2.0968,2.5968
4,19.9,49.0,0.3537,1.3498,2.0921,2.6128
4,19.9,49.0,0.3724,1.3692,2.0994,2.6164
4,19.9,49.0,0.3634,1.3679,2.0963,2.6154
4,19.9,49.0,0.3712,1.3818,2.1191,2.7145
4,19.9,49.1,0.3899,1.4089,2.1379,2.7283
4,19.9,49.1,0.3899,1.4008,2.1293,2.6971
4,19.9,49.1,0.3909,1.4023,2.1385,2.5759
4,19.9,49.0,0.3828,1.3948,2.1116,2.5819
4,19.9,49.0,0.3844,1.3765,2.1206,2.6078
4,19.9,49.0,0.3816,1.384,2.128,2.6422
4,19.9,49.0,0.3928,1.3924,2.1184,2.6315
4,19.9,49.0,0.3924,1.3892,2.1291,2.6434
4,19.9,49.0,0.3908,1.3955,2.1225,2.6646
4,19.9,49.0,0.3865,1.3948,2.1177,2.6413
4,19.9,49.0,0.3831,1.382,2.1072,2.6111
4,19.9,49.0,0.388,1.3814,2.1112,2.6385
4,19.9,49.0,0.3832,1.3752,2.1058,2.6498
4,19.9,49.0,0.4108,1.3691,2.1205,2.6926
4,19.9,49.0,0.4096,1.389,2.1263,2.7219
4,19.9,49.0,0.4186,1.3935,2.1289,2.7443
4,19.9,49.1,0.4219,1.4015,2.1326,2.7284
4,19.9,49.0,0.4139,1.4001,2.1384,2.7162
4,19.9,49.1,0.4179,1.3969,2.1406,2.6769
4,19.9,49.1,0.407,1.3977,2.1425,2.691
4,19.9,49.0,0.4262,1.3895,2.1421,2.6905
4,19.9,49.0,0.4084,1.3933,2.1438,2.6924
4,19.9,49.1,0.4027,1.4027,2.1296,2.6894
4,19.9,49.1,0.4192,1.3904,2.1462,2.655
4,19.9,49.0,0.422,1.3857,2.1326,2.6377
4,19.9,49.1,0.4048,1.3916,2.1334,2.6544
4,19.9,49.0,0.3981,1.3822,2.1433,2.612
4,19.9,49.1,0.3961,1.3884,2.1324,2.6587
4,19.9,49.1,0.3869,1.3948,2.1394,2.6245
4,19.9,49.1,0.3911,1.3922,2.1301,2.6535
4,19.9,49.1,0.3839,1.3932,2.1434,2.6767
4,19.9,49.1,0.3963,1.396,2.1356,2.6856
4,19.9,49.0,0.4012,1.39,2.1396,2.6852
4,19.9,49.1,0.3967,1.3936,2.1249,2.6784
4,19.9,49.1,0.4075,1.407,2.1452,2.6928
4,19.9,49.1,0.4067,1.3886,2.1409,2.6474
4,19.9,49.1,0.4007,1.3917,2.1379,2.5952
4,19.9,49.1,0.3996,1.401,2.1449,2.6392
4,19.9,49.1,0.4046,1.4061,2.1445,2.6314
4,19.9,49.1,0.3919,1.4011,2.1464,2.6364
4,19.9,49.1,0.3883,1.3965,2.1488,2.6234
4,19.9,49.1,0.3878,1.3985,2.1535,2.6476
4,19.9,49.1,0.3988,1.4019,2.1553,2.657
4,19.9,49.1,0.4025,1.3935,2.1544,2.6691
4,19.9,49.1,0.3967,1.4062,2.149,2.6806
4,19.9,49.1,0.4057,1.408,2.1431,2.6943
4,19.9,49.1,0.3979,1.4029,2.1446,2.6473
4,19.9,49.1,0.4028,1.3844,2.1524,2.6572
4,19.9,49.1,0.3959,1.4099,2.163,2.6768
4,19.9,49.1,0.4034,1.4029,2.164,2.6244
4,19.9,49.1,0.3846,1.4223,2.1514,2.5738
4,19.9,49.1,0.3947,1.4135,2.1435,2.5888
4,19.9,49.1,0.3904,1.4041,2.1351,2.5858
4,19.9,49.1,0.3801,1.4089,2.1406,2.5701
4,19.9,49.1,0.3911,1.4028,2.1421,2.6344
4,19.9,49.1,0.3954,1.4165,2.1437,2.6465
4,19.9,49.1,0.3923,1.3976,2.1495,2.6181
4,19.9,49.1,0.3916,1.4121,2.1414,2.6709
4,19.8,49.1,0.3862,1.4141,2.1351,2.6607
4,19.9,49.1,0.3927,1.4016,2.1451,2.6215
4,19.9,49.1,0.3833,1.3867,2.1331,2.5917
4,19.9,49.1,0.3811,1.3918,2.1257,2.5644
4,19.9,49.1,0.3669,1.4004,2.1327,2.6021
4,19.9,49.1,0.3679,1.4012,2.1286,2.5298
4,19.9,49.1,0.3713,1.394,2.1162,2.5225
4,19.9,49.1,0.3715,1.382,2.1195,2.5542
4,19.9,49.0,0.3689,1.3945,2.1216,2.5583
4,19.9,49.1,0.3651,1.3896,2.1257,2.5527
4,19.9,49.0,0.3678,1.3785,2.1095,2.5584
4,19.8,49.0,0.3738,1.3824,2.1197,2.5719
4,19.9,49.0,0.3698,1.3788,2.1158,2.6059
4,19.9,49.1,0.3752,1.378,2.1209,2.633
4,19.9,49.1,0.387,1.3975,2.1234,2.652
4,19.9,49.1,0.3881,1.3853,2.1372,2.6557
4,19.9,49.1,0.3867,1.3897,2.1393,2.6762
4,19.9,49.1,0.4092,1.3809,2.1307,2.693
4,19.9,49.1,0.412,1.3946,2.1216,2.7037
4,19.9,49.1,0.4071,1.4024,2.1369,2.702
4,19.8,49.1,0.4095,1.3924,2.1364,2.6581
4,19.9,49.1,0.3987,1.389,2.1302,2.6433
4,19.9,49.1,0.3986,1.3896,2.1296,2.6396
4,19.9,49.1,0.3948,1.3933,2.1164,2.6569
4,19.9,49.1,0.4068,1.3862,2.1236,2.6783
4,19.9,49.1,0.4128,1.4008,2.1277,2.6864
4,19.9,49.1,0.4079,1.395,2.1274,2.648
4,19.9,49.1,0.4079,1.4005,2.1227,2.6451
4,19.9,49.1,0.4109,1.4019,2.1219,2.6652
4,19.9,49.1,0.4156,1.4086,2.1146,2.6947
4,19.9,49.0,0.4118,1.3994,2.1229,2.7098
4,19.9,49.1,0.4338,1.4302,2.1412,2.7467
4,19.9,49.1,0.4324,1.4196,2.1499,2.7522
4,19.9,49.1,0.4272,1.4271,2.1439,2.7027
4,19.9,49.1,0.4101,1.4156,2.1526,2.6759
4,19.9,49.1,0.4087,1.4032,2.1406,2.6064
4,19.9,49.1,0.3994,1.4085,2.1348,2.5859
4,19.9,49.1,0.3949,1.4053,2.1269,2.6065
4,19.9,49.1,0.4016,1.3949,2.1133,2.6432
4,19.9,49.0,0.3922,1.3985,2.1201,2.6775
4,19.8,49.1,0.409,1.4189,2.1311,2.684
4,19.9,49.1,0.4144,1.4007,2.134,2.6872
4,19.9,49.1,0.4111,1.4067,2.1307,2.6853
4,19.9,49.1,0.4098,1.4134,2.1311,2.6793
4,19.9,49.1,0.4132,1.4044,2.1353,2.7019
4,19.9,49.1,0.4312,1.4135,2.1601,2.7179
4,19.9,49.1,0.4324,1.4097,2.1462,2.7151
4,19.9,49.1,0.4361,1.4083,2.1387,2.699
4,19.9,49.1,0.4159,1.4148,2.1535,2.6727
4,19.9,49.1,0.415,1.4133,2.1337,2.6654
4,19.9,49.1,0.4084,1.407,2.1433,2.6748
4,19.9,49.1,0.4235,1.4109,2.1397,2.6766
4,19.9,49.1,0.4197,1.4132,2.1349,2.6761
4,19.9,49.1,0.4189,1.4105,2.1276,2.6629
4,19.9,49.1,0.4195,1.4115,2.1334,2.6673
4,19.9,49.0,0.4219,1.4051,2.1362,2.6804
4,19.9,49.0,0.4148,1.404,2.1256,2.7038
4,19.9,49.0,0.4236,1.4068,2.1305,2.6739
4,19.9,49.1,0.4165,1.4088,2.1357,2.6768
4,19.9,49.1,0.4274,1.4186,2.1297,2.6669
4,19.9,49.0,0.4213,1.402,2.1251,2.685
4,19.9,49.1,0.4161,1.4086,2.1267,2.6874
4,19.9,49.0,0.4137,1.4108,2.1288,2.6742
4,19.9,49.1,0.4097,1.403,2.1172,2.6602
4,19.9,49.0,0.4101,1.4023,2.1149,2.6528
4,19.9,49.0,0.4122,1.4049,2.1203,2.6653
4,19.9,49.0,0.4104,1.3973,2.1188,2.647
4,19.9,49.0,0.4012,1.384,2.1177,2.6575
4,19.9,49.0,0.4162,1.3991,2.1286,2.679
4,19.9,49.0,0.4224,1.4148,2.1238,2.6897
4,19.9,49.0,0.4158,1.4115,2.1331,2.7166
4,19.9,49.1,0.4153,1.4065,2.1203,2.6752
4,19.9,49.1,0.4109,1.4144,2.1431,2.6734
4,19.9,49.1,0.4052,1.391,2.1326,2.628
4,19.9,49.1,0.4022,1.3991,2.1332,2.6296
4,19.9,49.1,0.4038,1.3968,2.1168,2.6346
4,19.9,49.1,0.392,1.3996,2.1293,2.6179
4,19.9,49.0,0.3984,1.3858,2.1341,2.6237
4,19.9,49.0,0.3875,1.3903,2.1322,2.6207
4,19.9,49.0,0.3977,1.3817,2.1184,2.6045
4,19.9,49.0,0.3899,1.3849,2.1124,2.647
4,19.9,49.1,0.3846,1.3934,2.134,2.6047
4,19.9,49.0,0.3801,1.3896,2.1162,2.5686
4,19.8,49.1,0.3754,1.3861,2.1026,2.5498
4,19.8,49.0,0.37,1.378,2.1131,2.5466
4,19.9,49.0,0.3829,1.3709,2.1178,2.5564
4,19.9,49.0,0.3707,1.3666,2.1099,2.5373
4,19.9,49.0,0.3703,1.3669,2.1036,2.5605
4,19.9,49.0,0.3715,1.3746,2.1111,2.5259
4,19.9,49.1,0.3802,1.3693,2.1124,2.5399
4,19.9,49.0,0.3668,1.3794,2.0973,2.5612
4,19.9,49.0,0.3667,1.361,2.0951,2.6077
4,19.9,49.0,0.3762,1.3663,2.1122,2.6266
4,19.9,49.1,0.3781,1.3563,2.1123,2.6602
4,19.9,49.0,0.3745,1.3722,2.1236,2.6142
4,19.8,49.1,0.3814,1.3745,2.1256,2.5958
4,19.9,49.1,0.3774,1.3637,2.1134,2.5844
4,19.9,49.1,0.3762,1.3734,2.1114,2.5672
4,19.9,49.1,0.3667,1.3681,2.1079,2.5491
4,19.9,49.1,0.3833,1.3591,2.1133,2.5742
4,19.9,49.1,0.3766,1.3623,2.1123,2.6313
4,19.9,49.1,0.3805,1.37,2.1114,2.6054
4,19.9,49.1,0.3748,1.3781,2.1124,2.5951
4,19.8,49.0,0.3807,1.3684,2.1085,2.5705
4,19.8,49.0,0.379,1.3589,2.0991,2.5746
4,19.8,49.0,0.3753,1.3551,2.0931,2.573
4,19.8,49.0,0.3876,1.3593,2.0967,2.5939
4,19.9,49.0,0.3757,1.3581,2.1012,2.6461
4,19.9,49.1,0.3921,1.3587,2.1097,2.6626
4,19.8,49.1,0.3892,1.3675,2.1126,2.6796
4,19.9,49.1,0.3969,1.3724,2.1119,2.6511
4,19.8,49.1,0.3917,1.3784,2.1151,2.6358
4,19.9,49.1,0.3905,1.3675,2.1148,2.6425
4,19.9,49.1,0.3872,1.3666,2.1231,2.6496
4,19.8,49.1,0.3961,1.3747,2.1273,2.6377
4,19.9,49.1,0.3866,1.3558,2.1035,2.6195
4,19.8,49.1,0.3926,1.3668,2.1099,2.6422
4,19.8,49.1,0.3897,1.3627,2.1155,2.6022
4,19.9,49.1,0.3771,1.3556,2.1051,2.5741
4,19.8,49.1,0.3833,1.3511,2.1095,2.5811
4,19.9,49.1,0.3806,1.3533,2.1111,2.5942
4,19.8,49.1,0.3919,1.353,2.1106,2.6062
4,19.9,49.1,0.3832,1.3716,2.1099,2.6208
4,19.8,49.1,0.3847,1.3624,2.0962,2.6539
4,19.8,49.1,0.3743,1.3592,2.104,2.6447
4,19.8,49.1,0.4031,1.3709,2.1075,2.6721
4,19.8,49.1,0.3995,1.3754,2.1102,2.679
4,19.8,49.1,0.4118,1.3693,2.1056,2.6964
4,19.9,49.1,0.4056,1.381,2.1179,2.6704
4,19.9,49.1,0.3965,1.3671,2.1144,2.6323
4,19.9,49.1,0.3881,1.3637,2.112,2.6239
4,19.8,49.1,0.3996,1.3743,2.1112,2.5751
4,19.8,49.1,0.371,1.3601,2.1145,2.5879
4,19.9,49.1,0.3858,1.3591,2.1142,2.5899
4,19.8,49.1,0.375,1.363,2.1049,2.5943
4,19.8,49.1,0.3806,1.3664,2.1049,2.577
4,19.8,49.1,0.3845,1.3692,2.1103,2.5593
4,19.9,49.1,0.3647,1.3554,2.1104,2.5641
4,19.8,49.1,0.384,1.3607,2.1156,2.5767
4,19.8,49.1,0.3828,1.3578,2.1149,2.5865
4,19.8,49.1,0.3771,1.3538,2.1079,2.6185
4,19.9,49.1,0.3795,1.361,2.1077,2.5677
4,19.8,49.1,0.3759,1.3514,2.0941,2.5953
4,19.8,49.1,0.3762,1.3535,2.1042,2.5683
4,19.8,49.1,0.3704,1.3661,2.1003,2.5508
4,19.8,49.1,0.367,1.3569,2.1064,2.5532
4,19.8,49.1,0.3646,1.3629,2.0956,2.5403
4,19.8,49.1,0.3652,1.3668,2.1029,2.5802
4,19.9,49.1,0.3708,1.3589,2.1071,2.5407
4,19.8,49.1,0.3778,1.3584,2.0977,2.5828
4,19.9,49.1,0.3715,1.3506,2.0943,2.5334
4,19.8,49.1,0.3574,1.3487,2.0953,2.5498
4,19.9,49.1,0.3748,1.3606,2.1068,2.6338
4,19.8,49.1,0.3716,1.3685,2.096,2.6088
4,19.8,49.1,0.3711,1.3664,2.0953,2.5811
4,19.8,49.0,0.3674,1.3694,2.1008,2.5892
4,19.8,49.1,0.3646,1.3661,2.1087,2.5992
4,19.8,49.1,0.38,1.3741,2.1092,2.6543
4,19.9,49.1,0.3855,1.3777,2.1088,2.6264
4,19.9,49.1,0.3777,1.3764,2.1058,2.6175
4,19.8,49.1,0.3858,1.3743,2.1065,2.6178
4,19.9,49.1,0.3733,1.3824,2.1139,2.6193
4,19.9,49.1,0.3809,1.3655,2.105,2.6167
4,19.8,49.1,0.3905,1.3746,2.1081,2.6626
4,19.8,49.1,0.3978,1.3748,2.1043,2.6577
4,19.9,49.1,0.408,1.3694,2.1112,2.6742
4,19.8,49.1,0.403,1.3796,2.1191,2.6858
4,19.8,49.1,0.4004,1.3884,2.115,2.6864
4,19.8,49.1,0.4035,1.3755,2.115,2.6358
4,19.8,49.1,0.4038,1.3804,2.1127,2.6875
4,19.8,49.1,0.4094,1.3836,2.1263,2.7138
4,19.8,49.1,0.416,1.3827,2.1249,2.7068
4,19.8,49.1,0.4192,1.3948,2.1251,2.7165
4,19.8,49.1,0.4076,1.3911,2.1295,2.6965
4,19.8,49.1,0.4125,1.3889,2.1283,2.6826
4,19.8,49.1,0.4126,1.3853,2.135,2.6551
4,19.9,49.1,0.4135,1.3917,2.121,2.6119
4,19.9,49.1,0.4044,1.382,2.1126,2.6038
4,19.8,49.1,0.3934,1.3814,2.1056,2.5847
4,19.8,49.1,0.379,1.3778,2.0999,2.5309
4,19.9,49.1,0.3896,1.3769,2.1029,2.5263
4,19.8,49.1,0.3787,1.3665,2.0977,2.5534
4,19.8,49.1,0.3795,1.3677,2.1137,2.6487
4,19.8,49.1,0.3989,1.3788,2.1098,2.6501
4,19.8,49.1,0.3974,1.3718,2.1056,2.6724
4,19.8,49.1,0.4096,1.3876,2.127,2.7106
4,19.8,49.1,0.4116,1.3903,2.1189,2.712
4,19.8,49.1,0.4183,1.3821,2.1266,2.7076
4,19.8,49.1,0.4174,1.4019,2.1416,2.7073
4,19.8,49.1,0.4157,1.3998,2.1209,2.6763
4,19.8,49.1,0.4233,1.3919,2.1378,2.686
4,19.9,49.1,0.4145,1.387,2.1215,2.6403
4,19.8,49.1,0.3957,1.3914,2.1309,2.5585
4,19.8,49.1,0.3827,1.3809,2.1231,2.5423
4,19.8,49.1,0.3815,1.3853,2.1204,2.5305
4,19.8,49.1,0.3767,1.3739,2.1233,2.6179
4,19.8,49.1,0.3846,1.3865,2.1139,2.6054
4,19.8,49.1,0.3932,1.3968,2.1296,2.725
4,19.9,49.1,0.4112,1.4142,2.1244,2.6415
4,19.8,49.1,0.3891,1.4059,2.1362,2.6187
4,19.8,49.1,0.3807,1.3961,2.1309,2.5541
4,19.8,49.1,0.3793,1.3941,2.1147,2.5447
4,19.9,49.1,0.3807,1.3932,2.1099,2.5748
4,19.8,49.1,0.3821,1.3901,2.1118,2.592
4,19.8,49.1,0.3851,1.3841,2.1189,2.588
4,19.9,49.1,0.3873,1.3871,2.1065,2.6068
4,19.8,49.1,0.3808,1.3838,2.108,2.6231
4,19.8,49.1,0.3845,1.3818,2.1086,2.6227
4,19.9,49.1,0.3844,1.3763,2.1094,2.6402
4,19.8,49.1,0.388,1.3791,2.1027,2.611
4,19.8,49.1,0.384,1.3846,2.1183,2.5864
4,19.8,49.1,0.3793,1.3708,2.098,2.5413
4,19.8,49.1,0.3686,1.3778,2.1013,2.5153
4,19.9,49.1,0.3642,1.3689,2.0983,2.4898
4,19.8,49.1,0.3669,1.3745,2.0968,2.5616
4,19.8,49.1,0.3585,1.3529,2.0897,2.5564
4,19.8,49.1,0.371,1.364,2.0877,2.5898
4,19.8,49.1,0.3842,1.3543,2.0975,2.6063
4,19.8,49.1,0.3732,1.3657,2.1003,2.6278
4,19.8,49.1,0.3812,1.3554,2.0992,2.5612
4,19.8,49.1,0.3746,1.3568,2.0978,2.5545
4,19.9,49.1,0.3618,1.3685,2.0949,2.5393
4,19.8,49.1,0.3685,1.3596,2.1049,2.5427
4,19.8,49.1,0.3712,1.3555,2.0939,2.5447
4,19.8,49.1,0.366,1.3519,2.0984,2.5543
4,19.8,49.1,0.3692,1.3599,2.1033,2.5592
4,19.8,49.1,0.3743,1.3591,2.0996,2.5574
4,19.8,49.1,0.371,1.3458,2.0985,2.5665
4,19.8,49.1,0.369,1.3514,2.1052,2.5284
4,19.8,49.1,0.3629,1.3569,2.0911,2.5816
4,19.8,49.1,0.3749,1.3642,2.1063,2.6399
4,19.8,49.1,0.3648,1.3707,2.0954,2.6588
4,19.9,49.1,0.3657,1.3679,2.1018,2.5799
4,19.8,49.1,0.3705,1.3672,2.1173,2.5475
4,19.9,49.1,0.3658,1.3682,2.096,2.533
4,19.8,49.1,0.3653,1.3589,2.0964,2.5724
4,19.9,49.1,0.3754,1.3672,2.104,2.5328
4,19.9,49.1,0.3686,1.3674,2.1015,2.5992
4,19.9,49.1,0.3648,1.359,2.0917,2.5495
4,19.9,49.1,0.3645,1.3385,2.1004,2.5713
4,19.9,49.1,0.3797,1.3587,2.1051,2.5187
4,19.9,49.1,0.3536,1.355,2.0874,2.5515
4,19.9,49.1,0.3601,1.3501,2.0887,2.5227
4,19.9,49.0,0.3596,1.3468,2.0923,2.5265
4,19.9,49.0,0.3594,1.3501,2.0938,2.5248
4,19.8,49.1,0.3624,1.3575,2.0927,2.5318
4,19.9,49.1,0.3749,1.3545,2.0924,2.5608
4,19.9,49.0,0.3727,1.3441,2.1012,2.5962
4,19.9,49.0,0.3514,1.3506,2.0931,2.5314
4,19.9,49.0,0.3577,1.3444,2.0821,2.5411
4,19.9,49.0,0.3704,1.3611,2.0871,2.5757
4,19.9,49.1,0.3516,1.3556,2.0919,2.4628
4,19.9,49.0,0.3473,1.3444,2.0877,2.459
4,19.9,49.0,0.3545,1.3419,2.0771,2.4814
4,19.8,49.0,0.3477,1.3344,2.081,2.5113
4,19.9,49.0,0.3562,1.3374,2.0793,2.5268
4,19.9,49.0,0.3535,1.3484,2.0842,2.5552
4,19.9,49.0,0.3649,1.3526,2.0892,2.655
4,19.8,49.1,0.3738,1.3629,2.0858,2.6344
4,19.9,49.1,0.3846,1.373,2.1146,2.696
4,19.9,49.1,0.3884,1.3844,2.1312,2.7081
4,19.9,49.1,0.3886,1.3894,2.1268,2.689
4,19.9,49.1,0.3839,1.401,2.1317,2.6217
4,19.9,49.1,0.3917,1.389,2.1156,2.6296
4,19.9,49.1,0.3857,1.3851,2.1192,2.6492
4,19.9,49.0,0.3861,1.375,2.101,2.6172
4,19.9,49.1,0.393,1.3875,2.1044,2.6248
4,19.9,49.0,0.3788,1.3655,2.1005,2.5747
4,19.9,49.0,0.3909,1.3713,2.1015,2.5131
4,19.9,49.0,0.3829,1.3783,2.1042,2.6188
4,19.9,49.1,0.3792,1.3823,2.1103,2.6103
4,19.9,49.1,0.3793,1.4012,2.1124,2.5674
4,19.9,49.1,0.382,1.3828,2.1077,2.6311
4,19.9,49.1,0.3806,1.387,2.1066,2.6206
4,19.9,49.1,0.3876,1.3934,2.1059,2.5365
4,19.9,49.0,0.3698,1.3882,2.0969,2.6005
4,19.9,49.0,0.3771,1.3787,2.0988,2.6255
4,19.9,49.0,0.391,1.3865,2.1127,2.5353
4,19.9,49.1,0.3731,1.3872,2.1154,2.5162
4,19.9,49.1,0.3632,1.3764,2.1068,2.5347
4,19.9,49.0,0.3701,1.3859,2.0983,2.5233
4,19.9,49.0,0.3652,1.377,2.0907,2.5112
4,19.9,49.1,0.355,1.3671,2.0923,2.5318
4,19.9,49.0,0.3711,1.375,2.0914,2.5625
4,19.9,49.0,0.3836,1.373,2.0928,2.6219
4,19.9,49.0,0.3705,1.3599,2.0939,2.5932
4,19.9,49.0,0.3793,1.3711,2.1025,2.604
4,19.9,49.0,0.3789,1.3643,2.1026,2.5723
4,19.9,49.0,0.3676,1.3702,2.0935,2.6042
4,19.9,49.0,0.3678,1.3653,2.0876,2.5695
4,19.9,49.0,0.3695,1.3525,2.1008,2.5676
4,19.9,49.1,0.3732,1.3583,2.0964,2.5864
4,19.9,49.0,0.3683,1.368,2.0813,2.5713
4,19.9,49.0,0.369,1.3549,2.091,2.6026
4,19.9,49.1,0.3702,1.3557,2.0944,2.5583
4,19.9,49.0,0.3653,1.3634,2.1007,2.5618
4,19.9,49.0,0.3638,1.3615,2.0842,2.531
4,19.9,49.0,0.3575,1.3618,2.0853,2.5468
4,19.9,49.0,0.3635,1.3624,2.0927,2.5494
4,19.9,49.0,0.3724,1.3719,2.0847,2.6365
4,19.8,49.0,0.3723,1.3573,2.0893,2.6224
4,19.9,49.1,0.3957,1.3542,2.1008,2.6478
4,19.9,49.0,0.397,1.3697,2.1027,2.6548
4,19.9,49.1,0.39,1.3681,2.103,2.6805
4,19.9,49.1,0.4022,1.3718,2.1057,2.691
4,19.9,49.1,0.4201,1.3639,2.1138,2.7025
4,19.9,49.1,0.4126,1.3947,2.1247,2.712
4,19.9,49.1,0.4138,1.3742,2.1171,2.6998
4,19.9,49.1,0.415,1.3755,2.1202,2.6763
4,19.9,49.1,0.3986,1.379,2.1128,2.6124
4,19.9,49.1,0.3911,1.3791,2.1076,2.5943
4,19.9,49.1,0.3931,1.3707,2.1089,2.5786
4,19.9,49.1,0.3861,1.3753,2.098,2.5914
4,19.9,49.1,0.3858,1.3607,2.1053,2.6212
4,19.9,49.1,0.396,1.3747,2.0959,2.6146
4,19.9,49.0,0.3848,1.3589,2.0878,2.6277
4,19.9,49.1,0.4017,1.357,2.0969,2.6346
4,19.8,49.1,0.3905,1.3657,2.101,2.6148
4,19.9,49.1,0.3867,1.3576,2.1039,2.5743
4,19.9,49.1,0.3853,1.3625,2.0943,2.5346
4,19.8,49.1,0.3911,1.3618,2.0999,2.5392
4,19.9,49.1,0.3673,1.3567,2.0917,2.5106
4,19.8,49.1,0.3642,1.3437,2.0911,2.543
4,19.8,49.1,0.3826,1.3496,2.0869,2.5491
4,19.8,49.1,0.3738,1.3462,2.0913,2.5735
4,19.8,49.1,0.3653,1.3522,2.0973,2.597
4,19.8,49.1,0.3804,1.3527,2.0822,2.6165
4,19.8,49.1,0.3911,1.3515,2.093,2.6418
4,19.8,49.1,0.389,1.352,2.0955,2.6473
4,19.8,49.1,0.3865,1.3497,2.1001,2.6272
4,19.9,49.1,0.3882,1.3524,2.0973,2.5932
4,19.8,49.1,0.381,1.3564,2.0868,2.5211
4,19.8,49.1,0.3689,1.3546,2.0796,2.5128
4,19.9,49.1,0.3649,1.3437,2.0736,2.53
4,19.8,49.1,0.3721,1.3452,2.0861,2.5417
4,19.8,49.1,0.3742,1.3489,2.0824,2.5418
4,19.8,49.1,0.3662,1.3495,2.0791,2.5557
4,19.8,49.1,0.3821,1.3456,2.0883,2.5809
4,19.8,49.1,0.3704,1.3503,2.07,2.5647
4,19.8,49.1,0.3793,1.3431,2.0863,2.5402
4,19.8,49.1,0.3641,1.3454,2.0815,2.5372
4,19.8,49.1,0.3627,1.337,2.0895,2.516
4,19.8,49.1,0.3635,1.3356,2.0923,2.5347
4,19.8,49.1,0.3733,1.3339,2.0834,2.5564
4,19.8,49.1,0.3636,1.3421,2.0765,2.5552
4,19.8,49.1,0.3516,1.3411,2.07,2.5033
4,19.8,49.1,0.3495,1.3239,2.0706,2.5315
4,19.8,49.1,0.3733,1.3451,2.0626,2.6097
4,19.8,49.1,0.372,1.3415,2.0704,2.5917
4,19.8,49.1,0.3698,1.3445,2.0619,2.631
4,19.8,49.1,0.3729,1.3443,2.0773,2.6616
4,19.8,49.1,0.3874,1.3491,2.0892,2.6612
4,19.8,49.1,0.3861,1.3437,2.0784,2.6464
4,19.8,49.1,0.3858,1.344,2.076,2.5553
4,19.8,49.1,0.3862,1.3396,2.08,2.5029
4,19.8,49.1,0.3677,1.3374,2.0874,2.5354
4,19.8,49.1,0.3659,1.3405,2.0717,2.5122
4,19.8,49.1,0.3629,1.3337,2.0813,2.5182
4,19.8,49.1,0.3585,1.3408,2.0791,2.5284
4,19.8,49.1,0.3755,1.3453,2.0849,2.5379
4,19.8,49.1,0.3719,1.3388,2.0768,2.5629
4,19.8,49.1,0.355,1.344,2.0801,2.5481
4,19.8,49.1,0.3547,1.3281,2.0881,2.5394
4,19.8,49.1,0.364,1.339,2.0789,2.5208
4,19.8,49.1,0.3696,1.3447,2.0812,2.5303
4,19.8,49.1,0.3621,1.347,2.0898,2.5517
4,19.8,49.1,0.3676,1.3466,2.0812,2.6133
4,19.8,49.1,0.3683,1.3465,2.0749,2.6032
4,19.8,49.1,0.3645,1.3479,2.0864,2.5531
4,19.8,49.1,0.3741,1.3421,2.0813,2.5912
4,19.8,49.1,0.3591,1.3408,2.0725,2.5888
4,19.8,49.1,0.3785,1.3403,2.0824,2.5876
4,19.8,49.1,0.3729,1.3338,2.082,2.5542
4,19.8,49.1,0.3659,1.3414,2.0799,2.5531
4,19.8,49.1,0.3563,1.3469,2.0807,2.5569
4,19.8,49.1,0.3636,1.3373,2.0772,2.5592
4,19.8,49.1,0.3776,1.3498,2.0797,2.5434
4,19.8,49.1,0.3584,1.3391,2.0879,2.5352
4,19.8,49.1,0.3596,1.3439,2.0895,2.5401
4,19.8,49.1,0.3665,1.3436,2.0731,2.5019
4,19.8,49.1,0.3617,1.33,2.0692,2.4678
4,19.8,49.1,0.359,1.337,2.0693,2.4781
4,19.8,49.1,0.3605,1.331,2.0725,2.5306
4,19.8,49.1,0.3641,1.3331,2.0673,2.5307
4,19.8,49.1,0.3611,1.3265,2.0677,2.5355
4,19.8,49.1,0.3578,1.3284,2.0681,2.5141
4,19.8,49.1,0.3591,1.3289,2.0687,2.5104
4,19.8,49.1,0.3614,1.3266,2.0724,2.5571
4,19.8,49.1,0.3599,1.341,2.0699,2.5809
4,19.8,49.1,0.3645,1.3377,2.0785,2.5542
4,19.8,49.1,0.3587,1.3393,2.0815,2.5809
4,19.8,49.1,0.3836,1.3588,2.1002,2.6686
4,19.8,49.2,0.3727,1.3477,2.0998,2.6058
4,19.8,49.2,0.3839,1.3542,2.1059,2.7282
4,19.8,49.2,0.3821,1.365,2.1225,2.6073
4,19.8,49.2,0.374,1.3638,2.112,2.5674
4,19.8,49.2,0.3691,1.3566,2.1023,2.4946
4,19.8,49.1,0.3781,1.3565,2.1049,2.524
4,19.8,49.1,0.3601,1.3563,2.0893,2.5096
4,19.8,49.1,0.3519,1.3472,2.0751,2.4601
4,19.9,49.1,0.3528,1.357,2.0867,2.5138
4,19.8,49.1,0.3408,1.345,2.0688,2.4549
4,19.8,49.1,0.3476,1.3451,2.0592,2.4322
4,19.9,49.1,0.3535,1.3297,2.0681,2.5161
4,19.8,49.1,0.3523,1.3369,2.0682,2.5352
4,19.8,49.1,0.358,1.3391,2.0757,2.5922
4,19.9,49.1,0.3662,1.3539,2.077,2.6238
4,19.8,49.1,0.366,1.3364,2.0752,2.5681
4,19.8,49.1,0.3629,1.3286,2.081,2.55
4,19.8,49.1,0.3634,1.3343,2.0753,2.5447
4,19.9,49.1,0.3569,1.3322,2.0863,2.5403
4,19.9,49.1,0.3683,1.3384,2.0835,2.5533
4,19.8,49.1,0.3644,1.3401,2.0808,2.5817
4,19.8,49.1,0.3614,1.3441,2.0769,2.6093
4,19.9,49.1,0.3671,1.3437,2.0783,2.5588
4,19.9,49.1,0.3742,1.3418,2.0766,2.5543
4,19.9,49.1,0.375,1.3432,2.0733,2.5432
4,19.8,49.1,0.371,1.3364,2.0801,2.5342
4,19.8,49.1,0.3615,1.3396,2.0891,2.5496
4,19.8,49.1,0.3575,1.3365,2.0787,2.5471
4,19.8,49.1,0.3637,1.3381,2.0769,2.5219
4,19.9,49.1,0.3618,1.3456,2.0802,2.4923
4,19.8,49.1,0.3591,1.333,2.0787,2.5401
4,19.9,49.1,0.3535,1.3466,2.0745,2.6219
4,19.8,49.1,0.3639,1.3406,2.0771,2.6194
4,19.9,49.1,0.3543,1.3488,2.0855,2.5465
4,19.8,49.1,0.3709,1.3278,2.0901,2.5681
4,19.8,49.1,0.3696,1.3471,2.0705,2.5955
4,19.8,49.1,0.3641,1.3451,2.1001,2.6244
4,19.8,49.1,0.3652,1.3546,2.0968,2.602
4,19.9,49.1,0.3802,1.3534,2.0943,2.6099
4,19.8,49.1,0.3664,1.3548,2.0937,2.6394
4,19.8,49.1,0.3829,1.3576,2.1093,2.6753
4,19.9,49.1,0.4034,1.3538,2.1034,2.6667
4,19.8,49.1,0.378,1.3576,2.1076,2.5933
4,19.9,49.1,0.3912,1.3563,2.1115,2.6185
4,19.8,49.1,0.3913,1.3532,2.1124,2.6089
4,19.9,49.1,0.3855,1.3708,2.1092,2.6081
4,19.8,49.2,0.3957,1.3785,2.1124,2.6588
4,19.8,49.2,0.3888,1.3849,2.1396,2.6823
4,19.8,49.1,0.4055,1.3929,2.1454,2.6658
4,19.8,49.2,0.3893,1.3923,2.1301,2.571
4,19.8,49.2,0.3876,1.3697,2.1292,2.5502
4,19.8,49.2,0.3848,1.3873,2.1207,2.5375
4,19.9,49.1,0.3846,1.3641,2.1284,2.5481
4,19.8,49.1,0.3783,1.3753,2.133,2.5861
4,19.8,49.1,0.3787,1.3702,2.1238,2.5444
4,19.8,49.1,0.3706,1.3661,2.107,2.533
4,19.8,49.1,0.3723,1.3695,2.1076,2.5771
4,19.8,49.1,0.3593,1.3712,2.105,2.5819
4,19.8,49.1,0.3607,1.3658,2.0898,2.6148
4,19.8,49.1,0.3696,1.3525,2.0933,2.5918
4,19.9,49.1,0.3697,1.3592,2.0975,2.5097
4,19.9,49.1,0.362,1.3498,2.0868,2.491
4,19.8,49.1,0.3615,1.3444,2.0732,2.5169
4,19.9,49.1,0.3611,1.3603,2.0809,2.504
4,19.8,49.1,0.3563,1.3512,2.0888,2.5424
4,19.8,49.1,0.3567,1.344,2.0832,2.5433
4,19.9,49.1,0.3521,1.349,2.075,2.5533
4,19.8,49.1,0.3725,1.3435,2.0914,2.6237
4,19.9,49.1,0.3691,1.3501,2.0802,2.6044
4,19.9,49.1,0.3885,1.353,2.1041,2.633
4,19.8,49.1,0.3948,1.3486,2.0961,2.6466
4,19.8,49.1,0.3857,1.3444,2.0966,2.6423
4,19.8,49.1,0.3815,1.3566,2.0847,2.6044
4,19.8,49.1,0.3813,1.3461,2.0866,2.6116
4,19.8,49.1,0.3726,1.3511,2.0838,2.5736
4,19.8,49.1,0.379,1.3488,2.0788,2.58
4,19.9,49.1,0.3674,1.3532,2.0782,2.5951
4,19.8,49.1,0.3811,1.3642,2.0873,2.5793
4,19.8,49.1,0.3826,1.3475,2.085,2.6575
4,19.8,49.1,0.3855,1.3494,2.0808,2.6792
4,19.8,49.1,0.4063,1.3635,2.1033,2.6868
4,19.8,49.1,0.3987,1.3671,2.094,2.7057
4,19.8,49.1,0.4068,1.3613,2.0999,2.6808
4,19.8,49.2,0.3974,1.356,2.0992,2.6523
4,19.8,49.2,0.4042,1.3604,2.1022,2.6162
4,19.8,49.2,0.4031,1.3615,2.0969,2.6509
4,19.8,49.2,0.4005,1.3535,2.1093,2.6403
4,19.8,49.2,0.394,1.3543,2.1032,2.587
4,19.8,49.1,0.3975,1.359,2.1023,2.5716
4,19.8,49.1,0.3793,1.3536,2.0933,2.5445
4,19.8,49.1,0.3774,1.349,2.0818,2.517
4,19.8,49.1,0.3713,1.3519,2.0792,2.5301
4,19.8,49.1,0.375,1.3535,2.0804,2.5623
4,19.8,49.1,0.3672,1.3518,2.092,2.5923
4,19.8,49.1,0.3734,1.3496,2.0911,2.5588
4,19.8,49.1,0.3795,1.3506,2.0901,2.6183
4,19.8,49.1,0.3755,1.3548,2.0892,2.618
4,19.8,49.1,0.3933,1.3522,2.0903,2.6677
4,19.8,49.2,0.3861,1.3564,2.095,2.6898
4,19.8,49.2,0.3992,1.3663,2.1032,2.7064
4,19.8,49.2,0.4093,1.3704,2.1057,2.7004
4,19.8,49.2,0.413,1.37,2.1122,2.6916
4,19.8,49.2,0.4091,1.3741,2.1109,2.6793
4,19.8,49.2,0.4095,1.3724,2.1224,2.6764
4,19.8,49.2,0.4087,1.3835,2.1205,2.667
4,19.8,49.2,0.4061,1.3687,2.1133,2.6397
4,19.8,49.2,0.4041,1.3726,2.1132,2.5932
4,19.8,49.2,0.3912,1.3663,2.1052,2.5441
4,19.8,49.2,0.3844,1.3586,2.1021,2.5423
4,19.8,49.2,0.3775,1.3568,2.1028,2.5432
4,19.8,49.1,0.3622,1.3532,2.0935,2.5359
4,19.8,49.2,0.3703,1.3584,2.0976,2.5493
4,19.8,49.2,0.3706,1.3624,2.09,2.5449
4,19.7,49.2,0.3677,1.3566,2.0926,2.5336
4,19.8,49.2,0.3603,1.3468,2.0967,2.5677
4,19.8,49.2,0.3758,1.3531,2.0901,2.5248
4,19.8,49.2,0.3541,1.3572,2.0839,2.513
4,19.8,49.1,0.3613,1.3538,2.083,2.5013
4,19.8,49.1,0.3569,1.3494,2.0903,2.5116
4,19.8,49.2,0.3663,1.3387,2.0787,2.5555
4,19.8,49.1,0.369,1.3484,2.076,2.6083
4,19.8,49.2,0.3735,1.3484,2.0812,2.6243
4,19.8,49.2,0.3858,1.3469,2.0885,2.636
4,19.8,49.2,0.3644,1.3391,2.0869,2.566
4,19.8,49.2,0.3672,1.3422,2.0907,2.5459
4,19.8,49.1,0.3709,1.3379,2.0827,2.5177
4,19.8,49.1,0.3715,1.3459,2.0787,2.5595
4,19.8,49.1,0.3685,1.3466,2.0812,2.5821
4,19.8,49.1,0.3766,1.3392,2.0777,2.5484
4,19.8,49.2,0.3647,1.3366,2.0721,2.5724
4,19.8,49.2,0.3676,1.345,2.0743,2.6002
4,19.8,49.2,0.3688,1.3398,2.0833,2.5557
4,19.8,49.1,0.3724,1.3395,2.0822,2.6137
4,19.8,49.2,0.3864,1.3358,2.0812,2.6332
4,19.8,49.1,0.3851,1.3424,2.0673,2.6414
4,19.8,49.2,0.388,1.3507,2.0813,2.6493
4,19.8,49.2,0.4007,1.3434,2.0921,2.6489
4,19.8,49.2,0.3995,1.3471,2.096,2.6729
4,19.8,49.2,0.4113,1.3612,2.0898,2.6695
4,19.7,49.2,0.4051,1.3581,2.1045,2.6206
4,19.8,49.2,0.3891,1.3499,2.0722,2.5691
4,19.8,49.2,0.374,1.3502,2.0802,2.4907
4,19.8,49.1,0.3771,1.3321,2.0614,2.5349
4,19.8,49.1,0.3826,1.3474,2.0624,2.6006
4,19.8,49.1,0.377,1.3471,2.0809,2.6497
4,19.8,49.1,0.3831,1.3498,2.0692,2.6511
4,19.8,49.1,0.3917,1.3486,2.0664,2.6518
4,19.8,49.1,0.3904,1.3576,2.0672,2.6441
4,19.8,49.1,0.3889,1.3584,2.0768,2.6626
4,19.8,49.1,0.3999,1.3411,2.0751,2.6534
4,19.8,49.2,0.3984,1.3469,2.0931,2.6071
4,19.8,49.2,0.3906,1.3495,2.0888,2.5658
4,19.8,49.2,0.3709,1.3502,2.0953,2.5425
4,19.8,49.1,0.3672,1.3476,2.0839,2.5892
4,19.8,49.1,0.3859,1.3463,2.0908,2.5405
4,19.8,49.2,0.3659,1.3431,2.074,2.6503
4,19.8,49.1,0.385,1.3524,2.0812,2.6566
4,19.8,49.2,0.3962,1.3462,2.0968,2.6851
4,19.8,49.2,0.4013,1.3502,2.1044,2.6711
4,19.8,49.1,0.3944,1.3557,2.0996,2.652
4,19.8,49.2,0.3984,1.3476,2.1037,2.6146
4,19.8,49.2,0.394,1.3496,2.1002,2.566
4,19.8,49.2,0.3779,1.3467,2.0856,2.5323
4,19.8,49.2,0.3661,1.3537,2.0833,2.5202
4,19.8,49.1,0.3778,1.3556,2.0896,2.5869
4,19.8,49.2,0.3801,1.3497,2.0897,2.5399
4,19.9,49.2,0.3647,1.3518,2.0892,2.5498
4,19.8,49.1,0.3767,1.3559,2.0908,2.5245
4,19.8,49.2,0.3564,1.357,2.0914,2.4947
4,19.8,49.1,0.3588,1.3533,2.0784,2.5197
4,19.8,49.1,0.3689,1.3511,2.0701,2.5631
4,19.8,49.1,0.3702,1.3477,2.0828,2.6327
4,19.8,49.1,0.38,1.3513,2.0884,2.6405
4,19.8,49.2,0.3824,1.3486,2.0984,2.608
4,19.8,49.1,0.3814,1.3485,2.0897,2.5645
4,19.8,49.2,0.3695,1.3399,2.0744,2.5351
4,19.8,49.1,0.3694,1.3534,2.0804,2.551
4,19.8,49.1,0.3784,1.3579,2.0804,2.5818
4,19.8,49.1,0.3723,1.3509,2.07,2.6057
4,19.8,49.1,0.383,1.3514,2.0591,2.6523
4,19.8,49.1,0.3964,1.3479,2.0751,2.7043
4,19.8,49.1,0.4062,1.3574,2.0878,2.7005
4,19.8,49.2,0.4092,1.3611,2.099,2.6766
4,19.8,49.2,0.3972,1.3561,2.106,2.6189
4,19.8,49.2,0.395,1.3537,2.0939,2.5965
4,19.8,49.2,0.3943,1.3529,2.0895,2.5917
4,19.8,49.1,0.3906,1.3576,2.0804,2.6024
4,19.8,49.1,0.3878,1.3488,2.0863,2.6182
4,19.8,49.1,0.3873,1.3583,2.0801,2.63
4,19.8,49.2,0.3983,1.3465,2.0843,2.6282
4,19.8,49.2,0.3929,1.3512,2.0853,2.641
4,19.8,49.2,0.3918,1.3462,2.0861,2.6641
4,19.8,49.1,0.4024,1.3577,2.0818,2.6631
4,19.8,49.2,0.4174,1.3714,2.0907,2.682
4,19.8,49.2,0.4105,1.3793,2.1009,2.6891
4,19.8,49.2,0.4231,1.3759,2.108,2.6813
4,19.8,49.2,0.4226,1.3683,2.1074,2.6652
