category,temperature,humidity,v_no2,v_etoh,v_voc,v_co
0,20.1,46.6,0.18,0.52,0.71,1.05
0,20.1,46.7,0.18,0.52,0.71,1.05
0,20.1,46.6,0.19,0.52,0.71,1.05
0,20.1,46.6,0.18,0.52,0.71,1.05
0,20.1,46.7,0.18,0.52,0.71,1.05
0,20.1,46.6,0.18,0.52,0.71,1.05
0,20.1,46.7,0.18,0.52,0.71,1.05
0,20.1,46.6,0.18,0.52,0.71,1.05
0,20.1,46.7,0.18,0.52,0.71,1.05
0,20.1,46.6,0.18,0.52,0.71,1.05
0,20.1,46.6,0.19,0.52,0.71,1.05
0,20.1,46.6,0.18,0.52,0.71,1.05
0,20.1,46.6,0.18,0.52,0.71,1.05
0,20.1,46.6,0.18,0.52,0.71,1.05
0,20.1,46.6,0.18,0.52,0.71,1.05
0,20.1,46.6,0.18,0.52,0.71,1.05
0,20.1,46.6,0.18,0.52,0.71,1.05
0,20.1,46.6,0.18,0.52,0.71,1.05
0,20.1,46.6,0.18,0.52,0.71,1.05
0,20.1,46.6,0.18,0.52,0.71,1.05
0,20.1,46.6,0.18,0.52,0.71,1.05
0,20.1,46.6,0.18,0.52,0.71,1.05
0,20.1,46.6,0.18,0.52,0.71,1.05
0,20.1,46.6,0.18,0.52,0.71,1.05
0,20.1,46.6,0.18,0.52,0.71,1.05
0,20.1,46.6,0.18,0.52,0.71,1.05
0,20.1,46.6,0.18,0.52,0.71,1.05
0,20.1,46.7,0.18,0.52,0.71,1.05
0,20.1,46.6,0.18,0.52,0.71,1.05
0,20.1,46.6,0.18,0.52,0.71,1.05
0,20.1,46.6,0.18,0.52,0.71,1.05
0,20.1,46.6,0.18,0.52,0.71,1.05
0,20.1,46.6,0.18,0.52,0.71,1.05
0,20.1,46.6,0.18,0.52,0.71,1.05
0,20.2,46.6,0.18,0.52,0.71,1.05
0,20.1,46.6,0.18,0.52,0.71,1.05
0,20.1,46.6,0.18,0.52,0.71,1.05
0,20.1,46.6,0.18,0.52,0.71,1.05
0,20.1,46.6,0.18,0.52,0.71,1.05
0,20.1,46.6,0.18,0.52,0.71,1.05
0,20.1,46.6,0.18,0.52,0.71,1.05
0,20.1,46.6,0.18,0.52,0.71,1.05
0,20.1,46.7,0.18,0.52,0.71,1.05
0,20.1,46.6,0.19,0.52,0.71,1.05
0,20.1,46.6,0.18,0.52,0.71,1.05
0,20.1,46.7,0.18,0.52,0.71,1.05
0,20.1,46.7,0.18,0.52,0.71,1.05
0,20.1,46.6,0.18,0.52,0.71,1.05
0,20.1,46.7,0.18,0.52,0.71,1.05
0,20.1,46.6,0.18,0.52,0.71,1.05
0,20.1,46.7,0.18,0.52,0.71,1.05
0,20.1,46.7,0.18,0.52,0.71,1.05
0,20.1,46.6,0.18,0.52,0.71,1.05
0,20.1,46.6,0.18,0.52,0.71,1.05
0,20.1,46.7,0.18,0.52,0.71,1.05
0,20.1,46.7,0.18,0.52,0.71,1.05
0,20.1,46.7,0.18,0.52,0.71,1.05
0,20.1,46.7,0.18,0.52,0.71,1.05
0,20.1,46.7,0.18,0.52,0.71,1.05
0,20.1,46.7,0.18,0.52,0.71,1.05
0,20.1,46.6,0.18,0.52,0.7,1.05
0,20.1,46.7,0.18,0.52,0.71,1.05
0,20.1,46.6,0.18,0.52,0.71,1.05
0,20.1,46.7,0.18,0.52,0.71,1.05
0,20.1,46.6,0.18,0.52,0.71,1.05
0,20.1,46.7,0.18,0.52,0.71,1.05
0,20.1,46.7,0.18,0.52,0.71,1.05
0,20.1,46.7,0.18,0.52,0.7,1.05
0,20.1,46.6,0.18,0.52,0.7,1.05
0,20.1,46.7,0.18,0.52,0.71,1.05
0,20.1,46.7,0.18,0.52,0.71,1.05
0,20.1,46.7,0.18,0.52,0.71,1.05
0,20.1,46.7,0.18,0.52,0.71,1.05
0,20.1,46.7,0.18,0.52,0.7,1.05
0,20.1,46.7,0.18,0.52,0.71,1.05
0,20.1,46.7,0.18,0.52,0.71,1.05
0,20.1,46.7,0.18,0.52,0.7,1.05
0,20.1,46.7,0.18,0.52,0.71,1.05
0,20.1,46.7,0.18,0.52,0.7,1.05
0,20.1,46.7,0.18,0.52,0.7,1.05
0,20.1,46.7,0.18,0.51,0.7,1.05
0,20.1,46.7,0.18,0.52,0.7,1.05
0,20.1,46.7,0.18,0.52,0.71,1.05
0,20.1,46.7,0.18,0.52,0.7,1.05
0,20.1,46.7,0.18,0.52,0.7,1.05
0,20.1,46.7,0.18,0.51,0.7,1.05
0,20.1,46.7,0.18,0.52,0.7,1.05
0,20.1,46.7,0.18,0.52,0.7,1.05
0,20.1,46.7,0.18,0.52,0.7,1.05
0,20.1,46.7,0.18,0.52,0.7,1.05
0,20.1,46.7,0.18,0.52,0.7,1.05
0,20.1,46.7,0.18,0.52,0.7,1.05
0,20.1,46.7,0.18,0.51,0.7,1.05
0,20.1,46.7,0.18,0.52,0.7,1.05
0,20.1,46.7,0.18,0.52,0.7,1.05
0,20.1,46.7,0.18,0.52,0.7,1.05
0,20.1,46.7,0.18,0.52,0.7,1.05
0,20.1,46.7,0.18,0.52,0.7,1.05
0,20.1,46.7,0.18,0.52,0.7,1.05
0,20.1,46.7,0.18,0.52,0.7,1.05
0,20.1,46.7,0.18,0.52,0.71,1.05
0,20.1,46.7,0.18,0.52,0.71,1.05
0,20.1,46.7,0.18,0.52,0.7,1.05
0,20.1,46.7,0.18,0.52,0.7,1.05
0,20.1,46.7,0.18,0.52,0.7,1.05
0,20.1,46.7,0.18,0.52,0.7,1.05
0,20.1,46.7,0.18,0.52,0.7,1.05
0,20.1,46.7,0.18,0.52,0.7,1.05
0,20.1,46.7,0.18,0.52,0.7,1.05
0,20.1,46.7,0.18,0.52,0.7,1.05
0,20.1,46.7,0.18,0.52,0.71,1.05
0,20.1,46.7,0.18,0.52,0.7,1.05
0,20.1,46.7,0.18,0.52,0.7,1.05
0,20.1,46.7,0.18,0.52,0.7,1.05
0,20.1,46.7,0.18,0.52,0.7,1.05
0,20.1,46.7,0.18,0.51,0.7,1.05
0,20.1,46.7,0.18,0.52,0.7,1.05
0,20.1,46.7,0.18,0.52,0.7,1.05
0,20.1,46.7,0.18,0.51,0.7,1.05
0,20.1,46.7,0.18,0.52,0.7,1.05
0,20.1,46.7,0.18,0.51,0.7,1.05
0,20.1,46.7,0.18,0.51,0.7,1.05
0,20.1,46.7,0.18,0.51,0.7,1.05
0,20.1,46.7,0.18,0.52,0.7,1.05
0,20.1,46.7,0.18,0.52,0.7,1.05
0,20.1,46.7,0.18,0.51,0.7,1.05
0,20.1,46.7,0.18,0.52,0.7,1.05
0,20.1,46.7,0.18,0.52,0.7,1.05
0,20.1,46.7,0.18,0.51,0.7,1.05
0,20.1,46.7,0.18,0.52,0.7,1.05
0,20.1,46.7,0.18,0.52,0.7,1.05
0,20.1,46.7,0.18,0.52,0.7,1.05
0,20.1,46.7,0.18,0.51,0.7,1.05
0,20.1,46.7,0.18,0.52,0.7,1.05
0,20.1,46.7,0.18,0.52,0.7,1.05
0,20.1,46.7,0.18,0.51,0.7,1.05
0,20.1,46.7,0.18,0.52,0.7,1.05
0,20.1,46.8,0.18,0.52,0.7,1.05
0,20.1,46.7,0.18,0.51,0.7,1.05
0,20.1,46.7,0.18,0.52,0.7,1.05
0,20.1,46.7,0.18,0.52,0.7,1.05
0,20.1,46.7,0.18,0.52,0.7,1.05
0,20.1,46.8,0.18,0.51,0.7,1.05
0,20.1,46.7,0.18,0.51,0.7,1.05
0,20.1,46.8,0.18,0.52,0.7,1.05
0,20.1,46.7,0.18,0.52,0.7,1.05
0,20.1,46.8,0.18,0.51,0.7,1.05
0,20.0,46.8,0.18,0.52,0.7,1.05
0,20.1,46.8,0.18,0.51,0.7,1.05
0,20.1,46.7,0.18,0.52,0.7,1.05
0,20.1,46.8,0.18,0.51,0.7,1.05
0,20.1,46.8,0.18,0.51,0.7,1.05
0,20.1,46.7,0.18,0.52,0.7,1.05
0,20.1,46.8,0.18,0.51,0.7,1.05
0,20.1,46.8,0.18,0.51,0.7,1.05
0,20.1,46.8,0.18,0.52,0.7,1.05
0,20.1,46.8,0.18,0.51,0.7,1.05
0,20.1,46.8,0.18,0.51,0.7,1.05
0,20.1,46.8,0.18,0.51,0.7,1.05
0,20.1,46.8,0.18,0.52,0.7,1.05
0,20.0,46.8,0.18,0.52,0.7,1.05
0,20.1,46.8,0.18,0.52,0.7,1.05
0,20.1,46.8,0.18,0.51,0.7,1.05
0,20.1,46.8,0.18,0.52,0.7,1.05
0,20.1,46.8,0.18,0.51,0.7,1.05
0,20.1,46.8,0.18,0.51,0.7,1.05
0,20.1,46.8,0.18,0.52,0.7,1.05
0,20.1,46.8,0.18,0.51,0.7,1.05
0,20.1,46.8,0.18,0.51,0.7,1.05
0,20.1,46.8,0.18,0.52,0.7,1.05
0,20.1,46.8,0.18,0.51,0.7,1.05
0,20.1,46.8,0.18,0.51,0.7,1.05
0,20.1,46.8,0.18,0.52,0.7,1.05
0,20.1,46.8,0.18,0.51,0.7,1.05
0,20.1,46.8,0.18,0.51,0.69,1.05
0,20.1,46.8,0.18,0.51,0.7,1.05
0,20.1,46.8,0.18,0.51,0.7,1.05
0,20.1,46.8,0.18,0.51,0.7,1.05
0,20.1,46.8,0.18,0.51,0.7,1.05
0,20.1,46.8,0.18,0.51,0.7,1.05
0,20.1,46.8,0.18,0.51,0.7,1.05
0,20.1,46.8,0.18,0.51,0.69,1.05
0,20.1,46.8,0.18,0.51,0.7,1.05
0,20.1,46.7,0.18,0.51,0.7,1.05
0,20.1,46.8,0.18,0.51,0.7,1.05
0,20.1,46.8,0.18,0.51,0.7,1.05
0,20.1,46.8,0.18,0.51,0.7,1.05
0,20.1,46.8,0.18,0.51,0.7,1.05
0,20.1,46.8,0.18,0.51,0.7,1.05
0,20.0,46.8,0.18,0.51,0.7,1.05
0,20.0,46.8,0.18,0.51,0.69,1.05
0,20.1,46.8,0.18,0.51,0.7,1.05
0,20.1,46.8,0.18,0.51,0.69,1.05
0,20.1,46.8,0.18,0.51,0.7,1.05
0,20.1,46.8,0.18,0.51,0.7,1.05
0,20.1,46.8,0.18,0.51,0.7,1.05
0,20.1,46.8,0.18,0.51,0.7,1.05
0,20.1,46.8,0.18,0.51,0.7,1.05
0,20.1,46.8,0.18,0.51,0.7,1.05
0,20.0,46.8,0.18,0.51,0.69,1.06
0,20.0,46.8,0.18,0.51,0.7,1.05
0,20.1,46.8,0.18,0.51,0.7,1.05
0,20.0,46.8,0.18,0.51,0.69,1.05
0,20.1,46.8,0.18,0.51,0.69,1.05
0,20.0,46.8,0.18,0.51,0.69,1.05
0,20.0,46.8,0.18,0.51,0.7,1.05
0,20.0,46.8,0.18,0.51,0.69,1.05
0,20.1,46.8,0.18,0.51,0.7,1.05
0,20.0,46.8,0.18,0.51,0.69,1.05
0,20.0,46.8,0.18,0.51,0.7,1.05
0,20.1,46.8,0.18,0.51,0.69,1.05
0,20.1,46.8,0.18,0.51,0.69,1.05
0,20.1,46.8,0.18,0.51,0.7,1.05
0,20.1,46.8,0.18,0.51,0.7,1.05
0,20.1,46.8,0.18,0.51,0.69,1.05
0,20.0,46.8,0.18,0.51,0.69,1.05
0,20.0,46.8,0.18,0.51,0.69,1.05
0,20.1,46.8,0.18,0.51,0.69,1.05
0,20.1,46.8,0.18,0.51,0.7,1.05
0,20.1,46.8,0.18,0.51,0.69,1.05
0,20.1,46.8,0.18,0.51,0.69,1.05
0,20.0,46.8,0.18,0.51,0.69,1.05
0,20.1,46.8,0.18,0.51,0.7,1.05
0,20.1,46.8,0.18,0.51,0.69,1.05
0,20.1,46.8,0.18,0.51,0.69,1.05
0,20.1,46.8,0.18,0.51,0.69,1.05
0,20.0,46.9,0.18,0.51,0.7,1.05
0,20.1,46.8,0.18,0.51,0.69,1.05
0,20.1,46.8,0.18,0.51,0.69,1.05
0,20.0,46.9,0.18,0.51,0.69,1.05
0,20.0,46.8,0.17,0.51,0.7,1.05
0,20.0,46.8,0.18,0.51,0.69,1.05
0,20.1,46.9,0.18,0.51,0.69,1.05
0,20.1,46.8,0.18,0.51,0.69,1.05
0,20.0,46.8,0.18,0.51,0.69,1.05
0,20.0,46.8,0.18,0.51,0.69,1.05
0,20.1,46.9,0.18,0.51,0.69,1.05
0,20.0,46.8,0.18,0.51,0.69,1.05
0,20.0,46.8,0.18,0.51,0.69,1.05
0,20.0,46.9,0.18,0.51,0.69,1.05
0,20.0,46.9,0.18,0.51,0.69,1.05
0,20.0,46.8,0.18,0.51,0.69,1.05
0,20.0,46.9,0.18,0.51,0.69,1.05
0,20.0,46.9,0.18,0.51,0.69,1.05
0,20.0,46.8,0.18,0.51,0.69,1.05
0,20.0,46.8,0.18,0.51,0.69,1.05
0,20.0,46.9,0.17,0.51,0.69,1.05
0,20.0,46.8,0.18,0.51,0.69,1.05
0,20.1,46.9,0.18,0.51,0.69,1.05
0,20.0,46.9,0.18,0.51,0.69,1.05
0,20.0,46.8,0.18,0.51,0.69,1.05
0,20.1,46.8,0.18,0.51,0.69,1.05
0,20.0,46.9,0.17,0.51,0.69,1.05
0,20.1,46.8,0.18,0.51,0.69,1.05
0,20.1,46.8,0.17,0.51,0.69,1.05
0,20.0,46.9,0.17,0.51,0.69,1.05
0,20.1,46.9,0.17,0.51,0.69,1.05
0,20.1,46.9,0.18,0.51,0.69,1.05
0,20.1,46.8,0.17,0.51,0.69,1.05
0,20.1,46.9,0.18,0.51,0.69,1.05
0,20.1,46.8,0.18,0.51,0.69,1.05
0,20.1,46.9,0.18,0.51,0.69,1.05
0,20.0,46.9,0.18,0.51,0.69,1.05
0,20.0,46.9,0.18,0.51,0.69,1.05
0,20.0,46.9,0.18,0.51,0.69,1.05
0,20.1,46.8,0.17,0.51,0.69,1.05
0,20.0,46.8,0.18,0.51,0.69,1.05
0,20.0,46.8,0.17,0.51,0.69,1.05
0,20.0,46.9,0.17,0.51,0.69,1.05
0,20.0,46.9,0.17,0.51,0.69,1.05
0,20.0,46.9,0.17,0.51,0.69,1.05
0,20.1,46.9,0.18,0.51,0.69,1.05
0,20.1,46.9,0.17,0.51,0.69,1.05
0,20.0,46.9,0.17,0.51,0.69,1.05
0,20.1,46.8,0.18,0.51,0.69,1.05
0,20.1,46.9,0.18,0.51,0.69,1.05
0,20.1,46.8,0.17,0.51,0.69,1.05
0,20.0,46.8,0.17,0.51,0.69,1.05
0,20.0,46.9,0.18,0.51,0.69,1.05
0,20.0,46.8,0.17,0.51,0.69,1.05
0,20.0,46.9,0.17,0.51,0.69,1.05
0,20.0,46.9,0.17,0.51,0.69,1.05
0,20.0,46.9,0.18,0.51,0.69,1.05
0,20.0,46.9,0.18,0.51,0.69,1.05
0,20.0,46.9,0.18,0.51,0.69,1.05
0,20.0,46.9,0.17,0.51,0.69,1.05
0,20.1,46.8,0.17,0.51,0.69,1.05
0,20.1,46.9,0.18,0.51,0.69,1.05
0,20.1,46.9,0.18,0.51,0.69,1.05
0,20.1,46.9,0.18,0.51,0.69,1.05
0,20.1,46.9,0.18,0.51,0.69,1.05
0,20.0,46.9,0.18,0.51,0.69,1.05
0,20.1,46.9,0.17,0.5,0.69,1.05
0,20.1,46.8,0.18,0.51,0.69,1.05
0,20.0,46.9,0.17,0.51,0.69,1.05
0,20.0,46.9,0.18,0.51,0.69,1.05
0,20.0,46.9,0.18,0.51,0.69,1.05
0,20.0,46.9,0.18,0.51,0.69,1.05
0,20.0,46.9,0.18,0.51,0.69,1.05
0,20.0,46.9,0.18,0.51,0.69,1.05
0,20.0,46.9,0.17,0.51,0.69,1.05
0,20.0,46.8,0.18,0.51,0.69,1.05
0,20.1,46.8,0.18,0.51,0.69,1.05
0,20.0,46.9,0.17,0.51,0.69,1.05
0,20.0,46.9,0.17,0.51,0.69,1.05
0,20.0,46.9,0.17,0.51,0.69,1.05
0,20.0,46.9,0.18,0.51,0.69,1.05
0,20.0,46.9,0.18,0.51,0.69,1.05
0,20.0,46.9,0.18,0.51,0.69,1.05
0,20.0,46.9,0.18,0.51,0.69,1.05
0,20.0,46.9,0.18,0.51,0.69,1.05
0,20.0,46.9,0.18,0.51,0.69,1.05
0,20.0,46.9,0.18,0.51,0.69,1.05
0,20.0,46.9,0.17,0.51,0.69,1.05
0,20.0,46.9,0.18,0.51,0.69,1.05
0,20.0,46.9,0.17,0.51,0.69,1.05
0,20.0,46.9,0.17,0.51,0.69,1.05
0,20.0,46.9,0.17,0.51,0.69,1.05
0,20.0,46.9,0.17,0.51,0.69,1.05
0,20.0,46.9,0.17,0.51,0.69,1.05
0,20.0,46.9,0.17,0.5,0.69,1.05
0,20.0,46.9,0.18,0.51,0.69,1.05
0,20.0,46.9,0.18,0.51,0.69,1.05
0,20.0,46.9,0.18,0.51,0.69,1.05
0,20.0,46.9,0.18,0.51,0.69,1.05
0,20.0,46.9,0.18,0.51,0.69,1.05
0,20.0,46.9,0.17,0.51,0.69,1.05
0,20.0,46.9,0.18,0.51,0.69,1.05
0,20.0,46.9,0.17,0.51,0.69,1.05
0,20.0,46.9,0.17,0.51,0.69,1.05
0,20.0,46.9,0.18,0.51,0.69,1.05
0,20.0,46.9,0.18,0.5,0.69,1.05
0,20.0,46.9,0.18,0.5,0.68,1.05
0,20.0,46.9,0.18,0.51,0.69,1.05
0,20.0,47.0,0.18,0.51,0.69,1.05
0,20.0,47.0,0.18,0.51,0.69,1.05
0,20.0,46.9,0.18,0.51,0.69,1.05
0,20.0,46.9,0.17,0.51,0.69,1.05
0,20.0,46.9,0.18,0.51,0.69,1.05
0,20.0,46.9,0.18,0.51,0.69,1.05
0,20.0,47.0,0.17,0.51,0.69,1.05
0,20.0,47.0,0.17,0.51,0.69,1.05
0,20.0,47.0,0.17,0.51,0.69,1.05
0,20.0,47.0,0.18,0.51,0.69,1.05
0,20.0,47.0,0.18,0.51,0.69,1.05
0,20.0,47.0,0.17,0.51,0.69,1.05
0,20.0,47.0,0.18,0.5,0.69,1.05
0,20.0,47.0,0.18,0.51,0.69,1.05
0,20.0,47.0,0.17,0.51,0.69,1.05
0,20.0,47.0,0.17,0.5,0.69,1.05
0,20.0,47.0,0.17,0.51,0.69,1.05
0,20.0,47.0,0.17,0.51,0.69,1.05
0,20.0,46.9,0.17,0.51,0.69,1.05
0,20.0,47.0,0.18,0.51,0.69,1.05
0,20.0,47.0,0.18,0.5,0.68,1.05
0,20.0,47.0,0.18,0.5,0.69,1.05
0,20.0,46.9,0.17,0.5,0.69,1.05
0,20.0,46.9,0.17,0.51,0.68,1.05
0,20.0,46.9,0.18,0.51,0.69,1.05
0,20.0,47.0,0.18,0.5,0.68,1.05
0,20.0,46.9,0.17,0.51,0.68,1.05
0,20.0,47.0,0.17,0.51,0.69,1.05
0,20.0,46.9,0.17,0.51,0.69,1.05
0,20.0,46.9,0.17,0.51,0.69,1.05
0,20.0,46.9,0.17,0.51,0.69,1.05
0,20.0,47.0,0.18,0.51,0.69,1.05
0,20.0,47.0,0.17,0.51,0.69,1.05
0,20.0,46.9,0.18,0.51,0.69,1.05
0,20.0,46.9,0.18,0.5,0.69,1.05
0,20.0,47.0,0.17,0.5,0.69,1.05
0,20.0,47.0,0.17,0.51,0.69,1.05
0,20.0,47.0,0.18,0.51,0.69,1.05
0,20.0,47.0,0.17,0.5,0.69,1.05
0,20.0,46.9,0.17,0.51,0.69,1.05
0,20.0,47.0,0.17,0.51,0.69,1.05
0,20.0,46.9,0.17,0.5,0.69,1.05
0,20.0,47.0,0.17,0.5,0.68,1.05
0,20.0,47.0,0.17,0.51,0.69,1.05
0,20.0,46.9,0.17,0.5,0.68,1.05
0,20.0,46.9,0.17,0.5,0.68,1.05
0,20.0,46.9,0.17,0.51,0.69,1.05
0,20.0,47.0,0.17,0.51,0.69,1.05
0,20.0,47.0,0.17,0.5,0.68,1.05
0,20.0,46.9,0.17,0.5,0.69,1.05
0,20.0,46.9,0.17,0.51,0.68,1.05
0,20.0,47.0,0.17,0.51,0.69,1.05
0,20.0,47.0,0.17,0.5,0.68,1.05
0,20.0,46.9,0.17,0.51,0.68,1.05
0,20.0,47.0,0.17,0.51,0.68,1.05
0,20.0,47.0,0.17,0.51,0.68,1.05
0,20.0,46.9,0.17,0.51,0.68,1.05
0,20.0,46.9,0.17,0.5,0.69,1.05
0,20.0,46.9,0.17,0.5,0.68,1.05
0,20.0,46.9,0.17,0.51,0.68,1.05
0,20.0,46.9,0.17,0.5,0.69,1.05
0,20.0,47.0,0.18,0.51,0.68,1.05
0,20.0,47.0,0.17,0.5,0.68,1.05
0,20.0,46.9,0.18,0.51,0.69,1.05
0,20.0,46.9,0.17,0.51,0.69,1.05
0,20.0,46.9,0.17,0.51,0.69,1.05
0,20.0,46.9,0.17,0.5,0.69,1.05
0,20.0,47.0,0.17,0.51,0.68,1.05
0,20.0,46.9,0.17,0.51,0.68,1.05
0,20.0,47.0,0.17,0.5,0.69,1.05
0,20.0,46.9,0.17,0.51,0.68,1.05
0,20.0,47.0,0.18,0.51,0.68,1.05
0,20.0,46.9,0.18,0.51,0.68,1.05
0,20.0,46.9,0.17,0.5,0.69,1.05
0,20.0,46.9,0.17,0.51,0.69,1.05
0,20.0,47.0,0.17,0.51,0.68,1.05
0,20.0,47.0,0.17,0.51,0.68,1.05
0,20.0,47.0,0.18,0.5,0.68,1.05
0,20.0,46.9,0.17,0.5,0.68,1.05
0,20.0,46.9,0.17,0.51,0.68,1.05
0,20.0,47.0,0.18,0.5,0.68,1.05
0,20.0,46.9,0.17,0.51,0.69,1.05
0,20.0,47.0,0.17,0.5,0.68,1.05
0,20.0,46.9,0.17,0.5,0.68,1.05
0,20.0,46.9,0.17,0.5,0.68,1.05
0,20.0,46.9,0.17,0.5,0.68,1.05
0,20.0,47.0,0.17,0.5,0.68,1.05
0,20.0,47.0,0.17,0.51,0.68,1.05
0,20.0,47.0,0.17,0.5,0.69,1.05
0,20.0,47.0,0.18,0.5,0.68,1.05
0,20.0,47.0,0.17,0.51,0.69,1.05
0,20.0,46.9,0.18,0.5,0.69,1.05
0,20.0,47.0,0.17,0.51,0.69,1.05
0,20.0,47.0,0.17,0.51,0.68,1.05
0,20.0,47.0,0.17,0.51,0.69,1.05
0,20.0,46.9,0.17,0.51,0.68,1.05
0,20.0,47.0,0.17,0.51,0.68,1.05
0,20.0,47.0,0.17,0.51,0.68,1.05
0,20.0,47.0,0.17,0.51,0.68,1.05
0,20.0,47.0,0.17,0.51,0.68,1.05
0,20.0,46.9,0.17,0.5,0.68,1.05
0,20.0,47.0,0.17,0.5,0.68,1.05
0,20.0,46.9,0.17,0.51,0.68,1.05
0,20.0,47.0,0.17,0.5,0.68,1.05
0,20.0,47.0,0.17,0.5,0.68,1.05
0,20.0,47.0,0.18,0.5,0.68,1.05
0,20.0,47.0,0.17,0.5,0.68,1.05
0,20.0,46.9,0.17,0.51,0.68,1.05
0,20.0,47.0,0.17,0.5,0.68,1.05
0,20.0,46.9,0.17,0.5,0.68,1.05
0,20.0,47.0,0.17,0.5,0.68,1.05
0,20.0,47.0,0.18,0.5,0.68,1.05
0,20.0,46.9,0.17,0.51,0.68,1.05
0,20.0,46.9,0.18,0.5,0.68,1.05
0,20.0,46.9,0.17,0.5,0.68,1.05
0,20.0,47.0,0.17,0.5,0.68,1.05
0,20.0,46.9,0.18,0.5,0.68,1.05
0,20.0,47.0,0.17,0.5,0.68,1.05
0,20.0,47.0,0.17,0.51,0.68,1.05
0,20.0,47.0,0.17,0.5,0.68,1.05
0,20.0,47.0,0.18,0.5,0.69,1.05
0,20.0,47.0,0.17,0.5,0.68,1.05
0,20.0,47.0,0.17,0.5,0.68,1.05
0,20.0,47.0,0.18,0.5,0.69,1.05
0,20.0,47.0,0.17,0.5,0.68,1.05
0,20.0,47.0,0.17,0.5,0.68,1.05
0,20.0,47.0,0.17,0.5,0.68,1.05
0,20.0,47.0,0.17,0.5,0.68,1.05
0,20.0,46.9,0.17,0.5,0.68,1.05
0,20.0,47.0,0.17,0.5,0.68,1.05
0,20.0,47.0,0.17,0.5,0.68,1.05
0,20.0,47.0,0.18,0.5,0.69,1.05
0,20.0,47.0,0.18,0.5,0.68,1.05
0,20.0,47.0,0.17,0.5,0.69,1.05
0,20.0,47.0,0.17,0.51,0.68,1.05
0,20.0,47.0,0.17,0.51,0.68,1.05
0,20.0,47.0,0.17,0.5,0.68,1.05
0,20.0,47.0,0.17,0.5,0.68,1.05
0,20.0,47.0,0.17,0.51,0.68,1.05
0,20.0,47.0,0.17,0.5,0.68,1.05
0,20.0,47.0,0.17,0.5,0.68,1.05
0,20.0,47.0,0.17,0.51,0.68,1.05
0,20.0,47.0,0.17,0.5,0.68,1.05
0,20.0,47.0,0.17,0.5,0.68,1.05
0,20.0,47.0,0.17,0.5,0.68,1.05
0,20.0,47.0,0.17,0.5,0.68,1.05
0,20.0,47.0,0.17,0.5,0.68,1.05
0,20.0,47.0,0.17,0.5,0.68,1.05
0,20.0,47.0,0.17,0.5,0.68,1.05
0,20.0,47.0,0.17,0.5,0.68,1.05
0,20.0,47.0,0.17,0.5,0.68,1.05
0,20.0,47.0,0.17,0.5,0.68,1.05
0,20.0,47.0,0.17,0.5,0.68,1.05
0,20.0,47.0,0.17,0.5,0.68,1.05
0,20.0,47.0,0.18,0.5,0.68,1.05
0,20.0,47.0,0.17,0.5,0.68,1.05
0,20.0,47.0,0.17,0.5,0.68,1.05
0,20.0,47.0,0.17,0.5,0.68,1.05
0,20.0,47.0,0.17,0.5,0.68,1.05
0,20.0,47.0,0.17,0.5,0.68,1.05
0,20.0,47.0,0.17,0.5,0.68,1.05
0,20.0,47.0,0.17,0.5,0.68,1.05
0,20.0,47.0,0.17,0.5,0.68,1.05
0,20.0,47.0,0.17,0.5,0.68,1.05
0,20.0,47.0,0.17,0.5,0.68,1.05
0,20.0,47.0,0.17,0.5,0.68,1.05
0,20.0,47.0,0.17,0.5,0.68,1.05
0,20.0,47.0,0.17,0.5,0.68,1.05
0,20.0,47.0,0.17,0.5,0.68,1.05
0,20.0,47.0,0.17,0.5,0.68,1.05
0,20.0,47.0,0.17,0.5,0.68,1.05
0,20.0,47.0,0.17,0.5,0.68,1.05
0,20.0,47.0,0.17,0.5,0.68,1.05
0,20.0,47.0,0.17,0.5,0.68,1.05
0,20.0,47.0,0.17,0.5,0.68,1.05
0,20.0,47.0,0.17,0.5,0.68,1.05
0,20.0,47.0,0.17,0.5,0.68,1.05
0,20.0,47.0,0.17,0.5,0.68,1.05
0,20.0,47.0,0.18,0.5,0.68,1.05
0,20.0,47.0,0.17,0.5,0.68,1.05
0,20.0,47.0,0.17,0.5,0.68,1.05
0,20.0,47.0,0.17,0.5,0.68,1.05
0,20.0,47.0,0.17,0.5,0.68,1.05
0,20.0,47.0,0.17,0.5,0.68,1.05
0,20.0,47.0,0.17,0.5,0.68,1.05
0,20.0,47.0,0.17,0.5,0.68,1.05
0,20.0,47.0,0.17,0.5,0.68,1.05
0,20.0,47.0,0.17,0.5,0.68,1.05
0,20.0,47.0,0.17,0.5,0.68,1.05
0,20.0,47.0,0.17,0.5,0.68,1.05
0,20.0,47.0,0.17,0.5,0.68,1.05
0,20.0,47.0,0.17,0.5,0.68,1.05
0,20.0,47.0,0.17,0.5,0.68,1.05
0,20.0,47.0,0.17,0.5,0.68,1.05
0,20.0,47.0,0.17,0.5,0.68,1.05
0,20.0,47.0,0.17,0.5,0.68,1.05
0,20.0,47.0,0.17,0.5,0.68,1.05
0,20.0,47.0,0.17,0.5,0.68,1.05
0,20.0,47.0,0.17,0.5,0.68,1.05
0,20.0,47.0,0.17,0.5,0.68,1.05
0,20.0,47.0,0.17,0.5,0.68,1.05
0,20.0,47.0,0.17,0.5,0.68,1.05
0,20.0,47.0,0.17,0.5,0.68,1.05
0,20.0,47.0,0.17,0.5,0.68,1.05
0,20.0,47.0,0.17,0.5,0.68,1.05
0,20.0,47.0,0.17,0.5,0.68,1.05
0,20.0,47.0,0.17,0.5,0.68,1.05
0,20.0,47.0,0.17,0.5,0.68,1.05
0,20.0,47.0,0.17,0.5,0.68,1.05
0,20.0,47.0,0.17,0.5,0.68,1.05
0,20.0,47.0,0.17,0.5,0.68,1.05
0,20.0,47.0,0.17,0.5,0.68,1.05
0,20.0,47.0,0.17,0.5,0.68,1.05
0,20.0,47.0,0.17,0.5,0.68,1.05
0,20.0,47.0,0.17,0.5,0.68,1.05
0,20.0,47.0,0.17,0.5,0.68,1.05
0,20.0,47.0,0.17,0.5,0.68,1.05
0,20.0,47.0,0.17,0.5,0.68,1.05
0,20.0,47.0,0.17,0.5,0.68,1.05
0,20.0,47.0,0.17,0.5,0.68,1.05
0,20.0,47.0,0.17,0.5,0.68,1.05
0,20.0,47.0,0.17,0.5,0.68,1.05
0,20.0,47.0,0.17,0.5,0.68,1.05
0,20.0,47.0,0.17,0.5,0.68,1.05
0,20.0,47.0,0.17,0.5,0.68,1.05
0,20.0,47.0,0.17,0.5,0.68,1.05
0,20.0,47.0,0.17,0.5,0.68,1.05
0,20.0,47.0,0.17,0.5,0.68,1.05
0,20.0,47.0,0.17,0.5,0.68,1.05
0,20.0,47.0,0.17,0.5,0.68,1.05
0,20.0,47.0,0.17,0.5,0.68,1.05
0,20.0,47.0,0.17,0.5,0.68,1.05
0,20.0,47.0,0.17,0.5,0.68,1.05
0,20.0,47.0,0.17,0.5,0.68,1.05
0,20.0,47.0,0.17,0.5,0.68,1.05
0,20.0,47.0,0.17,0.5,0.68,1.05
0,20.0,47.0,0.17,0.5,0.68,1.05
0,20.0,47.0,0.17,0.5,0.68,1.05
0,20.0,47.0,0.17,0.5,0.68,1.05
0,20.0,47.0,0.17,0.5,0.68,1.05
0,20.0,47.0,0.17,0.5,0.68,1.05
0,20.0,47.0,0.17,0.5,0.68,1.05
0,20.0,47.0,0.17,0.5,0.68,1.05
0,20.0,47.0,0.17,0.5,0.68,1.05
0,20.0,47.0,0.17,0.5,0.68,1.05
0,20.0,47.0,0.17,0.5,0.68,1.05
0,20.0,47.0,0.17,0.5,0.68,1.05
0,20.0,47.0,0.17,0.5,0.68,1.05
0,20.0,47.0,0.17,0.5,0.68,1.05
0,20.0,47.1,0.17,0.5,0.68,1.05
0,20.0,47.1,0.17,0.5,0.68,1.05
0,20.0,47.0,0.17,0.5,0.68,1.05
0,20.0,47.1,0.17,0.5,0.68,1.05
0,20.0,47.0,0.17,0.5,0.68,1.05
0,20.0,47.0,0.17,0.5,0.68,1.05
0,20.0,47.0,0.17,0.5,0.68,1.05
0,20.0,47.0,0.17,0.5,0.68,1.05
0,20.0,47.0,0.17,0.5,0.68,1.05
0,20.0,47.0,0.17,0.5,0.68,1.05
0,20.0,47.1,0.17,0.5,0.68,1.05
0,20.0,47.0,0.17,0.5,0.68,1.05
0,20.0,47.1,0.17,0.5,0.68,1.05
0,20.0,47.0,0.17,0.5,0.68,1.05
0,20.0,47.1,0.17,0.5,0.68,1.05
0,20.0,47.0,0.17,0.5,0.68,1.05
0,20.0,47.0,0.17,0.5,0.68,1.05
0,20.0,47.0,0.17,0.5,0.68,1.05
0,20.0,47.0,0.17,0.5,0.68,1.05
0,20.0,47.0,0.17,0.5,0.68,1.05
0,20.0,47.1,0.17,0.5,0.68,1.05
0,20.0,47.0,0.17,0.5,0.68,1.05
0,20.0,47.0,0.17,0.5,0.68,1.05
0,20.0,47.0,0.17,0.5,0.68,1.05
0,20.0,47.0,0.17,0.5,0.68,1.05
0,20.0,47.1,0.17,0.5,0.68,1.05
0,20.0,47.0,0.17,0.5,0.68,1.05
0,20.0,47.0,0.17,0.5,0.68,1.05
0,20.0,47.1,0.17,0.5,0.68,1.05
0,20.0,47.0,0.17,0.5,0.68,1.05
0,20.0,47.0,0.17,0.5,0.68,1.05
0,20.0,47.1,0.17,0.5,0.68,1.05
0,20.0,47.0,0.17,0.5,0.68,1.05
0,20.0,47.1,0.17,0.5,0.68,1.05
0,20.0,47.0,0.17,0.5,0.68,1.05
0,20.0,47.0,0.17,0.5,0.68,1.05
0,20.0,47.0,0.17,0.5,0.68,1.05
0,20.0,47.0,0.17,0.5,0.68,1.05
0,20.0,47.0,0.17,0.5,0.68,1.05
0,20.0,47.0,0.17,0.5,0.68,1.05
0,20.0,47.0,0.17,0.5,0.68,1.05
0,20.0,47.0,0.17,0.5,0.68,1.05
0,20.0,47.0,0.17,0.5,0.68,1.05
0,20.0,47.0,0.17,0.5,0.68,1.05
0,20.0,47.0,0.17,0.5,0.68,1.05
0,20.0,47.0,0.17,0.5,0.67,1.05
0,20.0,47.0,0.17,0.5,0.68,1.05
0,20.0,47.0,0.17,0.5,0.68,1.05
0,20.0,47.0,0.17,0.5,0.68,1.05
0,20.0,47.0,0.17,0.5,0.68,1.05
0,20.0,47.1,0.17,0.5,0.68,1.05
0,20.0,47.0,0.17,0.5,0.67,1.05
0,20.0,47.0,0.17,0.5,0.68,1.05
0,20.0,47.0,0.17,0.5,0.68,1.05
0,20.0,47.0,0.17,0.5,0.67,1.05
0,20.0,47.0,0.17,0.5,0.68,1.05
0,20.0,47.0,0.17,0.5,0.67,1.05
0,20.0,47.0,0.17,0.5,0.68,1.05
0,20.0,47.0,0.17,0.5,0.68,1.05
0,20.0,47.0,0.17,0.5,0.68,1.05
0,20.0,47.0,0.17,0.5,0.68,1.05
0,20.0,47.1,0.17,0.5,0.68,1.05
0,20.0,47.1,0.17,0.5,0.68,1.05
0,20.0,47.1,0.17,0.5,0.67,1.05
0,20.0,47.1,0.17,0.5,0.68,1.05
0,20.0,47.1,0.17,0.5,0.68,1.05
0,20.0,47.1,0.17,0.5,0.68,1.05
0,20.0,47.0,0.17,0.5,0.68,1.05
0,20.0,47.0,0.17,0.5,0.68,1.05
0,20.0,47.0,0.17,0.5,0.67,1.05
0,20.0,47.0,0.17,0.5,0.68,1.05
0,20.0,47.1,0.17,0.5,0.68,1.05
0,20.0,47.0,0.17,0.5,0.68,1.05
0,20.0,47.0,0.17,0.5,0.68,1.05
0,20.0,47.0,0.17,0.5,0.68,1.05
0,20.0,47.0,0.17,0.5,0.68,1.05
0,20.0,47.0,0.17,0.5,0.67,1.05
0,20.0,47.0,0.17,0.5,0.67,1.05
0,20.0,47.1,0.17,0.5,0.67,1.05
0,20.0,47.1,0.17,0.5,0.68,1.05
0,20.0,47.0,0.17,0.5,0.68,1.05
0,20.0,47.0,0.17,0.5,0.67,1.05
0,20.0,47.1,0.17,0.5,0.68,1.05
0,20.0,47.1,0.17,0.5,0.68,1.05
0,20.0,47.1,0.17,0.5,0.67,1.05
0,20.0,47.0,0.17,0.5,0.67,1.05
0,20.0,47.1,0.17,0.5,0.68,1.05
0,20.0,47.1,0.17,0.5,0.68,1.05
0,20.0,47.1,0.17,0.5,0.68,1.05
0,20.0,47.1,0.17,0.5,0.67,1.05
0,20.0,47.0,0.17,0.5,0.68,1.05
0,20.0,47.0,0.17,0.5,0.68,1.05
0,20.0,47.1,0.17,0.5,0.68,1.05
0,20.0,47.1,0.17,0.5,0.68,1.05
0,20.0,47.1,0.17,0.5,0.68,1.05
0,20.0,47.1,0.17,0.5,0.67,1.05
0,20.0,47.1,0.17,0.5,0.68,1.05
0,20.0,47.1,0.17,0.5,0.68,1.05
0,20.0,47.0,0.17,0.5,0.68,1.05
0,20.0,47.0,0.17,0.5,0.68,1.05
0,20.0,47.1,0.17,0.5,0.67,1.05
0,20.0,47.1,0.17,0.5,0.67,1.05
0,20.0,47.1,0.17,0.5,0.67,1.05
0,20.0,47.1,0.17,0.5,0.67,1.05
0,20.0,47.1,0.17,0.5,0.67,1.05
0,20.0,47.0,0.17,0.5,0.68,1.05
0,20.0,47.1,0.17,0.5,0.67,1.05
0,20.0,47.1,0.17,0.5,0.67,1.05
0,20.0,47.0,0.17,0.5,0.67,1.05
0,20.0,47.1,0.17,0.5,0.67,1.05
0,20.0,47.0,0.17,0.5,0.67,1.05
0,20.0,47.0,0.17,0.5,0.68,1.05
0,20.0,47.1,0.17,0.5,0.67,1.05
0,20.0,47.1,0.17,0.5,0.68,1.05
0,20.0,47.1,0.17,0.5,0.68,1.05
0,20.0,47.0,0.17,0.5,0.67,1.05
0,20.0,47.0,0.17,0.5,0.68,1.05
1,20.0,48.1,0.33,1.28,2.11,2.85
1,20.0,48.1,0.33,1.28,2.11,2.82
1,20.0,48.1,0.33,1.28,2.11,2.81
1,20.0,48.1,0.33,1.28,2.11,2.85
1,20.0,48.1,0.33,1.28,2.12,2.86
1,20.0,48.2,0.33,1.29,2.12,2.85
1,20.0,48.1,0.33,1.29,2.13,2.83
1,20.0,48.2,0.33,1.3,2.13,2.85
1,20.0,48.2,0.33,1.3,2.13,2.83
1,20.0,48.2,0.34,1.31,2.14,2.9
1,20.0,48.2,0.35,1.32,2.15,2.92
1,20.0,48.2,0.34,1.33,2.15,2.88
1,20.0,48.2,0.34,1.34,2.15,2.87
1,20.0,48.2,0.34,1.34,2.15,2.84
1,20.0,48.2,0.35,1.34,2.15,2.86
1,20.0,48.2,0.34,1.35,2.15,2.88
1,20.0,48.2,0.34,1.36,2.15,2.86
1,20.0,48.2,0.34,1.35,2.15,2.85
1,20.0,48.2,0.34,1.36,2.15,2.87
1,20.0,48.1,0.34,1.36,2.15,2.84
1,20.0,48.1,0.34,1.36,2.15,2.86
1,20.0,48.1,0.34,1.36,2.15,2.82
1,20.0,48.2,0.34,1.35,2.15,2.84
1,20.0,48.1,0.34,1.35,2.14,2.82
1,20.0,48.1,0.34,1.36,2.15,2.89
1,20.0,48.1,0.34,1.36,2.16,2.86
1,20.0,48.1,0.35,1.36,2.16,2.9
1,20.0,48.2,0.35,1.36,2.16,2.85
1,20.0,48.2,0.33,1.35,2.15,2.75
1,20.0,48.1,0.33,1.34,2.15,2.76
1,20.0,48.1,0.33,1.34,2.15,2.79
1,20.0,48.1,0.33,1.34,2.14,2.76
1,20.0,48.1,0.33,1.33,2.15,2.84
1,20.0,48.1,0.33,1.33,2.14,2.8
1,20.0,48.1,0.33,1.32,2.14,2.75
1,20.0,48.1,0.32,1.32,2.13,2.76
1,20.0,48.1,0.32,1.31,2.12,2.72
1,20.0,48.0,0.32,1.31,2.12,2.76
1,20.0,48.1,0.32,1.32,2.13,2.81
1,20.0,48.1,0.33,1.32,2.13,2.84
1,20.0,48.1,0.33,1.33,2.13,2.81
1,20.0,48.1,0.33,1.32,2.13,2.79
1,20.0,48.1,0.33,1.32,2.13,2.79
1,20.0,48.1,0.32,1.32,2.12,2.76
1,20.0,48.1,0.32,1.32,2.12,2.78
1,20.0,48.1,0.32,1.31,2.12,2.79
1,20.0,48.2,0.32,1.31,2.12,2.81
1,20.0,48.1,0.32,1.31,2.12,2.75
1,20.0,48.1,0.32,1.31,2.12,2.77
1,20.0,48.1,0.32,1.31,2.12,2.77
1,20.0,48.1,0.32,1.31,2.12,2.78
1,20.0,48.1,0.32,1.31,2.12,2.77
1,20.0,48.1,0.32,1.31,2.11,2.75
1,20.0,48.1,0.32,1.31,2.11,2.81
1,20.0,48.1,0.33,1.31,2.12,2.85
1,20.0,48.1,0.33,1.31,2.12,2.83
1,20.0,48.1,0.33,1.31,2.13,2.81
1,20.0,48.1,0.32,1.3,2.13,2.76
1,20.0,48.2,0.33,1.31,2.12,2.82
1,20.0,48.1,0.33,1.32,2.13,2.85
1,20.0,48.2,0.33,1.32,2.14,2.78
1,20.0,48.2,0.34,1.33,2.14,2.84
1,20.0,48.2,0.34,1.34,2.15,2.86
1,20.0,48.2,0.34,1.35,2.15,2.88
1,20.0,48.2,0.34,1.35,2.15,2.89
1,20.0,48.2,0.34,1.36,2.15,2.89
1,20.0,48.2,0.34,1.36,2.15,2.83
1,20.0,48.2,0.34,1.36,2.15,2.82
1,20.0,48.2,0.33,1.35,2.14,2.79
1,20.0,48.1,0.32,1.34,2.13,2.78
1,20.0,48.1,0.33,1.34,2.13,2.84
1,20.0,48.1,0.32,1.34,2.13,2.78
1,20.0,48.1,0.33,1.33,2.12,2.77
1,20.0,48.1,0.33,1.32,2.12,2.8
1,20.0,48.1,0.32,1.32,2.11,2.78
1,20.0,48.1,0.32,1.31,2.11,2.75
1,20.0,48.1,0.33,1.31,2.11,2.79
1,20.0,48.1,0.32,1.31,2.11,2.74
1,20.0,48.1,0.32,1.31,2.11,2.74
1,20.0,48.1,0.32,1.3,2.12,2.77
1,20.0,48.1,0.32,1.31,2.12,2.81
1,20.0,48.1,0.32,1.3,2.12,2.75
1,20.0,48.1,0.32,1.3,2.11,2.77
1,20.0,48.1,0.32,1.3,2.11,2.74
1,20.0,48.1,0.32,1.3,2.11,2.8
1,20.0,48.1,0.32,1.31,2.11,2.79
1,20.0,48.1,0.33,1.31,2.12,2.81
1,20.0,48.1,0.33,1.32,2.12,2.85
1,20.0,48.1,0.33,1.33,2.12,2.89
1,20.0,48.1,0.34,1.34,2.14,2.86
1,20.0,48.2,0.34,1.34,2.14,2.85
1,20.0,48.2,0.33,1.34,2.13,2.8
1,20.0,48.2,0.33,1.33,2.12,2.68
1,20.0,48.1,0.33,1.32,2.12,2.81
1,20.0,48.2,0.34,1.32,2.12,2.87
1,20.0,48.2,0.35,1.32,2.12,2.85
1,20.0,48.1,0.34,1.32,2.12,2.78
1,20.0,48.2,0.33,1.31,2.11,2.77
1,20.0,48.1,0.33,1.31,2.11,2.75
1,20.0,48.1,0.32,1.31,2.11,2.78
1,20.0,48.2,0.33,1.31,2.11,2.77
1,20.0,48.1,0.33,1.3,2.11,2.75
1,20.0,48.2,0.32,1.3,2.1,2.75
1,20.0,48.2,0.32,1.3,2.1,2.75
1,20.0,48.1,0.32,1.3,2.1,2.79
1,20.0,48.1,0.33,1.29,2.11,2.81
1,20.0,48.1,0.33,1.29,2.1,2.77
1,20.0,48.1,0.32,1.29,2.1,2.76
1,20.0,48.2,0.32,1.29,2.1,2.76
1,20.0,48.2,0.32,1.29,2.1,2.75
1,20.0,48.2,0.32,1.28,2.09,2.74
1,20.0,48.2,0.31,1.28,2.1,2.75
1,20.0,48.1,0.32,1.28,2.1,2.76
1,20.0,48.1,0.32,1.29,2.1,2.75
1,20.0,48.1,0.31,1.28,2.1,2.7
1,20.0,48.1,0.31,1.28,2.1,2.69
1,20.0,48.1,0.31,1.28,2.09,2.71
1,20.0,48.1,0.32,1.29,2.09,2.78
1,20.0,48.1,0.32,1.3,2.1,2.85
1,20.0,48.1,0.33,1.3,2.11,2.82
1,20.0,48.1,0.33,1.31,2.11,2.85
1,20.0,48.2,0.33,1.32,2.12,2.85
1,20.0,48.2,0.33,1.32,2.13,2.84
1,20.0,48.2,0.33,1.32,2.13,2.85
1,20.0,48.2,0.33,1.32,2.13,2.75
1,20.0,48.2,0.32,1.31,2.12,2.71
1,20.0,48.2,0.32,1.3,2.11,2.75
1,20.0,48.1,0.31,1.3,2.1,2.71
1,20.0,48.1,0.31,1.29,2.1,2.7
1,20.0,48.2,0.31,1.29,2.09,2.69
1,20.0,48.1,0.31,1.29,2.1,2.75
1,20.0,48.1,0.31,1.29,2.1,2.74
1,20.0,48.1,0.32,1.29,2.1,2.78
1,20.0,48.1,0.32,1.3,2.1,2.8
1,20.0,48.1,0.32,1.3,2.1,2.75
1,20.0,48.2,0.31,1.3,2.1,2.75
1,20.0,48.1,0.31,1.29,2.09,2.74
1,20.0,48.0,0.32,1.29,2.1,2.75
1,20.0,48.1,0.32,1.3,2.09,2.8
1,20.0,48.0,0.32,1.3,2.09,2.78
1,20.0,48.0,0.32,1.3,2.09,2.81
1,20.0,48.0,0.32,1.3,2.09,2.74
1,20.0,48.1,0.31,1.29,2.09,2.71
1,20.0,48.0,0.31,1.29,2.08,2.77
1,20.0,48.0,0.32,1.3,2.09,2.76
1,20.0,48.1,0.32,1.3,2.1,2.79
1,20.0,48.1,0.33,1.31,2.11,2.81
1,20.0,48.1,0.33,1.32,2.11,2.78
1,20.0,48.1,0.32,1.31,2.11,2.76
1,20.0,48.1,0.32,1.3,2.1,2.73
1,20.0,48.1,0.32,1.3,2.1,2.75
1,20.0,48.1,0.31,1.29,2.09,2.72
1,20.0,48.1,0.31,1.29,2.09,2.75
1,20.0,48.1,0.31,1.29,2.09,2.76
1,20.0,48.1,0.32,1.3,2.1,2.79
1,20.0,48.1,0.32,1.3,2.1,2.74
1,20.0,48.1,0.31,1.29,2.09,2.73
1,20.0,48.1,0.32,1.29,2.09,2.78
1,20.0,48.1,0.32,1.29,2.09,2.75
1,20.0,48.1,0.32,1.29,2.09,2.74
1,20.0,48.1,0.32,1.29,2.09,2.76
1,20.0,48.1,0.31,1.29,2.09,2.69
1,20.0,48.1,0.31,1.28,2.08,2.72
1,20.0,48.1,0.31,1.28,2.08,2.76
1,20.0,48.1,0.32,1.28,2.09,2.8
1,20.0,48.1,0.33,1.28,2.09,2.83
1,20.0,48.1,0.33,1.29,2.09,2.82
1,20.0,48.1,0.33,1.28,2.09,2.79
1,20.0,48.1,0.33,1.28,2.09,2.78
1,20.0,48.1,0.32,1.28,2.08,2.72
1,20.0,48.1,0.32,1.28,2.08,2.69
1,20.0,48.2,0.32,1.28,2.08,2.71
1,20.0,48.2,0.31,1.27,2.08,2.73
1,20.0,48.1,0.31,1.28,2.08,2.74
1,20.0,48.1,0.31,1.27,2.08,2.7
1,20.0,48.1,0.31,1.27,2.08,2.7
1,20.0,48.1,0.31,1.27,2.08,2.75
1,20.0,48.1,0.32,1.28,2.08,2.77
1,20.0,48.1,0.32,1.27,2.08,2.71
1,20.0,48.1,0.31,1.27,2.07,2.7
1,20.0,48.0,0.31,1.27,2.07,2.63
1,20.0,48.0,0.3,1.27,2.07,2.69
1,20.0,48.1,0.31,1.27,2.07,2.77
1,20.0,48.1,0.31,1.26,2.07,2.73
1,20.0,48.2,0.31,1.27,2.07,2.75
1,20.0,48.1,0.32,1.26,2.07,2.77
1,20.0,48.1,0.32,1.26,2.07,2.77
1,20.0,48.1,0.32,1.27,2.07,2.76
1,20.0,48.1,0.32,1.26,2.06,2.78
1,20.0,48.1,0.33,1.27,2.06,2.76
1,20.0,48.1,0.32,1.26,2.06,2.74
1,20.0,48.2,0.32,1.26,2.06,2.7
1,20.0,48.1,0.31,1.26,2.05,2.67
1,20.0,48.2,0.31,1.25,2.05,2.69
1,20.0,48.1,0.31,1.26,2.06,2.75
1,20.0,48.1,0.32,1.26,2.07,2.73
1,20.0,48.1,0.31,1.26,2.07,2.74
1,20.0,48.1,0.31,1.26,2.07,2.67
1,20.0,48.1,0.31,1.26,2.06,2.69
1,20.0,48.1,0.31,1.26,2.06,2.73
1,20.0,48.1,0.31,1.27,2.07,2.75
1,20.0,48.1,0.31,1.26,2.07,2.76
1,20.0,48.1,0.31,1.26,2.07,2.7
1,20.0,48.1,0.31,1.26,2.06,2.71
1,20.0,48.1,0.31,1.26,2.07,2.76
1,20.0,48.1,0.31,1.27,2.07,2.78
1,20.0,48.1,0.31,1.28,2.08,2.78
1,20.0,48.2,0.32,1.28,2.09,2.81
1,20.0,48.1,0.32,1.28,2.09,2.84
1,20.0,48.1,0.32,1.29,2.1,2.84
1,20.0,48.2,0.33,1.29,2.1,2.85
1,20.0,48.2,0.34,1.3,2.11,2.87
1,20.0,48.2,0.35,1.3,2.11,2.86
1,20.0,48.2,0.35,1.31,2.11,2.86
1,20.0,48.2,0.35,1.31,2.11,2.85
1,20.0,48.2,0.35,1.32,2.11,2.85
1,20.0,48.2,0.35,1.32,2.11,2.85
1,20.0,48.2,0.35,1.32,2.11,2.84
1,20.0,48.2,0.35,1.32,2.11,2.84
1,20.0,48.2,0.35,1.32,2.11,2.82
1,20.0,48.2,0.35,1.31,2.11,2.79
1,20.0,48.2,0.34,1.31,2.1,2.76
1,20.0,48.2,0.34,1.3,2.1,2.77
1,20.0,48.2,0.34,1.3,2.09,2.77
1,20.0,48.2,0.34,1.3,2.09,2.77
1,20.0,48.2,0.34,1.29,2.09,2.77
1,20.0,48.2,0.34,1.29,2.09,2.76
1,20.0,48.1,0.34,1.29,2.09,2.75
1,20.0,48.2,0.33,1.29,2.09,2.75
1,20.0,48.1,0.33,1.29,2.08,2.75
1,20.0,48.1,0.32,1.28,2.08,2.74
1,20.0,48.1,0.33,1.28,2.07,2.76
1,20.0,48.2,0.33,1.28,2.08,2.78
1,20.0,48.1,0.33,1.28,2.08,2.77
1,20.0,48.2,0.34,1.28,2.08,2.79
1,20.0,48.2,0.34,1.28,2.08,2.78
1,20.0,48.2,0.34,1.28,2.08,2.74
1,20.0,48.2,0.33,1.28,2.08,2.74
1,20.0,48.1,0.33,1.27,2.07,2.73
1,20.0,48.1,0.33,1.27,2.07,2.71
1,20.0,48.2,0.32,1.27,2.07,2.73
1,20.0,48.1,0.32,1.27,2.07,2.75
1,20.0,48.2,0.33,1.27,2.07,2.75
1,20.0,48.1,0.33,1.27,2.07,2.76
1,20.0,48.1,0.32,1.27,2.07,2.7
1,20.0,48.2,0.32,1.26,2.07,2.67
1,20.0,48.1,0.31,1.26,2.07,2.72
1,20.0,48.2,0.32,1.28,2.08,2.76
1,20.0,48.2,0.32,1.28,2.08,2.75
1,20.0,48.1,0.32,1.28,2.09,2.76
1,20.0,48.2,0.32,1.28,2.09,2.72
1,20.0,48.1,0.31,1.27,2.07,2.69
1,20.0,48.1,0.31,1.28,2.07,2.74
1,20.0,48.1,0.31,1.28,2.08,2.71
1,20.0,48.1,0.31,1.28,2.08,2.71
1,20.0,48.1,0.31,1.28,2.08,2.72
1,20.0,48.1,0.31,1.27,2.07,2.71
1,20.0,48.1,0.31,1.28,2.07,2.82
1,20.0,48.1,0.32,1.28,2.08,2.81
1,20.0,48.1,0.32,1.28,2.08,2.73
1,20.0,48.1,0.31,1.28,2.08,2.75
1,20.0,48.1,0.31,1.28,2.08,2.67
1,20.0,48.1,0.3,1.28,2.07,2.7
1,20.0,48.1,0.31,1.27,2.07,2.75
1,20.0,48.1,0.32,1.27,2.07,2.75
1,20.0,48.1,0.32,1.27,2.07,2.78
1,20.0,48.1,0.32,1.27,2.07,2.72
1,20.0,48.1,0.31,1.27,2.06,2.69
1,20.0,48.1,0.31,1.26,2.06,2.67
1,20.0,48.1,0.31,1.27,2.06,2.74
1,20.0,48.1,0.32,1.28,2.07,2.77
1,20.0,48.1,0.32,1.29,2.09,2.85
1,20.0,48.2,0.33,1.3,2.1,2.81
1,20.0,48.2,0.33,1.3,2.11,2.81
1,20.0,48.2,0.33,1.32,2.11,2.8
1,20.0,48.2,0.32,1.31,2.11,2.76
1,20.0,48.2,0.32,1.31,2.1,2.73
1,20.0,48.2,0.31,1.3,2.09,2.67
1,20.0,48.2,0.32,1.3,2.08,2.72
1,20.0,48.1,0.32,1.3,2.08,2.79
1,20.0,48.1,0.32,1.31,2.09,2.8
1,20.0,48.1,0.33,1.32,2.1,2.82
1,20.0,48.1,0.33,1.33,2.11,2.84
1,20.0,48.2,0.34,1.34,2.12,2.85
1,20.0,48.2,0.34,1.35,2.13,2.85
1,20.0,48.2,0.34,1.35,2.13,2.81
1,20.0,48.2,0.33,1.35,2.13,2.77
1,20.0,48.2,0.33,1.35,2.13,2.77
1,20.0,48.2,0.33,1.35,2.12,2.83
1,20.0,48.2,0.34,1.36,2.12,2.84
1,20.0,48.2,0.34,1.36,2.13,2.82
1,20.0,48.1,0.34,1.37,2.12,2.81
1,20.0,48.2,0.33,1.37,2.12,2.81
1,20.0,48.2,0.34,1.37,2.13,2.82
1,20.0,48.1,0.34,1.37,2.13,2.84
1,20.0,48.1,0.33,1.37,2.12,2.75
1,20.0,48.1,0.33,1.36,2.12,2.72
1,20.0,48.1,0.33,1.36,2.11,2.72
1,20.0,48.0,0.33,1.36,2.1,2.76
1,20.0,48.0,0.33,1.36,2.11,2.78
1,20.0,48.1,0.33,1.36,2.11,2.79
1,20.0,48.1,0.33,1.37,2.11,2.79
1,20.0,48.1,0.33,1.37,2.12,2.78
1,20.0,48.1,0.33,1.37,2.12,2.78
1,20.0,48.1,0.33,1.37,2.12,2.83
1,20.0,48.1,0.33,1.37,2.12,2.81
1,20.0,48.1,0.33,1.37,2.12,2.8
1,20.0,48.1,0.33,1.37,2.13,2.76
1,20.0,48.0,0.33,1.37,2.12,2.78
1,20.0,48.1,0.33,1.37,2.13,2.79
1,20.0,48.1,0.34,1.38,2.13,2.82
1,20.0,48.1,0.34,1.38,2.14,2.82
1,20.0,48.2,0.34,1.39,2.14,2.79
1,20.0,48.2,0.34,1.38,2.14,2.81
1,20.0,48.1,0.34,1.38,2.14,2.78
1,20.0,48.1,0.34,1.39,2.14,2.82
1,20.0,48.1,0.34,1.39,2.14,2.78
1,20.0,48.1,0.33,1.39,2.14,2.8
1,20.0,48.1,0.34,1.39,2.14,2.81
1,20.0,48.1,0.33,1.39,2.14,2.77
1,20.0,48.1,0.33,1.38,2.13,2.76
1,20.0,48.0,0.32,1.37,2.12,2.65
1,20.0,48.0,0.31,1.36,2.11,2.61
1,20.0,48.0,0.31,1.35,2.11,2.64
1,20.0,48.1,0.31,1.34,2.1,2.64
1,20.0,48.0,0.31,1.33,2.09,2.65
1,20.0,48.1,0.3,1.33,2.08,2.65
1,20.0,48.0,0.3,1.32,2.08,2.66
1,20.0,48.0,0.3,1.32,2.07,2.66
1,20.0,48.0,0.3,1.31,2.07,2.65
1,20.0,48.0,0.3,1.31,2.07,2.68
1,20.0,48.0,0.3,1.31,2.07,2.67
1,20.0,48.0,0.3,1.3,2.07,2.66
1,20.0,48.0,0.3,1.3,2.07,2.68
1,20.0,48.0,0.3,1.3,2.07,2.67
1,20.0,48.1,0.3,1.3,2.07,2.69
1,20.0,48.0,0.3,1.29,2.06,2.64
1,20.0,48.0,0.3,1.28,2.06,2.64
1,20.0,48.0,0.3,1.28,2.06,2.66
1,20.0,48.1,0.3,1.28,2.06,2.67
1,20.0,48.1,0.3,1.28,2.06,2.65
1,20.0,48.1,0.3,1.28,2.06,2.68
1,20.0,48.1,0.3,1.27,2.06,2.67
1,20.0,48.1,0.3,1.27,2.05,2.69
1,20.0,48.1,0.3,1.27,2.05,2.65
1,20.0,48.1,0.3,1.27,2.05,2.67
1,20.0,48.1,0.3,1.27,2.05,2.66
1,20.0,48.1,0.3,1.27,2.05,2.64
1,20.0,48.1,0.29,1.26,2.05,2.64
1,20.0,48.1,0.3,1.26,2.05,2.67
1,20.0,48.1,0.3,1.26,2.05,2.65
1,20.0,48.1,0.3,1.26,2.05,2.59
1,20.0,48.0,0.29,1.26,2.04,2.65
1,19.9,48.0,0.3,1.26,2.04,2.66
1,20.0,48.0,0.29,1.25,2.04,2.65
1,20.0,48.0,0.3,1.25,2.04,2.58
1,20.0,48.1,0.29,1.25,2.04,2.62
1,20.0,48.0,0.3,1.25,2.04,2.64
1,20.0,48.0,0.3,1.25,2.04,2.74
1,20.0,48.0,0.31,1.26,2.05,2.75
1,20.0,48.1,0.31,1.27,2.07,2.76
1,20.0,48.2,0.32,1.29,2.07,2.84
1,20.0,48.1,0.32,1.29,2.08,2.82
1,20.0,48.2,0.32,1.29,2.09,2.78
1,20.0,48.2,0.32,1.29,2.09,2.76
1,20.0,48.2,0.31,1.29,2.08,2.67
1,20.0,48.1,0.31,1.28,2.07,2.63
1,20.0,48.1,0.3,1.27,2.06,2.63
1,20.0,48.1,0.3,1.27,2.06,2.64
1,20.0,48.1,0.3,1.27,2.06,2.7
1,20.0,48.1,0.31,1.27,2.07,2.72
1,20.0,48.1,0.31,1.28,2.08,2.78
1,20.0,48.1,0.31,1.28,2.07,2.72
1,20.0,48.1,0.31,1.27,2.07,2.72
1,20.0,48.1,0.31,1.28,2.07,2.77
1,20.0,48.1,0.32,1.29,2.08,2.79
1,20.0,48.2,0.33,1.3,2.09,2.82
1,20.0,48.2,0.32,1.3,2.09,2.7
1,20.0,48.2,0.31,1.29,2.08,2.69
1,20.0,48.1,0.31,1.29,2.08,2.73
1,20.0,48.1,0.31,1.29,2.07,2.73
1,20.0,48.1,0.31,1.28,2.07,2.69
1,20.0,48.1,0.3,1.28,2.07,2.7
1,20.0,48.1,0.31,1.28,2.07,2.76
1,20.0,48.1,0.31,1.29,2.08,2.81
1,20.0,48.1,0.31,1.3,2.08,2.78
1,20.0,48.1,0.32,1.31,2.08,2.78
1,20.0,48.1,0.32,1.31,2.08,2.75
1,20.0,48.0,0.31,1.3,2.07,2.65
1,20.0,48.1,0.31,1.3,2.06,2.65
1,20.0,48.0,0.31,1.3,2.05,2.64
1,20.0,48.0,0.31,1.3,2.05,2.7
1,20.0,48.0,0.31,1.29,2.05,2.71
1,20.0,48.0,0.31,1.29,2.05,2.71
1,20.0,48.1,0.31,1.29,2.06,2.71
1,20.0,48.1,0.31,1.3,2.06,2.7
1,20.0,48.0,0.32,1.3,2.06,2.76
1,20.0,48.1,0.32,1.31,2.07,2.71
1,20.0,48.1,0.32,1.31,2.07,2.71
1,20.0,48.1,0.32,1.31,2.08,2.73
1,20.0,48.1,0.32,1.31,2.08,2.71
1,20.0,48.2,0.31,1.3,2.09,2.69
1,20.0,48.2,0.31,1.31,2.09,2.77
1,20.0,48.2,0.32,1.31,2.09,2.77
1,20.0,48.2,0.32,1.31,2.1,2.76
1,20.0,48.2,0.32,1.31,2.1,2.73
1,20.0,48.2,0.31,1.31,2.09,2.73
1,20.0,48.2,0.32,1.31,2.09,2.75
1,20.0,48.1,0.32,1.31,2.09,2.69
1,20.0,48.1,0.31,1.3,2.08,2.63
1,20.0,48.1,0.31,1.29,2.08,2.7
1,20.0,48.1,0.31,1.29,2.07,2.73
1,20.0,48.1,0.32,1.29,2.07,2.75
1,20.0,48.1,0.32,1.28,2.07,2.69
1,20.0,48.1,0.31,1.28,2.07,2.64
1,20.0,48.1,0.3,1.27,2.06,2.63
1,20.0,48.1,0.3,1.27,2.06,2.6
1,20.0,48.1,0.3,1.26,2.05,2.56
1,20.0,48.1,0.3,1.26,2.05,2.53
1,20.0,48.0,0.29,1.25,2.04,2.54
1,20.0,48.0,0.29,1.25,2.04,2.63
1,20.0,48.0,0.29,1.25,2.04,2.62
1,20.0,48.1,0.3,1.25,2.04,2.71
1,20.0,48.0,0.3,1.25,2.04,2.64
1,20.0,48.0,0.3,1.25,2.03,2.71
1,20.0,48.1,0.31,1.25,2.03,2.72
1,20.0,48.1,0.31,1.25,2.04,2.67
1,20.0,48.1,0.3,1.25,2.03,2.65
1,20.0,48.1,0.3,1.25,2.03,2.65
1,20.0,48.0,0.3,1.26,2.04,2.78
1,20.0,48.1,0.31,1.27,2.05,2.78
1,20.0,48.1,0.32,1.28,2.06,2.82
1,20.0,48.1,0.32,1.29,2.06,2.76
1,20.0,48.1,0.32,1.29,2.07,2.77
1,20.0,48.1,0.32,1.3,2.07,2.74
1,20.0,48.1,0.33,1.31,2.08,2.78
1,20.0,48.1,0.33,1.32,2.08,2.79
1,20.0,48.1,0.32,1.31,2.08,2.71
1,20.0,48.1,0.32,1.31,2.08,2.71
1,20.0,48.1,0.32,1.32,2.08,2.75
1,20.0,48.1,0.33,1.32,2.09,2.77
1,20.0,48.2,0.33,1.32,2.1,2.8
1,20.0,48.2,0.33,1.33,2.1,2.8
1,20.0,48.2,0.33,1.34,2.1,2.79
1,20.0,48.2,0.33,1.34,2.1,2.76
1,20.0,48.1,0.33,1.34,2.09,2.71
1,20.0,48.1,0.32,1.33,2.08,2.66
1,20.0,48.0,0.32,1.33,2.08,2.65
1,20.0,48.0,0.32,1.33,2.07,2.7
1,20.0,48.0,0.31,1.32,2.06,2.68
1,20.0,48.0,0.31,1.31,2.06,2.59
1,20.0,48.0,0.3,1.3,2.05,2.55
1,20.0,48.0,0.29,1.29,2.05,2.52
1,20.0,48.0,0.29,1.28,2.05,2.56
1,20.0,48.0,0.29,1.28,2.05,2.65
1,20.0,48.0,0.3,1.28,2.05,2.63
1,20.0,48.0,0.3,1.27,2.05,2.72
1,20.0,48.1,0.31,1.28,2.05,2.7
1,20.0,48.0,0.3,1.27,2.05,2.65
1,20.0,48.0,0.3,1.27,2.05,2.67
1,20.0,48.0,0.3,1.27,2.05,2.68
1,20.0,48.0,0.3,1.27,2.04,2.63
1,20.0,48.0,0.3,1.26,2.04,2.65
1,20.0,48.0,0.3,1.26,2.04,2.65
1,20.0,48.0,0.3,1.26,2.04,2.67
1,20.0,48.0,0.3,1.26,2.04,2.65
1,20.0,48.0,0.3,1.26,2.03,2.64
1,20.0,48.0,0.29,1.25,2.03,2.62
1,20.0,48.0,0.29,1.25,2.03,2.68
1,20.0,48.0,0.29,1.25,2.03,2.62
1,20.0,48.0,0.29,1.25,2.03,2.61
1,20.0,48.0,0.29,1.25,2.03,2.63
1,20.0,48.1,0.29,1.24,2.02,2.64
1,20.0,48.1,0.29,1.24,2.02,2.65
1,20.0,48.0,0.29,1.24,2.02,2.63
1,20.0,48.0,0.29,1.24,2.02,2.67
1,20.0,48.1,0.29,1.24,2.02,2.66
1,20.0,48.1,0.29,1.24,2.02,2.65
1,20.0,48.0,0.29,1.24,2.02,2.63
1,20.0,48.1,0.3,1.24,2.03,2.72
1,20.0,48.1,0.3,1.24,2.03,2.68
1,20.0,48.1,0.3,1.24,2.03,2.63
1,20.0,48.1,0.3,1.24,2.03,2.61
1,20.0,48.1,0.3,1.24,2.03,2.65
1,20.0,48.1,0.3,1.23,2.02,2.63
1,20.0,48.1,0.3,1.23,2.02,2.68
1,20.0,48.1,0.3,1.23,2.03,2.73
1,20.0,48.1,0.31,1.24,2.03,2.73
1,20.0,48.1,0.31,1.24,2.03,2.74
1,20.0,48.1,0.31,1.24,2.03,2.66
1,20.0,48.2,0.31,1.23,2.03,2.65
1,20.0,48.1,0.3,1.23,2.02,2.59
1,20.0,48.1,0.3,1.23,2.02,2.65
1,20.0,48.1,0.3,1.24,2.02,2.68
1,20.0,48.1,0.31,1.25,2.03,2.68
1,20.0,48.1,0.31,1.25,2.04,2.72
1,20.0,48.1,0.3,1.25,2.04,2.67
1,20.0,48.1,0.3,1.24,2.04,2.6
1,20.0,48.2,0.3,1.23,2.04,2.66
1,20.0,48.2,0.29,1.23,2.04,2.63
1,20.0,48.2,0.3,1.23,2.04,2.65
1,20.0,48.1,0.3,1.23,2.04,2.69
1,20.0,48.2,0.3,1.23,2.05,2.7
1,20.0,48.2,0.3,1.23,2.04,2.68
1,20.0,48.2,0.3,1.23,2.04,2.68
1,20.0,48.2,0.3,1.23,2.04,2.62
1,20.0,48.1,0.3,1.23,2.03,2.63
1,20.0,48.2,0.3,1.22,2.03,2.62
1,20.0,48.1,0.3,1.23,2.03,2.66
1,20.0,48.1,0.3,1.23,2.03,2.65
1,20.0,48.1,0.3,1.23,2.03,2.64
1,20.0,48.1,0.3,1.23,2.03,2.65
1,20.0,48.2,0.29,1.23,2.03,2.65
1,20.0,48.2,0.3,1.23,2.03,2.64
1,20.0,48.1,0.29,1.22,2.02,2.64
1,20.0,48.1,0.29,1.22,2.02,2.63
1,20.0,48.1,0.29,1.22,2.02,2.64
1,20.0,48.1,0.29,1.22,2.01,2.64
1,20.0,48.1,0.29,1.22,2.01,2.61
1,20.0,48.1,0.29,1.22,2.01,2.6
1,20.0,48.1,0.29,1.22,2.01,2.61
1,20.0,48.1,0.3,1.22,2.01,2.74
1,20.0,48.1,0.31,1.23,2.02,2.8
1,20.0,48.1,0.31,1.24,2.03,2.81
1,19.9,48.2,0.31,1.25,2.04,2.78
1,20.0,48.2,0.31,1.26,2.04,2.73
1,20.0,48.2,0.31,1.26,2.04,2.78
1,20.0,48.2,0.31,1.27,2.05,2.77
1,20.0,48.1,0.31,1.27,2.05,2.75
1,20.0,48.2,0.32,1.28,2.05,2.8
1,20.0,48.1,0.32,1.29,2.05,2.8
1,20.0,48.1,0.33,1.3,2.06,2.82
1,20.0,48.1,0.33,1.31,2.07,2.85
1,20.0,48.2,0.33,1.32,2.08,2.83
1,20.0,48.2,0.33,1.32,2.09,2.81
1,20.0,48.2,0.33,1.33,2.09,2.77
1,20.0,48.2,0.33,1.33,2.08,2.76
1,20.0,48.2,0.33,1.34,2.09,2.81
1,20.0,48.2,0.33,1.34,2.09,2.76
1,20.0,48.2,0.32,1.33,2.08,2.75
1,20.0,48.1,0.32,1.33,2.08,2.76
1,20.0,48.1,0.32,1.33,2.07,2.7
1,20.0,48.1,0.32,1.32,2.07,2.67
1,20.0,48.1,0.31,1.32,2.06,2.66
1,20.0,48.1,0.3,1.31,2.05,2.6
1,20.0,48.1,0.3,1.3,2.05,2.61
1,20.0,48.1,0.31,1.3,2.05,2.67
1,20.0,48.1,0.31,1.3,2.06,2.72
1,20.0,48.1,0.31,1.31,2.06,2.75
1,20.0,48.1,0.32,1.32,2.07,2.76
1,20.0,48.1,0.32,1.32,2.08,2.78
1,20.0,48.2,0.32,1.32,2.09,2.73
1,20.0,48.2,0.32,1.33,2.08,2.76
1,20.0,48.2,0.32,1.32,2.08,2.72
1,20.0,48.1,0.31,1.32,2.07,2.64
1,20.0,48.0,0.31,1.3,2.06,2.61
1,20.0,48.1,0.3,1.3,2.06,2.63
1,20.0,48.0,0.3,1.29,2.05,2.65
1,20.0,48.0,0.3,1.29,2.05,2.61
1,20.0,48.0,0.3,1.28,2.05,2.64
1,20.0,48.1,0.3,1.28,2.05,2.66
1,20.0,48.1,0.3,1.27,2.04,2.63
1,20.0,48.1,0.3,1.27,2.05,2.68
1,20.0,48.1,0.3,1.27,2.05,2.66
1,20.0,48.1,0.31,1.28,2.05,2.76
1,20.0,48.1,0.31,1.3,2.06,2.77
1,20.0,48.2,0.32,1.3,2.07,2.75
1,20.0,48.2,0.32,1.31,2.08,2.81
1,20.0,48.2,0.32,1.31,2.08,2.73
1,20.0,48.2,0.32,1.31,2.08,2.72
1,20.0,48.1,0.32,1.31,2.08,2.76
1,20.0,48.2,0.32,1.32,2.09,2.84
1,20.0,48.2,0.33,1.33,2.09,2.83
1,20.0,48.2,0.33,1.33,2.1,2.75
1,20.0,48.2,0.33,1.33,2.1,2.68
1,20.0,48.2,0.31,1.32,2.08,2.61
1,20.0,48.1,0.31,1.3,2.07,2.6
1,20.0,48.1,0.31,1.3,2.07,2.61
1,20.0,48.1,0.31,1.31,2.07,2.74
1,20.0,48.1,0.31,1.31,2.08,2.73
1,20.0,48.1,0.32,1.31,2.08,2.72
1,20.0,48.1,0.31,1.31,2.08,2.77
1,20.0,48.1,0.32,1.32,2.08,2.74
1,20.0,48.1,0.32,1.32,2.07,2.74
1,20.0,48.1,0.32,1.31,2.07,2.68
1,20.0,48.1,0.31,1.31,2.07,2.65
1,20.0,48.1,0.31,1.31,2.06,2.67
1,20.0,48.1,0.31,1.31,2.06,2.74
1,20.0,48.1,0.31,1.31,2.06,2.74
1,20.0,48.1,0.31,1.31,2.06,2.7
1,20.0,48.1,0.31,1.31,2.07,2.7
1,20.0,48.1,0.31,1.31,2.06,2.68
1,20.0,48.1,0.31,1.31,2.06,2.74
1,20.0,48.1,0.31,1.31,2.06,2.67
1,20.0,48.1,0.31,1.31,2.06,2.7
1,20.0,48.1,0.31,1.3,2.05,2.65
1,20.0,48.1,0.3,1.3,2.05,2.66
1,20.0,48.1,0.3,1.29,2.04,2.62
1,20.0,48.0,0.3,1.28,2.04,2.59
1,20.0,48.1,0.3,1.28,2.04,2.64
1,20.0,48.0,0.29,1.28,2.03,2.64
1,20.0,48.0,0.29,1.27,2.03,2.63
1,20.0,48.0,0.3,1.27,2.03,2.65
1,20.0,48.1,0.3,1.27,2.03,2.65
1,20.0,48.0,0.3,1.27,2.03,2.62
1,20.0,48.1,0.3,1.26,2.03,2.63
1,20.0,48.1,0.29,1.26,2.03,2.61
1,20.0,48.1,0.29,1.26,2.03,2.63
1,20.0,48.1,0.29,1.25,2.02,2.58
1,20.0,48.1,0.3,1.26,2.02,2.67
1,20.0,48.1,0.3,1.26,2.03,2.6
1,20.0,48.0,0.29,1.26,2.02,2.51
1,20.0,48.0,0.29,1.25,2.01,2.6
1,20.0,48.0,0.3,1.25,2.02,2.6
1,20.0,48.0,0.29,1.25,2.02,2.64
1,20.0,48.1,0.29,1.25,2.02,2.64
1,20.0,48.1,0.29,1.25,2.02,2.63
1,20.0,48.1,0.29,1.25,2.02,2.65
1,20.0,48.1,0.29,1.24,2.02,2.62
1,20.0,48.1,0.29,1.24,2.02,2.59
1,20.0,48.1,0.29,1.24,2.01,2.61
1,20.0,48.1,0.29,1.24,2.01,2.61
1,20.0,48.1,0.29,1.23,2.01,2.59
1,20.0,48.1,0.29,1.23,2.01,2.57
1,20.0,48.0,0.29,1.23,2.01,2.6
1,20.0,48.0,0.29,1.23,2.01,2.6
1,20.0,48.1,0.3,1.24,2.01,2.7
1,20.0,48.0,0.3,1.25,2.02,2.79
1,20.0,48.1,0.3,1.25,2.03,2.71
1,20.0,48.1,0.3,1.25,2.03,2.69
1,20.0,48.1,0.31,1.26,2.04,2.74
1,20.0,48.1,0.31,1.27,2.05,2.77
1,20.0,48.2,0.31,1.27,2.05,2.76
1,20.0,48.2,0.32,1.28,2.06,2.82
1,20.0,48.2,0.32,1.29,2.06,2.76
1,20.0,48.1,0.32,1.3,2.06,2.77
1,20.0,48.1,0.32,1.3,2.06,2.75
1,20.0,48.1,0.31,1.29,2.05,2.64
1,20.0,48.0,0.31,1.29,2.04,2.6
1,20.0,48.0,0.3,1.28,2.04,2.62
1,20.0,48.0,0.3,1.28,2.03,2.63
1,20.0,48.0,0.3,1.27,2.03,2.65
1,20.0,48.0,0.3,1.28,2.03,2.74
1,20.0,48.0,0.31,1.29,2.04,2.72
1,20.0,48.0,0.32,1.3,2.04,2.78
1,20.0,48.0,0.31,1.29,2.05,2.71
1,20.0,48.1,0.31,1.29,2.05,2.69
1,20.0,48.1,0.3,1.28,2.05,2.57
1,20.0,48.1,0.3,1.27,2.04,2.61
1,20.0,48.0,0.3,1.27,2.04,2.61
1,20.0,48.1,0.3,1.26,2.03,2.61
1,20.0,48.1,0.29,1.25,2.03,2.62
1,20.0,48.0,0.29,1.25,2.03,2.6
1,20.0,48.1,0.29,1.25,2.02,2.66
1,20.0,48.0,0.3,1.26,2.03,2.67
1,20.0,48.1,0.3,1.26,2.03,2.71
1,20.0,48.0,0.3,1.26,2.02,2.67
1,20.0,48.1,0.3,1.26,2.02,2.62
1,20.0,48.0,0.3,1.26,2.02,2.63
1,20.0,48.0,0.3,1.25,2.02,2.6
1,20.0,48.0,0.29,1.25,2.02,2.61
1,20.0,48.0,0.29,1.25,2.01,2.63
1,20.0,48.0,0.29,1.25,2.01,2.62
1,20.0,48.0,0.29,1.25,2.01,2.64
1,20.0,48.0,0.29,1.25,2.01,2.6
1,20.0,48.1,0.29,1.25,2.01,2.59
1,20.0,48.0,0.3,1.25,2.01,2.7
1,20.0,48.0,0.3,1.25,2.02,2.72
1,20.0,48.1,0.3,1.25,2.03,2.7
1,20.0,48.0,0.31,1.25,2.02,2.69
1,20.0,48.0,0.3,1.25,2.03,2.62
1,20.0,48.0,0.3,1.25,2.03,2.66
1,20.0,48.0,0.3,1.25,2.03,2.68
1,20.0,48.0,0.3,1.25,2.03,2.69
1,20.0,48.1,0.3,1.25,2.03,2.72
1,20.0,48.0,0.3,1.25,2.03,2.61
1,20.0,48.1,0.3,1.25,2.02,2.61
1,20.0,48.0,0.29,1.25,2.02,2.6
1,20.0,48.0,0.29,1.24,2.02,2.63
1,20.0,48.0,0.29,1.24,2.02,2.63
1,20.0,48.0,0.29,1.24,2.02,2.66
1,20.0,48.1,0.3,1.24,2.02,2.71
1,20.0,48.1,0.31,1.24,2.02,2.7
1,20.0,48.0,0.31,1.24,2.02,2.68
1,20.0,48.1,0.3,1.24,2.02,2.69
1,20.0,48.1,0.3,1.24,2.02,2.66
1,20.0,48.0,0.3,1.24,2.02,2.61
1,20.0,48.1,0.3,1.23,2.01,2.61
1,20.0,48.1,0.3,1.23,2.01,2.6
1,20.0,48.0,0.29,1.23,2.01,2.6
1,20.0,48.1,0.29,1.22,2.0,2.58
1,20.0,48.1,0.29,1.22,2.0,2.62
1,20.0,48.1,0.29,1.22,2.0,2.64
1,20.0,48.0,0.3,1.23,2.01,2.67
1,20.0,48.0,0.3,1.23,2.01,2.66
1,20.0,48.1,0.3,1.23,2.02,2.72
1,20.0,48.1,0.3,1.23,2.02,2.61
1,20.0,48.1,0.29,1.23,2.01,2.63
1,20.0,48.1,0.29,1.23,2.02,2.6
1,20.0,48.1,0.29,1.22,2.01,2.61
1,20.0,48.1,0.29,1.22,2.01,2.58
1,20.0,48.1,0.29,1.22,2.01,2.61
1,20.0,48.1,0.29,1.22,2.0,2.63
1,20.0,48.1,0.29,1.21,2.0,2.6
1,20.0,48.1,0.29,1.21,2.0,2.6
1,20.0,48.1,0.29,1.21,2.0,2.57
1,20.0,48.0,0.29,1.21,1.99,2.57
1,20.0,48.1,0.29,1.21,1.99,2.56
1,20.0,48.1,0.29,1.21,1.99,2.61
1,20.0,48.0,0.29,1.21,2.0,2.63
1,20.0,48.1,0.29,1.21,2.0,2.64
1,20.0,48.1,0.3,1.21,2.01,2.7
1,20.0,48.1,0.3,1.22,2.02,2.73
1,20.0,48.2,0.31,1.24,2.03,2.76
1,20.0,48.2,0.31,1.25,2.04,2.74
1,20.0,48.2,0.3,1.24,2.02,2.64
1,20.0,48.1,0.3,1.23,2.01,2.55
1,20.0,48.1,0.3,1.23,2.01,2.65
1,20.0,48.0,0.3,1.24,2.02,2.75
1,20.0,48.1,0.3,1.25,2.02,2.72
1,20.0,48.1,0.3,1.25,2.02,2.68
1,20.0,48.0,0.31,1.25,2.02,2.69
1,20.0,48.0,0.3,1.25,2.02,2.62
1,20.0,48.0,0.3,1.24,2.01,2.64
1,20.0,48.1,0.3,1.24,2.01,2.62
1,20.0,48.0,0.29,1.23,2.0,2.55
1,20.0,48.0,0.29,1.23,2.0,2.55
1,20.0,48.0,0.29,1.22,1.99,2.6
1,20.0,48.0,0.29,1.22,2.0,2.61
1,20.0,48.0,0.29,1.22,1.99,2.52
1,20.0,48.0,0.29,1.21,1.99,2.6
1,20.0,48.0,0.29,1.21,1.99,2.59
1,20.0,48.0,0.28,1.22,1.99,2.6
1,20.0,48.0,0.29,1.21,1.99,2.61
1,20.0,48.1,0.29,1.21,1.99,2.62
1,20.0,48.0,0.29,1.21,2.0,2.64
1,20.0,48.0,0.29,1.21,2.0,2.61
1,20.0,48.0,0.29,1.21,2.0,2.64
1,20.0,48.1,0.29,1.21,2.0,2.63
1,20.0,48.0,0.29,1.21,2.0,2.65
1,20.0,48.1,0.29,1.21,2.01,2.63
1,20.0,48.0,0.29,1.21,2.01,2.65
1,20.0,48.1,0.29,1.21,2.01,2.65
1,20.0,48.1,0.29,1.21,2.01,2.64
1,20.0,48.1,0.3,1.21,2.0,2.65
1,20.0,48.1,0.3,1.21,2.0,2.68
1,20.0,48.1,0.3,1.22,2.01,2.71
1,20.0,48.1,0.31,1.22,2.0,2.72
1,20.0,48.1,0.31,1.22,2.01,2.71
1,20.0,48.1,0.3,1.21,2.0,2.64
1,20.0,48.1,0.3,1.21,2.0,2.62
1,20.0,48.1,0.29,1.21,2.0,2.61
1,20.0,48.1,0.29,1.21,2.0,2.64
1,20.0,48.1,0.29,1.21,2.0,2.61
1,20.0,48.1,0.29,1.21,2.0,2.61
1,20.0,48.1,0.29,1.21,2.0,2.61
1,20.0,48.1,0.3,1.21,2.0,2.68
1,20.0,48.1,0.3,1.21,2.0,2.69
1,20.0,48.1,0.31,1.21,2.0,2.7
1,20.0,48.1,0.31,1.21,2.01,2.67
1,20.0,48.2,0.31,1.21,2.0,2.68
1,20.0,48.1,0.31,1.22,2.0,2.71
1,20.0,48.1,0.31,1.22,2.01,2.73
1,20.0,48.2,0.31,1.22,2.01,2.72
1,20.0,48.1,0.32,1.22,2.01,2.71
1,20.0,48.2,0.31,1.22,2.01,2.65
1,20.0,48.2,0.31,1.22,2.01,2.64
1,20.0,48.2,0.31,1.22,2.01,2.64
1,20.0,48.1,0.31,1.22,2.01,2.68
1,20.0,48.1,0.31,1.22,2.01,2.68
1,20.0,48.1,0.3,1.22,2.01,2.68
1,20.0,48.2,0.31,1.22,2.01,2.7
1,20.0,48.2,0.31,1.22,2.01,2.72
1,20.0,48.2,0.32,1.22,2.01,2.71
1,20.0,48.2,0.31,1.22,2.01,2.68
1,20.0,48.2,0.31,1.22,2.01,2.7
1,20.0,48.2,0.31,1.22,2.01,2.68
1,20.0,48.2,0.31,1.22,2.01,2.66
1,20.0,48.2,0.32,1.22,2.01,2.72
1,20.0,48.2,0.33,1.23,2.01,2.79
1,20.0,48.2,0.34,1.24,2.03,2.8
1,20.0,48.2,0.34,1.24,2.03,2.79
1,20.0,48.2,0.34,1.25,2.04,2.74
1,20.0,48.2,0.33,1.24,2.03,2.68
1,20.0,48.2,0.33,1.24,2.03,2.68
1,20.0,48.2,0.32,1.24,2.02,2.62
1,20.0,48.2,0.31,1.23,2.02,2.66
1,20.0,48.1,0.3,1.23,2.01,2.61
1,20.0,48.2,0.31,1.23,2.01,2.61
1,20.0,48.2,0.3,1.22,2.01,2.64
1,20.0,48.2,0.3,1.22,2.01,2.62
1,20.0,48.2,0.3,1.22,2.01,2.63
1,20.0,48.2,0.3,1.22,2.0,2.62
1,20.0,48.2,0.3,1.22,2.0,2.65
1,20.0,48.2,0.3,1.22,2.0,2.62
1,20.0,48.2,0.3,1.22,2.01,2.68
1,20.0,48.2,0.3,1.22,2.01,2.61
1,20.0,48.2,0.3,1.22,2.01,2.6
1,20.0,48.2,0.29,1.22,2.01,2.58
1,20.0,48.2,0.3,1.22,2.0,2.65
1,20.0,48.2,0.3,1.22,2.01,2.65
1,20.0,48.2,0.3,1.22,2.01,2.64
1,20.0,48.2,0.3,1.22,2.01,2.63
1,20.0,48.2,0.3,1.22,2.01,2.63
1,20.0,48.2,0.29,1.21,2.01,2.6
1,20.0,48.2,0.29,1.21,2.0,2.64
1,20.0,48.1,0.3,1.21,2.0,2.66
1,20.0,48.1,0.3,1.21,2.0,2.67
1,20.0,48.1,0.3,1.22,2.0,2.71
1,20.0,48.2,0.31,1.22,2.0,2.75
1,20.0,48.2,0.32,1.22,2.0,2.75
1,20.0,48.2,0.32,1.23,2.01,2.74
1,20.0,48.2,0.32,1.23,2.01,2.72
1,20.0,48.2,0.32,1.23,2.02,2.7
1,20.0,48.2,0.32,1.22,2.01,2.67
1,20.0,48.2,0.31,1.22,2.01,2.64
1,20.0,48.2,0.31,1.22,2.01,2.66
1,20.0,48.2,0.31,1.22,2.01,2.68
1,20.0,48.2,0.32,1.22,2.01,2.71
1,20.0,48.2,0.32,1.22,2.01,2.72
1,20.0,48.2,0.32,1.22,2.01,2.74
1,20.0,48.2,0.33,1.23,2.01,2.75
1,20.0,48.2,0.33,1.24,2.02,2.76
1,20.0,48.2,0.33,1.24,2.02,2.75
1,20.0,48.2,0.34,1.24,2.03,2.73
1,20.0,48.2,0.33,1.24,2.02,2.7
1,20.0,48.2,0.32,1.24,2.02,2.68
1,20.0,48.2,0.33,1.24,2.02,2.72
1,20.0,48.2,0.33,1.24,2.02,2.73
1,20.0,48.2,0.33,1.23,2.02,2.7
1,20.0,48.2,0.33,1.24,2.02,2.69
1,20.0,48.2,0.33,1.23,2.02,2.68
1,20.0,48.2,0.32,1.23,2.02,2.69
1,20.0,48.2,0.32,1.23,2.02,2.68
1,20.0,48.2,0.32,1.23,2.02,2.68
1,20.0,48.2,0.32,1.23,2.02,2.65
1,20.0,48.2,0.31,1.22,2.02,2.6
1,20.0,48.2,0.3,1.22,2.01,2.59
1,20.0,48.2,0.3,1.22,2.01,2.61
1,20.0,48.2,0.3,1.22,2.0,2.59
1,20.0,48.2,0.3,1.21,2.0,2.65
1,20.0,48.2,0.31,1.21,2.0,2.64
1,20.0,48.2,0.31,1.21,2.0,2.69
1,20.0,48.2,0.31,1.22,2.01,2.67
1,20.0,48.2,0.32,1.21,2.0,2.66
1,20.0,48.2,0.31,1.22,2.0,2.64
1,20.0,48.2,0.31,1.22,2.0,2.61
1,20.0,48.2,0.3,1.21,2.0,2.59
1,20.0,48.2,0.3,1.21,2.0,2.59
1,20.0,48.2,0.3,1.21,2.0,2.63
1,20.0,48.2,0.3,1.21,2.01,2.66
1,20.0,48.2,0.3,1.22,2.01,2.66
1,20.0,48.2,0.3,1.22,2.01,2.66
1,20.0,48.2,0.3,1.22,2.01,2.6
1,20.0,48.2,0.3,1.22,2.01,2.62
1,20.0,48.2,0.3,1.21,2.0,2.62
1,19.9,48.2,0.3,1.21,2.0,2.58
1,19.9,48.2,0.29,1.21,2.0,2.6
1,20.0,48.2,0.3,1.21,2.0,2.61
1,20.0,48.2,0.3,1.21,2.0,2.68
1,20.0,48.2,0.31,1.21,2.0,2.69
1,20.0,48.2,0.31,1.21,2.0,2.7
1,20.0,48.2,0.31,1.21,2.0,2.7
1,19.9,48.2,0.31,1.22,2.01,2.68
1,20.0,48.2,0.31,1.21,2.01,2.65
1,19.9,48.2,0.31,1.21,2.01,2.64
1,20.0,48.2,0.3,1.21,2.01,2.62
1,20.0,48.2,0.3,1.21,2.0,2.6
1,19.9,48.2,0.3,1.21,2.01,2.63
1,19.9,48.2,0.3,1.21,2.0,2.61
1,20.0,48.2,0.3,1.21,2.0,2.63
1,19.9,48.2,0.3,1.2,2.0,2.62
1,20.0,48.2,0.3,1.21,2.0,2.66
1,19.9,48.2,0.3,1.21,2.0,2.67
1,19.9,48.2,0.31,1.21,2.0,2.66
1,19.9,48.2,0.31,1.21,2.0,2.66
1,19.9,48.2,0.31,1.21,2.0,2.64
1,19.9,48.2,0.31,1.21,2.0,2.64
1,19.9,48.2,0.3,1.2,2.0,2.66
1,19.9,48.2,0.3,1.21,2.0,2.66
1,19.9,48.2,0.31,1.21,2.0,2.69
1,19.9,48.2,0.31,1.21,2.0,2.72
1,20.0,48.2,0.32,1.21,2.01,2.7
1,20.0,48.2,0.31,1.21,2.01,2.69
1,19.9,48.2,0.32,1.21,2.0,2.67
1,20.0,48.2,0.31,1.21,2.01,2.67
1,19.9,48.2,0.32,1.21,2.01,2.7
1,19.9,48.2,0.32,1.22,2.01,2.69
1,19.9,48.2,0.32,1.22,2.01,2.72
1,19.9,48.2,0.33,1.22,2.01,2.73
1,20.0,48.2,0.33,1.22,2.01,2.69
1,20.0,48.2,0.32,1.22,2.01,2.68
1,20.0,48.2,0.32,1.22,2.01,2.7
1,20.0,48.2,0.33,1.22,2.01,2.74
1,20.0,48.3,0.33,1.23,2.01,2.73
1,20.0,48.3,0.33,1.23,2.02,2.72
1,19.9,48.3,0.33,1.23,2.01,2.68
1,19.9,48.3,0.33,1.22,2.01,2.68
1,20.0,48.3,0.32,1.22,2.01,2.69
1,19.9,48.3,0.32,1.22,2.01,2.69
1,20.0,48.2,0.32,1.22,2.01,2.65
1,20.0,48.2,0.32,1.22,2.01,2.65
1,20.0,48.2,0.32,1.22,2.01,2.65
1,19.9,48.2,0.31,1.22,2.01,2.63
1,20.0,48.2,0.31,1.22,2.0,2.65
1,19.9,48.2,0.31,1.22,2.0,2.63
1,19.9,48.2,0.31,1.22,2.0,2.63
1,19.9,48.2,0.3,1.21,2.0,2.6
1,20.0,48.2,0.3,1.21,2.0,2.64
1,20.0,48.2,0.3,1.21,2.0,2.59
1,19.9,48.2,0.3,1.21,2.0,2.65
1,20.0,48.2,0.31,1.21,2.0,2.66
1,19.9,48.2,0.32,1.21,2.0,2.71
1,20.0,48.2,0.32,1.22,2.01,2.72
1,19.9,48.3,0.33,1.22,2.0,2.72
1,20.0,48.2,0.32,1.22,2.0,2.69
1,19.9,48.2,0.32,1.22,2.01,2.64
1,20.0,48.2,0.31,1.22,2.0,2.57
1,20.0,48.2,0.31,1.22,2.0,2.63
1,20.0,48.2,0.31,1.22,2.0,2.64
1,19.9,48.2,0.31,1.22,1.99,2.69
1,19.9,48.2,0.32,1.22,2.0,2.7
1,20.0,48.2,0.31,1.22,2.0,2.68
1,20.0,48.2,0.32,1.22,2.0,2.69
1,20.0,48.2,0.32,1.22,2.0,2.69
1,19.9,48.2,0.32,1.22,2.0,2.7
1,19.9,48.3,0.33,1.22,2.0,2.72
1,20.0,48.2,0.32,1.23,2.0,2.73
1,20.0,48.3,0.33,1.23,2.01,2.74
1,20.0,48.2,0.33,1.23,2.01,2.72
1,20.0,48.3,0.33,1.23,2.02,2.72
1,20.0,48.2,0.33,1.23,2.01,2.73
1,20.0,48.2,0.33,1.23,2.01,2.72
1,20.0,48.2,0.33,1.24,2.02,2.74
1,20.0,48.2,0.34,1.24,2.02,2.74
1,20.0,48.3,0.34,1.24,2.02,2.72
1,20.0,48.2,0.33,1.24,2.02,2.73
1,20.0,48.3,0.34,1.25,2.03,2.75
1,20.0,48.3,0.34,1.25,2.03,2.75
1,20.0,48.3,0.34,1.26,2.03,2.75
1,20.0,48.3,0.35,1.27,2.04,2.76
1,20.0,48.3,0.34,1.28,2.04,2.76
1,20.0,48.3,0.35,1.28,2.04,2.77
1,20.0,48.3,0.35,1.29,2.04,2.74
1,20.0,48.3,0.35,1.3,2.04,2.72
1,20.0,48.3,0.34,1.3,2.04,2.72
1,19.9,48.3,0.34,1.29,2.03,2.71
1,20.0,48.3,0.34,1.3,2.03,2.71
1,20.0,48.3,0.34,1.31,2.03,2.72
1,20.0,48.3,0.34,1.31,2.03,2.7
1,20.0,48.3,0.34,1.31,2.03,2.71
1,20.0,48.3,0.34,1.31,2.03,2.71
1,20.0,48.3,0.34,1.31,2.02,2.71
1,20.0,48.3,0.34,1.31,2.02,2.68
1,20.0,48.3,0.33,1.29,2.02,2.67
1,20.0,48.3,0.33,1.29,2.02,2.62
1,20.0,48.2,0.33,1.28,2.01,2.64
1,20.0,48.2,0.32,1.27,2.01,2.64
1,20.0,48.2,0.32,1.27,2.01,2.65
1,20.0,48.2,0.33,1.27,2.01,2.7
1,20.0,48.2,0.33,1.27,2.02,2.71
1,20.0,48.2,0.33,1.27,2.02,2.72
1,19.9,48.2,0.34,1.27,2.02,2.73
1,20.0,48.3,0.34,1.28,2.02,2.72
1,20.0,48.2,0.34,1.28,2.02,2.72
1,20.0,48.2,0.34,1.28,2.02,2.72
1,20.0,48.2,0.34,1.28,2.02,2.71
1,20.0,48.3,0.34,1.28,2.02,2.71
1,20.0,48.3,0.34,1.28,2.02,2.72
1,20.0,48.3,0.34,1.28,2.02,2.71
1,20.0,48.2,0.33,1.27,2.02,2.68
1,20.0,48.2,0.33,1.27,2.02,2.67
1,20.0,48.3,0.33,1.26,2.01,2.65
1,20.0,48.3,0.32,1.26,2.01,2.63
1,20.0,48.2,0.32,1.26,2.01,2.66
1,20.0,48.3,0.32,1.25,2.01,2.65
1,20.0,48.2,0.32,1.25,2.01,2.6
1,20.0,48.2,0.32,1.25,2.01,2.64
1,20.0,48.2,0.32,1.25,2.0,2.65
1,20.0,48.2,0.32,1.25,2.0,2.7
1,20.0,48.2,0.32,1.25,2.0,2.69
1,20.0,48.2,0.33,1.25,2.01,2.71
1,20.0,48.2,0.33,1.25,2.01,2.69
1,20.0,48.2,0.33,1.25,2.0,2.69
1,20.0,48.2,0.33,1.25,2.01,2.68
1,20.0,48.2,0.33,1.25,2.0,2.68
1,20.0,48.2,0.33,1.25,2.0,2.69
1,20.0,48.2,0.33,1.25,2.01,2.68
1,20.0,48.2,0.33,1.25,2.01,2.69
1,20.0,48.2,0.33,1.25,2.0,2.67
1,20.0,48.3,0.32,1.25,2.01,2.63
1,20.0,48.2,0.31,1.24,2.0,2.57
1,20.0,48.2,0.31,1.24,2.0,2.55
1,20.0,48.2,0.31,1.24,2.0,2.63
1,20.0,48.2,0.31,1.24,2.0,2.58
1,20.0,48.2,0.3,1.24,1.99,2.6
1,20.0,48.2,0.3,1.23,1.99,2.61
1,20.0,48.2,0.3,1.23,1.99,2.56
1,20.0,48.2,0.3,1.23,2.0,2.58
1,20.0,48.2,0.3,1.23,1.99,2.63
2,19.9,48.6,0.35,1.35,2.08,2.67
2,19.9,48.5,0.35,1.35,2.08,2.68
2,19.9,48.5,0.35,1.35,2.08,2.71
2,19.9,48.5,0.34,1.35,2.07,2.67
2,19.9,48.5,0.34,1.35,2.08,2.67
2,19.9,48.6,0.35,1.34,2.07,2.64
2,19.9,48.5,0.34,1.34,2.07,2.65
2,19.9,48.5,0.35,1.34,2.07,2.72
2,19.9,48.5,0.35,1.35,2.08,2.75
2,19.9,48.5,0.35,1.35,2.07,2.71
2,19.9,48.5,0.35,1.35,2.08,2.72
2,19.9,48.5,0.35,1.34,2.08,2.73
2,19.9,48.5,0.35,1.34,2.08,2.72
2,19.9,48.5,0.36,1.34,2.08,2.72
2,19.9,48.5,0.35,1.34,2.07,2.65
2,19.9,48.5,0.35,1.33,2.07,2.61
2,19.9,48.5,0.34,1.33,2.06,2.58
2,19.9,48.5,0.33,1.32,2.05,2.64
2,19.9,48.4,0.34,1.33,2.06,2.75
2,19.9,48.5,0.35,1.35,2.08,2.77
2,19.9,48.6,0.35,1.35,2.09,2.79
2,19.9,48.5,0.35,1.36,2.1,2.72
2,19.9,48.6,0.35,1.36,2.1,2.71
2,19.9,48.6,0.35,1.36,2.1,2.68
2,19.9,48.6,0.35,1.36,2.1,2.69
2,19.9,48.5,0.35,1.36,2.09,2.7
2,19.9,48.5,0.35,1.35,2.09,2.75
2,19.9,48.5,0.35,1.35,2.09,2.71
2,19.9,48.5,0.35,1.35,2.09,2.69
2,19.9,48.5,0.35,1.35,2.09,2.67
2,19.9,48.5,0.35,1.35,2.08,2.68
2,19.9,48.5,0.34,1.35,2.07,2.61
2,19.9,48.5,0.34,1.34,2.07,2.61
2,19.9,48.5,0.34,1.34,2.06,2.66
2,19.9,48.4,0.34,1.34,2.07,2.72
2,19.9,48.5,0.35,1.34,2.07,2.72
2,19.9,48.5,0.35,1.34,2.07,2.66
2,19.9,48.5,0.34,1.34,2.07,2.64
2,19.9,48.5,0.34,1.33,2.07,2.65
2,19.9,48.5,0.34,1.34,2.07,2.65
2,19.9,48.5,0.34,1.34,2.06,2.65
2,19.9,48.5,0.34,1.33,2.07,2.66
2,19.9,48.5,0.34,1.33,2.07,2.65
2,19.9,48.5,0.35,1.34,2.08,2.67
2,19.9,48.5,0.35,1.34,2.08,2.7
2,19.9,48.5,0.35,1.34,2.08,2.7
2,19.9,48.5,0.35,1.35,2.08,2.72
2,19.9,48.5,0.35,1.35,2.09,2.7
2,19.9,48.5,0.35,1.35,2.09,2.72
2,19.9,48.5,0.35,1.35,2.1,2.7
2,19.9,48.5,0.35,1.35,2.09,2.67
2,19.9,48.5,0.34,1.34,2.09,2.65
2,19.9,48.5,0.34,1.34,2.09,2.65
2,19.9,48.5,0.34,1.34,2.09,2.68
2,19.9,48.5,0.35,1.35,2.09,2.68
2,19.9,48.5,0.35,1.35,2.09,2.7
2,19.9,48.5,0.35,1.35,2.1,2.71
2,19.9,48.6,0.35,1.35,2.09,2.7
2,19.9,48.5,0.35,1.35,2.09,2.66
2,19.9,48.5,0.34,1.35,2.09,2.66
2,19.9,48.5,0.34,1.35,2.09,2.67
2,19.9,48.5,0.34,1.35,2.09,2.66
2,19.9,48.5,0.34,1.35,2.09,2.68
2,19.9,48.5,0.34,1.35,2.09,2.69
2,19.9,48.5,0.35,1.35,2.1,2.68
2,19.9,48.5,0.35,1.35,2.1,2.7
2,19.9,48.5,0.35,1.35,2.1,2.74
2,19.9,48.5,0.35,1.35,2.1,2.71
2,19.9,48.5,0.35,1.35,2.1,2.67
2,19.9,48.5,0.35,1.35,2.1,2.68
2,19.9,48.5,0.35,1.35,2.1,2.71
2,19.9,48.5,0.35,1.35,2.1,2.68
2,19.9,48.5,0.35,1.35,2.09,2.72
2,19.9,48.5,0.35,1.35,2.1,2.68
2,19.9,48.5,0.35,1.34,2.09,2.67
2,19.9,48.5,0.35,1.34,2.09,2.67
2,19.9,48.5,0.35,1.34,2.09,2.68
2,19.9,48.5,0.35,1.34,2.09,2.66
2,19.9,48.5,0.34,1.34,2.09,2.64
2,19.9,48.5,0.34,1.34,2.08,2.67
2,19.9,48.5,0.34,1.34,2.08,2.68
2,19.9,48.5,0.34,1.33,2.08,2.67
2,19.9,48.5,0.34,1.33,2.07,2.69
2,19.9,48.5,0.34,1.33,2.07,2.65
2,19.9,48.5,0.34,1.33,2.07,2.63
2,19.9,48.5,0.34,1.33,2.06,2.63
2,19.9,48.5,0.33,1.32,2.06,2.64
2,19.9,48.5,0.33,1.32,2.06,2.65
2,19.9,48.5,0.34,1.32,2.06,2.63
2,19.9,48.5,0.34,1.32,2.07,2.65
2,19.9,48.5,0.34,1.33,2.07,2.71
2,19.9,48.5,0.34,1.33,2.07,2.67
2,19.9,48.5,0.34,1.33,2.08,2.68
2,19.9,48.5,0.34,1.33,2.08,2.69
2,19.9,48.5,0.34,1.33,2.08,2.67
2,19.9,48.5,0.34,1.33,2.08,2.65
2,19.9,48.5,0.34,1.33,2.08,2.67
2,19.9,48.5,0.34,1.33,2.08,2.68
2,19.9,48.5,0.34,1.33,2.07,2.66
2,19.9,48.5,0.34,1.33,2.07,2.65
2,19.9,48.5,0.34,1.33,2.07,2.63
2,19.9,48.5,0.34,1.33,2.07,2.65
2,19.9,48.5,0.34,1.33,2.07,2.65
2,19.9,48.5,0.34,1.33,2.08,2.68
2,19.9,48.5,0.34,1.33,2.08,2.67
2,19.9,48.5,0.34,1.33,2.08,2.68
2,19.9,48.5,0.34,1.33,2.09,2.65
2,19.9,48.5,0.34,1.33,2.09,2.65
2,19.9,48.5,0.34,1.33,2.08,2.63
2,20.0,48.5,0.34,1.32,2.08,2.64
2,20.0,48.5,0.34,1.33,2.08,2.66
2,19.9,48.5,0.34,1.32,2.08,2.67
2,19.9,48.5,0.34,1.33,2.08,2.67
2,19.9,48.5,0.34,1.33,2.08,2.67
2,19.9,48.5,0.34,1.33,2.08,2.66
2,19.9,48.5,0.34,1.33,2.08,2.66
2,19.9,48.5,0.34,1.33,2.08,2.65
2,19.9,48.5,0.34,1.33,2.08,2.64
2,19.9,48.5,0.34,1.33,2.08,2.69
2,19.9,48.5,0.35,1.34,2.08,2.72
2,19.9,48.5,0.35,1.34,2.09,2.7
2,19.9,48.5,0.35,1.35,2.09,2.7
2,19.9,48.5,0.35,1.35,2.1,2.68
2,19.9,48.5,0.35,1.35,2.1,2.71
2,20.0,48.5,0.35,1.35,2.1,2.66
2,19.9,48.5,0.34,1.35,2.09,2.66
2,19.9,48.5,0.34,1.34,2.09,2.66
2,20.0,48.5,0.34,1.34,2.09,2.66
2,20.0,48.5,0.34,1.34,2.09,2.66
2,19.9,48.4,0.34,1.34,2.09,2.72
2,20.0,48.5,0.34,1.34,2.09,2.68
2,20.0,48.5,0.34,1.34,2.09,2.65
2,19.9,48.5,0.34,1.34,2.09,2.66
2,19.9,48.5,0.34,1.34,2.09,2.66
2,20.0,48.5,0.34,1.34,2.09,2.65
2,19.9,48.5,0.34,1.34,2.09,2.66
2,19.9,48.5,0.35,1.35,2.09,2.76
2,20.0,48.5,0.35,1.36,2.1,2.77
2,20.0,48.5,0.35,1.36,2.11,2.76
2,20.0,48.5,0.35,1.36,2.1,2.71
2,20.0,48.5,0.35,1.36,2.1,2.68
2,20.0,48.5,0.35,1.36,2.1,2.67
2,20.0,48.5,0.35,1.36,2.1,2.7
2,20.0,48.5,0.35,1.36,2.1,2.7
2,20.0,48.4,0.35,1.35,2.1,2.68
2,20.0,48.5,0.35,1.36,2.1,2.66
2,20.0,48.5,0.35,1.35,2.1,2.69
2,20.0,48.5,0.35,1.35,2.1,2.71
2,20.0,48.4,0.35,1.36,2.11,2.68
2,20.0,48.4,0.35,1.36,2.11,2.69
2,20.0,48.4,0.35,1.35,2.1,2.66
2,20.0,48.4,0.34,1.35,2.09,2.64
2,20.0,48.4,0.34,1.35,2.1,2.65
2,20.0,48.4,0.34,1.35,2.09,2.64
2,20.0,48.4,0.34,1.35,2.09,2.67
2,20.0,48.4,0.34,1.35,2.09,2.66
2,20.0,48.4,0.34,1.34,2.09,2.65
2,20.0,48.4,0.34,1.34,2.08,2.69
2,20.0,48.4,0.34,1.34,2.09,2.68
2,20.0,48.4,0.34,1.34,2.08,2.67
2,20.0,48.5,0.34,1.34,2.09,2.65
2,20.0,48.4,0.34,1.34,2.08,2.67
2,20.0,48.4,0.34,1.35,2.09,2.71
2,20.0,48.4,0.35,1.35,2.09,2.76
2,20.0,48.4,0.35,1.35,2.09,2.74
2,20.0,48.5,0.35,1.35,2.09,2.65
2,20.0,48.4,0.34,1.35,2.1,2.65
2,20.0,48.4,0.34,1.35,2.09,2.65
2,20.0,48.4,0.34,1.34,2.09,2.65
2,20.0,48.4,0.34,1.34,2.08,2.67
2,20.0,48.4,0.35,1.35,2.08,2.75
2,20.0,48.4,0.35,1.34,2.09,2.76
2,20.0,48.4,0.36,1.35,2.09,2.78
2,20.0,48.4,0.37,1.35,2.1,2.79
2,20.0,48.5,0.36,1.35,2.1,2.75
2,20.0,48.5,0.36,1.35,2.11,2.72
2,20.0,48.5,0.36,1.35,2.1,2.68
2,20.0,48.5,0.36,1.35,2.1,2.71
2,20.0,48.5,0.36,1.35,2.1,2.73
2,20.0,48.5,0.37,1.35,2.1,2.77
2,20.0,48.5,0.37,1.35,2.1,2.77
2,19.9,48.5,0.37,1.35,2.1,2.75
2,20.0,48.5,0.37,1.35,2.1,2.75
2,19.9,48.4,0.37,1.35,2.1,2.75
2,20.0,48.5,0.37,1.35,2.09,2.72
2,20.0,48.5,0.36,1.35,2.09,2.7
2,20.0,48.4,0.36,1.34,2.08,2.7
2,20.0,48.5,0.35,1.34,2.08,2.65
2,20.0,48.4,0.35,1.34,2.07,2.68
2,20.0,48.4,0.36,1.34,2.07,2.73
2,20.0,48.5,0.36,1.33,2.07,2.74
2,20.0,48.5,0.36,1.34,2.07,2.75
2,20.0,48.5,0.37,1.34,2.07,2.75
2,20.0,48.4,0.37,1.34,2.07,2.74
2,20.0,48.5,0.36,1.34,2.07,2.7
2,20.0,48.4,0.35,1.33,2.07,2.67
2,20.0,48.5,0.36,1.33,2.06,2.7
2,20.0,48.4,0.36,1.33,2.07,2.75
2,20.0,48.4,0.37,1.34,2.07,2.75
2,20.0,48.4,0.37,1.34,2.07,2.75
2,20.0,48.5,0.37,1.34,2.08,2.75
2,20.0,48.4,0.37,1.34,2.08,2.71
2,20.0,48.5,0.36,1.34,2.08,2.69
2,20.0,48.5,0.36,1.33,2.07,2.69
2,20.0,48.5,0.36,1.34,2.07,2.73
2,20.0,48.4,0.37,1.35,2.07,2.77
2,20.0,48.5,0.38,1.35,2.08,2.78
2,20.0,48.5,0.38,1.35,2.09,2.77
2,20.0,48.5,0.38,1.35,2.09,2.77
2,20.0,48.4,0.38,1.36,2.09,2.78
2,20.0,48.5,0.38,1.36,2.1,2.77
2,20.0,48.5,0.38,1.36,2.09,2.76
2,20.0,48.5,0.39,1.36,2.1,2.78
2,20.0,48.5,0.38,1.36,2.1,2.74
2,20.0,48.5,0.38,1.35,2.09,2.73
2,20.0,48.4,0.37,1.35,2.09,2.72
2,20.0,48.5,0.38,1.35,2.08,2.75
2,20.0,48.5,0.38,1.35,2.09,2.75
2,20.0,48.5,0.38,1.36,2.09,2.75
2,20.0,48.5,0.38,1.36,2.1,2.75
2,20.0,48.5,0.37,1.35,2.09,2.72
2,19.9,48.5,0.37,1.35,2.09,2.71
2,20.0,48.5,0.37,1.35,2.09,2.71
2,20.0,48.5,0.37,1.35,2.09,2.74
2,20.0,48.5,0.37,1.35,2.09,2.74
2,20.0,48.5,0.37,1.35,2.09,2.73
2,20.0,48.4,0.37,1.35,2.08,2.71
2,20.0,48.4,0.37,1.35,2.08,2.72
2,20.0,48.4,0.37,1.34,2.08,2.68
2,20.0,48.5,0.36,1.34,2.07,2.62
2,20.0,48.4,0.36,1.34,2.07,2.66
2,20.0,48.4,0.36,1.33,2.06,2.69
2,20.0,48.4,0.36,1.33,2.06,2.72
2,20.0,48.4,0.36,1.34,2.07,2.75
2,20.0,48.4,0.37,1.34,2.07,2.76
2,20.0,48.4,0.37,1.34,2.07,2.74
2,20.0,48.5,0.37,1.34,2.07,2.72
2,20.0,48.5,0.37,1.34,2.07,2.73
2,20.0,48.4,0.37,1.34,2.07,2.74
2,20.0,48.5,0.37,1.34,2.07,2.74
2,20.0,48.5,0.37,1.34,2.07,2.73
2,19.9,48.5,0.37,1.34,2.08,2.73
2,20.0,48.5,0.37,1.34,2.08,2.73
2,19.9,48.4,0.37,1.34,2.08,2.73
2,20.0,48.5,0.37,1.34,2.08,2.71
2,20.0,48.5,0.37,1.34,2.08,2.72
2,20.0,48.4,0.36,1.34,2.08,2.66
2,20.0,48.4,0.35,1.33,2.07,2.54
2,20.0,48.5,0.35,1.33,2.05,2.61
2,19.9,48.4,0.35,1.32,2.05,2.62
2,20.0,48.4,0.35,1.32,2.05,2.68
2,19.9,48.4,0.35,1.32,2.05,2.69
2,20.0,48.4,0.35,1.32,2.06,2.66
2,20.0,48.4,0.35,1.32,2.05,2.63
2,20.0,48.4,0.34,1.31,2.05,2.55
2,20.0,48.4,0.34,1.31,2.05,2.55
2,19.9,48.4,0.34,1.31,2.04,2.58
2,19.9,48.4,0.34,1.31,2.04,2.64
2,19.9,48.4,0.34,1.31,2.05,2.62
2,19.9,48.4,0.34,1.31,2.05,2.64
2,19.9,48.4,0.34,1.31,2.05,2.61
2,20.0,48.4,0.34,1.31,2.04,2.63
2,19.9,48.4,0.34,1.31,2.04,2.65
2,19.9,48.4,0.34,1.31,2.05,2.66
2,20.0,48.4,0.35,1.32,2.04,2.68
2,20.0,48.4,0.34,1.31,2.04,2.66
2,20.0,48.4,0.35,1.31,2.04,2.68
2,20.0,48.4,0.35,1.31,2.04,2.71
2,19.9,48.4,0.35,1.32,2.04,2.75
2,19.9,48.4,0.36,1.31,2.05,2.74
2,19.9,48.5,0.36,1.32,2.05,2.72
2,19.9,48.4,0.36,1.31,2.05,2.7
2,20.0,48.5,0.36,1.31,2.05,2.7
2,20.0,48.4,0.36,1.31,2.04,2.68
2,19.9,48.4,0.35,1.31,2.04,2.68
2,20.0,48.5,0.35,1.31,2.03,2.68
2,19.9,48.4,0.35,1.31,2.03,2.69
2,19.9,48.4,0.35,1.31,2.03,2.66
2,19.9,48.4,0.35,1.3,2.03,2.65
2,19.9,48.5,0.35,1.3,2.03,2.68
2,19.9,48.4,0.35,1.3,2.03,2.65
2,19.9,48.4,0.35,1.3,2.03,2.66
2,19.9,48.4,0.35,1.3,2.03,2.64
2,20.0,48.4,0.35,1.3,2.03,2.65
2,19.9,48.4,0.35,1.3,2.03,2.65
2,20.0,48.4,0.35,1.31,2.04,2.7
2,19.9,48.4,0.35,1.31,2.05,2.75
2,19.9,48.5,0.36,1.32,2.05,2.76
2,19.9,48.5,0.37,1.32,2.06,2.76
2,19.9,48.5,0.37,1.33,2.06,2.77
2,20.0,48.5,0.37,1.33,2.07,2.76
2,19.9,48.5,0.37,1.33,2.07,2.75
2,19.9,48.5,0.37,1.33,2.07,2.73
2,19.9,48.5,0.37,1.33,2.07,2.72
2,19.9,48.5,0.37,1.33,2.06,2.7
2,19.9,48.5,0.36,1.32,2.06,2.69
2,19.9,48.5,0.36,1.33,2.06,2.71
2,19.9,48.5,0.37,1.32,2.06,2.7
2,19.9,48.5,0.36,1.33,2.06,2.72
2,20.0,48.5,0.36,1.33,2.07,2.72
2,19.9,48.5,0.37,1.33,2.06,2.73
2,19.9,48.5,0.37,1.33,2.06,2.73
2,19.9,48.5,0.36,1.32,2.07,2.73
2,20.0,48.5,0.37,1.32,2.07,2.74
2,20.0,48.5,0.37,1.32,2.07,2.74
2,19.9,48.5,0.37,1.33,2.07,2.72
2,20.0,48.5,0.36,1.32,2.06,2.67
2,19.9,48.5,0.36,1.32,2.05,2.67
2,19.9,48.5,0.36,1.32,2.05,2.66
2,20.0,48.4,0.36,1.32,2.05,2.7
2,19.9,48.5,0.36,1.32,2.05,2.72
2,20.0,48.5,0.37,1.33,2.05,2.74
2,20.0,48.5,0.37,1.33,2.06,2.76
2,20.0,48.5,0.37,1.33,2.07,2.77
2,20.0,48.5,0.38,1.34,2.08,2.78
2,19.9,48.5,0.38,1.34,2.08,2.76
2,20.0,48.5,0.38,1.35,2.09,2.77
2,20.0,48.5,0.38,1.35,2.09,2.75
2,19.9,48.5,0.38,1.35,2.09,2.71
2,19.9,48.5,0.37,1.34,2.09,2.69
2,20.0,48.5,0.36,1.34,2.09,2.65
2,19.9,48.5,0.35,1.33,2.09,2.61
2,19.9,48.5,0.35,1.33,2.08,2.63
2,19.9,48.5,0.35,1.33,2.08,2.63
2,19.9,48.5,0.35,1.33,2.07,2.66
2,20.0,48.5,0.36,1.33,2.08,2.75
2,19.9,48.5,0.37,1.34,2.09,2.76
2,19.9,48.5,0.37,1.35,2.09,2.77
2,19.9,48.5,0.37,1.35,2.09,2.72
2,19.9,48.5,0.37,1.34,2.09,2.7
2,19.9,48.5,0.36,1.34,2.08,2.66
2,19.9,48.5,0.36,1.34,2.08,2.68
2,19.9,48.5,0.35,1.33,2.08,2.66
2,19.9,48.5,0.35,1.34,2.07,2.65
2,20.0,48.5,0.35,1.33,2.07,2.62
2,19.9,48.5,0.35,1.33,2.07,2.67
2,19.9,48.5,0.35,1.33,2.08,2.65
2,19.9,48.5,0.35,1.33,2.08,2.64
2,19.9,48.5,0.35,1.33,2.08,2.63
2,19.9,48.5,0.34,1.33,2.08,2.61
2,19.9,48.5,0.34,1.32,2.08,2.62
2,19.9,48.5,0.35,1.32,2.07,2.65
2,19.9,48.5,0.35,1.32,2.08,2.64
2,19.9,48.5,0.35,1.32,2.08,2.62
2,19.9,48.5,0.34,1.32,2.07,2.59
2,19.9,48.5,0.34,1.32,2.07,2.61
2,20.0,48.5,0.35,1.32,2.07,2.64
2,19.9,48.5,0.35,1.33,2.08,2.68
2,19.9,48.5,0.34,1.33,2.08,2.65
2,20.0,48.5,0.34,1.33,2.08,2.63
2,20.0,48.5,0.34,1.33,2.08,2.68
2,20.0,48.5,0.35,1.33,2.08,2.66
2,19.9,48.5,0.34,1.33,2.08,2.62
2,19.9,48.5,0.34,1.33,2.07,2.62
2,19.9,48.5,0.34,1.32,2.07,2.6
2,20.0,48.5,0.34,1.32,2.07,2.6
2,19.9,48.5,0.34,1.32,2.06,2.61
2,19.9,48.5,0.34,1.32,2.06,2.68
2,20.0,48.5,0.34,1.32,2.07,2.64
2,19.9,48.5,0.34,1.33,2.07,2.66
2,19.9,48.5,0.34,1.33,2.07,2.64
2,19.9,48.5,0.34,1.33,2.07,2.64
2,20.0,48.5,0.34,1.32,2.07,2.63
2,20.0,48.5,0.34,1.32,2.07,2.62
2,19.9,48.5,0.34,1.32,2.07,2.65
2,19.9,48.5,0.34,1.32,2.07,2.64
2,19.9,48.5,0.34,1.33,2.07,2.69
2,19.9,48.5,0.34,1.33,2.07,2.67
2,19.9,48.5,0.35,1.34,2.08,2.74
2,20.0,48.5,0.35,1.34,2.08,2.71
2,20.0,48.6,0.35,1.35,2.09,2.72
2,19.9,48.6,0.35,1.35,2.09,2.74
2,19.9,48.6,0.35,1.35,2.09,2.67
2,19.9,48.5,0.35,1.35,2.09,2.67
2,19.9,48.5,0.35,1.34,2.08,2.63
2,20.0,48.5,0.35,1.34,2.08,2.74
2,19.9,48.5,0.35,1.35,2.08,2.72
2,20.0,48.5,0.36,1.35,2.08,2.75
2,19.9,48.5,0.37,1.35,2.09,2.76
2,19.9,48.5,0.37,1.35,2.1,2.73
2,20.0,48.5,0.36,1.35,2.09,2.68
2,20.0,48.5,0.35,1.34,2.09,2.62
2,19.9,48.5,0.35,1.34,2.08,2.61
2,19.9,48.5,0.35,1.34,2.08,2.65
2,19.9,48.5,0.35,1.34,2.08,2.64
2,19.9,48.5,0.35,1.34,2.08,2.65
2,19.9,48.5,0.35,1.34,2.08,2.63
2,19.9,48.5,0.34,1.34,2.08,2.61
2,19.9,48.5,0.34,1.33,2.08,2.59
2,19.9,48.5,0.34,1.33,2.07,2.59
2,19.9,48.5,0.34,1.33,2.07,2.63
2,19.9,48.5,0.34,1.33,2.06,2.63
2,20.0,48.4,0.34,1.32,2.06,2.6
2,20.0,48.4,0.33,1.32,2.06,2.59
2,19.9,48.5,0.33,1.32,2.06,2.56
2,19.9,48.5,0.33,1.31,2.06,2.58
2,19.9,48.5,0.33,1.31,2.06,2.58
2,19.9,48.5,0.33,1.31,2.05,2.6
2,19.9,48.5,0.33,1.31,2.06,2.58
2,19.9,48.5,0.33,1.31,2.06,2.61
2,19.9,48.5,0.33,1.32,2.06,2.59
2,19.9,48.5,0.33,1.31,2.05,2.63
2,20.0,48.5,0.33,1.31,2.06,2.6
2,20.0,48.5,0.33,1.31,2.06,2.61
2,19.9,48.5,0.33,1.31,2.05,2.62
2,19.9,48.5,0.33,1.31,2.05,2.64
2,20.0,48.5,0.33,1.31,2.05,2.64
2,19.9,48.5,0.33,1.31,2.05,2.6
2,19.9,48.5,0.33,1.31,2.05,2.64
2,19.9,48.5,0.33,1.31,2.05,2.59
2,19.9,48.5,0.33,1.3,2.05,2.59
2,19.9,48.4,0.33,1.3,2.05,2.59
2,19.9,48.5,0.33,1.3,2.05,2.61
2,19.9,48.5,0.33,1.3,2.05,2.63
2,19.9,48.4,0.34,1.3,2.05,2.64
2,20.0,48.4,0.34,1.31,2.05,2.7
2,19.9,48.5,0.34,1.31,2.05,2.64
2,19.9,48.5,0.34,1.31,2.06,2.65
2,19.9,48.5,0.34,1.31,2.06,2.64
2,19.9,48.5,0.34,1.31,2.06,2.63
2,19.9,48.5,0.33,1.31,2.06,2.59
2,19.9,48.5,0.33,1.31,2.06,2.62
2,19.9,48.5,0.33,1.31,2.05,2.61
2,19.9,48.5,0.33,1.3,2.06,2.62
2,19.9,48.5,0.33,1.3,2.05,2.61
2,19.9,48.5,0.33,1.3,2.05,2.61
2,19.9,48.5,0.33,1.3,2.05,2.61
2,19.9,48.5,0.33,1.3,2.05,2.62
2,19.9,48.5,0.33,1.3,2.05,2.63
2,19.9,48.5,0.33,1.3,2.05,2.64
2,19.9,48.5,0.34,1.3,2.05,2.64
2,19.9,48.5,0.34,1.3,2.05,2.66
2,19.9,48.5,0.34,1.3,2.05,2.62
2,19.9,48.5,0.34,1.3,2.05,2.67
2,19.9,48.5,0.35,1.3,2.06,2.73
2,19.9,48.5,0.35,1.31,2.06,2.72
2,19.9,48.5,0.35,1.31,2.07,2.72
2,19.9,48.6,0.35,1.31,2.06,2.68
2,19.9,48.5,0.35,1.31,2.06,2.67
2,19.9,48.5,0.35,1.3,2.06,2.7
2,19.9,48.5,0.35,1.31,2.05,2.68
2,19.9,48.5,0.35,1.31,2.05,2.62
2,19.9,48.6,0.34,1.3,2.05,2.58
2,19.9,48.5,0.33,1.3,2.05,2.56
2,19.9,48.5,0.33,1.3,2.04,2.6
2,19.9,48.5,0.34,1.3,2.05,2.63
2,19.9,48.5,0.34,1.3,2.05,2.65
2,19.9,48.6,0.34,1.3,2.05,2.63
2,19.9,48.6,0.34,1.3,2.05,2.62
2,19.9,48.5,0.34,1.3,2.06,2.63
2,19.9,48.6,0.34,1.3,2.05,2.65
2,19.9,48.5,0.34,1.31,2.06,2.65
2,19.9,48.5,0.34,1.31,2.06,2.66
2,19.9,48.6,0.34,1.31,2.06,2.63
2,19.9,48.5,0.34,1.31,2.07,2.68
2,19.9,48.5,0.34,1.31,2.06,2.63
2,19.9,48.6,0.34,1.31,2.06,2.61
2,19.9,48.6,0.33,1.31,2.06,2.6
2,19.9,48.6,0.33,1.31,2.06,2.59
2,19.9,48.5,0.33,1.3,2.05,2.57
2,19.9,48.6,0.33,1.3,2.05,2.59
2,19.9,48.5,0.33,1.3,2.05,2.62
2,19.9,48.5,0.34,1.3,2.06,2.69
2,19.9,48.6,0.35,1.31,2.06,2.73
2,19.9,48.5,0.35,1.31,2.07,2.73
2,19.9,48.5,0.35,1.32,2.07,2.75
2,19.9,48.6,0.35,1.32,2.07,2.71
2,19.9,48.6,0.35,1.32,2.07,2.72
2,19.9,48.6,0.35,1.31,2.06,2.64
2,19.9,48.6,0.34,1.31,2.06,2.62
2,19.9,48.5,0.34,1.31,2.05,2.6
2,19.9,48.5,0.34,1.3,2.05,2.57
2,19.9,48.5,0.33,1.3,2.04,2.62
2,19.9,48.5,0.33,1.3,2.04,2.6
2,19.9,48.5,0.34,1.3,2.04,2.64
2,19.9,48.5,0.34,1.3,2.05,2.66
2,19.9,48.5,0.34,1.3,2.05,2.64
2,19.9,48.6,0.34,1.3,2.05,2.67
2,19.9,48.6,0.34,1.3,2.05,2.67
2,19.9,48.6,0.34,1.3,2.05,2.65
2,19.9,48.6,0.34,1.3,2.05,2.63
2,19.9,48.5,0.34,1.3,2.05,2.59
2,19.9,48.6,0.33,1.29,2.05,2.55
2,19.9,48.5,0.33,1.29,2.04,2.56
2,19.9,48.5,0.33,1.3,2.05,2.6
2,19.9,48.6,0.33,1.29,2.05,2.64
2,19.9,48.5,0.34,1.3,2.05,2.7
2,19.9,48.6,0.35,1.3,2.06,2.76
2,19.9,48.6,0.36,1.31,2.06,2.74
2,19.9,48.6,0.36,1.31,2.07,2.74
2,19.9,48.6,0.36,1.32,2.07,2.73
2,19.9,48.6,0.36,1.31,2.08,2.73
2,19.9,48.6,0.36,1.32,2.08,2.72
2,19.9,48.6,0.36,1.32,2.08,2.7
2,19.9,48.6,0.36,1.31,2.08,2.7
2,19.9,48.6,0.35,1.32,2.08,2.63
2,19.9,48.6,0.35,1.31,2.07,2.62
2,19.9,48.6,0.34,1.31,2.07,2.6
2,19.9,48.6,0.35,1.31,2.07,2.69
2,19.9,48.6,0.35,1.32,2.08,2.7
2,19.9,48.6,0.35,1.32,2.07,2.65
2,19.9,48.6,0.35,1.32,2.07,2.64
2,19.9,48.6,0.35,1.32,2.07,2.66
2,19.9,48.6,0.35,1.32,2.08,2.66
2,19.9,48.6,0.34,1.32,2.07,2.66
2,19.9,48.6,0.35,1.33,2.07,2.66
2,19.9,48.6,0.34,1.32,2.08,2.65
2,19.9,48.6,0.34,1.32,2.07,2.64
2,19.9,48.6,0.34,1.32,2.07,2.62
2,19.9,48.6,0.34,1.32,2.07,2.59
2,19.9,48.6,0.33,1.31,2.06,2.6
2,19.9,48.6,0.34,1.31,2.07,2.61
2,19.9,48.5,0.33,1.31,2.06,2.61
2,19.9,48.6,0.34,1.31,2.06,2.63
2,19.9,48.6,0.34,1.31,2.06,2.61
2,19.9,48.6,0.34,1.31,2.06,2.64
2,19.9,48.6,0.34,1.31,2.07,2.65
2,19.9,48.6,0.34,1.31,2.07,2.63
2,19.9,48.6,0.34,1.32,2.07,2.69
2,19.9,48.6,0.35,1.32,2.08,2.73
2,19.9,48.6,0.35,1.33,2.08,2.7
2,19.9,48.6,0.35,1.35,2.09,2.75
2,19.9,48.6,0.35,1.35,2.1,2.73
2,19.9,48.7,0.35,1.35,2.1,2.71
2,19.9,48.6,0.35,1.34,2.09,2.6
2,19.9,48.6,0.34,1.34,2.08,2.6
2,19.9,48.6,0.34,1.34,2.08,2.65
2,19.9,48.6,0.34,1.34,2.08,2.65
2,19.9,48.6,0.34,1.34,2.08,2.62
2,19.9,48.6,0.34,1.33,2.08,2.62
2,19.9,48.6,0.34,1.33,2.08,2.65
2,19.9,48.6,0.34,1.33,2.08,2.62
2,19.9,48.6,0.34,1.33,2.07,2.62
2,19.9,48.6,0.34,1.32,2.07,2.61
2,19.9,48.6,0.34,1.32,2.07,2.61
2,19.9,48.6,0.33,1.32,2.07,2.6
2,19.9,48.6,0.33,1.32,2.06,2.61
2,19.9,48.6,0.34,1.32,2.07,2.63
2,19.9,48.6,0.33,1.32,2.07,2.62
2,19.9,48.6,0.34,1.32,2.06,2.61
2,19.9,48.6,0.33,1.32,2.06,2.58
2,19.9,48.5,0.33,1.32,2.06,2.59
2,19.9,48.5,0.34,1.32,2.06,2.69
2,19.9,48.6,0.34,1.32,2.07,2.67
2,19.9,48.6,0.34,1.33,2.07,2.72
2,19.9,48.6,0.34,1.33,2.07,2.64
2,19.9,48.6,0.34,1.33,2.07,2.59
2,19.9,48.6,0.34,1.32,2.07,2.64
2,19.9,48.6,0.33,1.32,2.07,2.58
2,19.9,48.6,0.33,1.32,2.06,2.59
2,19.9,48.6,0.33,1.32,2.06,2.61
2,19.9,48.6,0.33,1.32,2.06,2.64
2,19.9,48.6,0.34,1.31,2.06,2.63
2,19.9,48.5,0.34,1.32,2.06,2.66
2,19.9,48.6,0.34,1.32,2.06,2.66
2,19.9,48.6,0.34,1.32,2.06,2.67
2,19.9,48.6,0.34,1.31,2.06,2.64
2,19.9,48.6,0.34,1.32,2.06,2.63
2,19.9,48.6,0.34,1.31,2.06,2.61
2,19.9,48.6,0.34,1.31,2.06,2.63
2,19.9,48.6,0.33,1.31,2.05,2.6
2,19.9,48.6,0.33,1.31,2.05,2.58
2,19.9,48.6,0.33,1.31,2.05,2.61
2,19.9,48.6,0.34,1.31,2.05,2.68
2,19.9,48.6,0.34,1.31,2.05,2.69
2,19.9,48.6,0.35,1.31,2.05,2.71
2,19.9,48.6,0.35,1.31,2.05,2.73
2,19.9,48.6,0.36,1.32,2.06,2.75
2,19.9,48.6,0.37,1.32,2.07,2.75
2,19.9,48.6,0.37,1.33,2.07,2.75
2,19.9,48.6,0.37,1.33,2.08,2.74
2,19.9,48.7,0.37,1.33,2.08,2.72
2,19.9,48.6,0.36,1.32,2.07,2.71
2,19.9,48.6,0.36,1.32,2.07,2.68
2,19.9,48.6,0.36,1.32,2.07,2.7
2,19.9,48.6,0.36,1.32,2.06,2.71
2,19.9,48.6,0.37,1.32,2.07,2.72
2,19.9,48.6,0.37,1.32,2.06,2.73
2,19.9,48.6,0.36,1.33,2.07,2.72
2,19.9,48.6,0.36,1.32,2.06,2.67
2,19.9,48.6,0.36,1.32,2.06,2.69
2,19.9,48.6,0.35,1.32,2.06,2.68
2,19.9,48.6,0.35,1.32,2.07,2.67
2,19.9,48.6,0.35,1.32,2.07,2.66
2,19.9,48.6,0.35,1.32,2.07,2.65
2,19.9,48.6,0.35,1.32,2.06,2.66
2,19.9,48.6,0.35,1.32,2.07,2.66
2,19.9,48.6,0.35,1.32,2.06,2.64
2,19.9,48.6,0.34,1.31,2.06,2.64
2,19.9,48.6,0.34,1.31,2.06,2.58
2,19.9,48.6,0.34,1.31,2.05,2.57
2,19.9,48.6,0.34,1.31,2.05,2.6
2,19.9,48.6,0.34,1.31,2.05,2.62
2,19.9,48.6,0.34,1.31,2.04,2.65
2,19.9,48.6,0.34,1.3,2.04,2.64
2,19.9,48.6,0.35,1.3,2.04,2.67
2,19.9,48.6,0.35,1.31,2.04,2.69
2,19.9,48.6,0.35,1.31,2.05,2.71
2,19.9,48.6,0.36,1.31,2.05,2.72
2,19.9,48.6,0.36,1.31,2.05,2.71
2,19.9,48.6,0.36,1.31,2.06,2.71
2,19.9,48.7,0.36,1.31,2.06,2.72
2,19.9,48.7,0.36,1.32,2.06,2.71
2,19.9,48.6,0.36,1.32,2.07,2.72
2,19.9,48.6,0.36,1.32,2.07,2.69
2,19.9,48.7,0.36,1.32,2.07,2.68
2,19.9,48.6,0.35,1.32,2.07,2.62
2,19.9,48.6,0.35,1.31,2.06,2.61
2,19.9,48.6,0.35,1.31,2.06,2.6
2,19.9,48.6,0.34,1.31,2.05,2.57
2,19.9,48.6,0.34,1.31,2.05,2.64
2,19.9,48.6,0.34,1.31,2.05,2.65
2,19.9,48.6,0.35,1.31,2.05,2.67
2,19.9,48.6,0.35,1.31,2.05,2.62
2,19.9,48.6,0.35,1.31,2.06,2.69
2,19.9,48.7,0.35,1.31,2.06,2.66
2,19.9,48.7,0.35,1.31,2.06,2.62
2,19.9,48.7,0.34,1.31,2.06,2.59
2,19.9,48.6,0.34,1.31,2.05,2.58
2,19.9,48.6,0.34,1.31,2.05,2.61
2,19.9,48.6,0.34,1.31,2.05,2.62
2,19.9,48.6,0.34,1.3,2.05,2.61
2,19.9,48.6,0.34,1.31,2.05,2.63
2,19.9,48.6,0.35,1.3,2.05,2.69
2,19.9,48.6,0.35,1.31,2.05,2.69
2,19.9,48.7,0.35,1.31,2.05,2.73
2,19.9,48.6,0.36,1.31,2.06,2.71
2,19.9,48.7,0.36,1.31,2.06,2.71
2,19.9,48.6,0.35,1.31,2.06,2.64
2,19.9,48.7,0.35,1.31,2.06,2.65
2,19.9,48.7,0.35,1.31,2.06,2.63
2,19.9,48.7,0.35,1.31,2.06,2.63
2,19.9,48.7,0.35,1.31,2.05,2.66
2,19.9,48.6,0.35,1.31,2.05,2.63
2,19.9,48.6,0.35,1.31,2.05,2.68
2,19.9,48.6,0.35,1.31,2.05,2.7
2,19.9,48.6,0.36,1.32,2.05,2.74
2,19.9,48.6,0.36,1.32,2.06,2.74
2,19.9,48.7,0.36,1.32,2.07,2.72
2,19.9,48.7,0.36,1.32,2.06,2.68
2,19.9,48.7,0.36,1.32,2.06,2.66
2,19.8,48.7,0.35,1.32,2.06,2.65
2,19.9,48.6,0.35,1.31,2.06,2.61
2,19.9,48.7,0.35,1.31,2.05,2.6
2,19.9,48.7,0.34,1.31,2.05,2.55
2,19.9,48.6,0.34,1.31,2.05,2.58
2,19.9,48.6,0.34,1.3,2.05,2.59
2,19.9,48.6,0.33,1.3,2.04,2.58
2,19.9,48.6,0.33,1.3,2.04,2.6
2,19.9,48.6,0.34,1.3,2.04,2.64
2,19.9,48.6,0.34,1.3,2.05,2.62
2,19.9,48.6,0.34,1.3,2.05,2.65
2,19.8,48.6,0.34,1.3,2.05,2.63
2,19.9,48.7,0.34,1.3,2.05,2.62
2,19.9,48.6,0.34,1.3,2.05,2.66
2,19.9,48.7,0.34,1.31,2.05,2.62
2,19.9,48.7,0.34,1.3,2.05,2.61
2,19.9,48.7,0.33,1.3,2.05,2.59
2,19.8,48.7,0.34,1.3,2.05,2.61
2,19.9,48.7,0.34,1.3,2.05,2.59
2,19.9,48.7,0.33,1.31,2.05,2.64
2,19.9,48.7,0.33,1.3,2.05,2.59
2,19.9,48.6,0.33,1.3,2.04,2.58
2,19.9,48.6,0.33,1.3,2.04,2.59
2,19.9,48.7,0.34,1.3,2.04,2.67
2,19.9,48.7,0.34,1.3,2.05,2.67
2,19.9,48.7,0.34,1.31,2.05,2.68
2,19.9,48.7,0.35,1.31,2.05,2.68
2,19.9,48.7,0.35,1.31,2.06,2.65
2,19.9,48.7,0.35,1.31,2.06,2.67
2,19.9,48.7,0.35,1.31,2.06,2.66
2,19.9,48.7,0.35,1.31,2.06,2.66
2,19.9,48.7,0.34,1.31,2.07,2.62
2,19.9,48.7,0.34,1.31,2.07,2.59
2,19.9,48.7,0.34,1.31,2.07,2.62
2,19.9,48.7,0.34,1.31,2.06,2.6
2,19.9,48.7,0.33,1.3,2.06,2.58
2,19.9,48.7,0.33,1.31,2.05,2.6
2,19.9,48.6,0.34,1.3,2.05,2.63
2,19.9,48.7,0.34,1.3,2.05,2.65
2,19.9,48.7,0.35,1.3,2.06,2.69
2,19.9,48.6,0.35,1.31,2.06,2.71
2,19.9,48.7,0.35,1.31,2.06,2.71
2,19.9,48.7,0.35,1.31,2.06,2.71
2,19.9,48.7,0.35,1.31,2.06,2.67
2,19.9,48.7,0.35,1.31,2.06,2.64
2,19.9,48.7,0.35,1.3,2.05,2.65
2,19.9,48.7,0.35,1.31,2.05,2.7
2,19.9,48.6,0.35,1.31,2.05,2.72
2,19.9,48.6,0.36,1.32,2.06,2.72
2,19.9,48.7,0.36,1.32,2.07,2.7
2,19.9,48.7,0.36,1.31,2.06,2.65
2,19.9,48.7,0.35,1.31,2.05,2.61
2,19.9,48.6,0.35,1.31,2.05,2.61
2,19.9,48.6,0.34,1.3,2.05,2.59
2,19.8,48.6,0.34,1.3,2.05,2.6
2,19.9,48.7,0.34,1.3,2.05,2.6
2,19.9,48.7,0.34,1.3,2.05,2.67
2,19.9,48.7,0.35,1.31,2.05,2.71
2,19.9,48.6,0.36,1.31,2.06,2.73
2,19.9,48.7,0.36,1.31,2.06,2.73
2,19.9,48.7,0.36,1.31,2.06,2.73
2,19.9,48.7,0.36,1.32,2.07,2.73
2,19.9,48.7,0.37,1.32,2.06,2.71
2,19.9,48.7,0.36,1.32,2.06,2.67
2,19.9,48.7,0.36,1.32,2.06,2.68
2,19.9,48.7,0.35,1.31,2.06,2.63
2,19.9,48.7,0.35,1.31,2.05,2.66
2,19.9,48.7,0.35,1.3,2.05,2.66
2,19.9,48.7,0.35,1.31,2.04,2.65
2,19.9,48.7,0.35,1.3,2.04,2.58
2,19.9,48.7,0.34,1.3,2.04,2.55
2,19.9,48.7,0.34,1.3,2.04,2.57
2,19.9,48.6,0.34,1.3,2.04,2.59
2,19.9,48.6,0.34,1.3,2.04,2.6
2,19.9,48.7,0.34,1.29,2.04,2.61
2,19.9,48.7,0.34,1.29,2.04,2.62
2,19.9,48.7,0.34,1.29,2.05,2.61
2,19.9,48.7,0.34,1.3,2.05,2.62
2,19.9,48.7,0.35,1.3,2.05,2.69
2,19.9,48.6,0.34,1.3,2.05,2.69
2,19.9,48.7,0.35,1.3,2.05,2.69
2,19.9,48.7,0.35,1.3,2.05,2.67
2,19.9,48.6,0.35,1.3,2.05,2.65
2,19.9,48.7,0.35,1.3,2.04,2.62
2,19.9,48.6,0.34,1.3,2.03,2.6
2,19.9,48.7,0.34,1.29,2.03,2.59
2,19.9,48.6,0.34,1.29,2.03,2.57
2,19.9,48.7,0.33,1.29,2.03,2.58
2,19.9,48.6,0.33,1.29,2.03,2.6
2,19.9,48.7,0.34,1.29,2.03,2.64
2,19.9,48.7,0.34,1.29,2.03,2.7
2,19.9,48.6,0.35,1.3,2.03,2.74
2,19.9,48.7,0.36,1.31,2.04,2.74
2,19.9,48.7,0.37,1.31,2.05,2.73
2,19.9,48.7,0.37,1.32,2.05,2.73
2,19.9,48.7,0.37,1.33,2.06,2.75
2,19.9,48.7,0.38,1.34,2.06,2.75
2,19.9,48.7,0.38,1.34,2.07,2.74
2,19.9,48.7,0.38,1.34,2.07,2.74
2,19.9,48.7,0.38,1.34,2.08,2.74
2,19.9,48.7,0.38,1.34,2.08,2.73
2,19.9,48.8,0.38,1.34,2.08,2.71
2,19.9,48.7,0.38,1.34,2.08,2.71
2,19.9,48.7,0.37,1.34,2.08,2.65
2,19.9,48.7,0.37,1.33,2.07,2.68
2,19.9,48.7,0.36,1.33,2.07,2.68
2,19.9,48.7,0.36,1.33,2.07,2.64
2,19.9,48.7,0.35,1.32,2.07,2.62
2,19.9,48.7,0.35,1.32,2.07,2.6
2,19.9,48.7,0.35,1.32,2.06,2.56
2,19.9,48.7,0.34,1.31,2.05,2.57
2,19.9,48.7,0.34,1.31,2.05,2.58
2,19.9,48.6,0.34,1.31,2.05,2.62
2,19.9,48.6,0.35,1.31,2.05,2.65
2,19.9,48.7,0.35,1.31,2.06,2.69
2,19.9,48.7,0.35,1.31,2.06,2.7
2,19.9,48.7,0.36,1.31,2.06,2.69
2,19.9,48.7,0.36,1.31,2.06,2.69
2,19.9,48.7,0.36,1.31,2.05,2.67
2,19.9,48.7,0.35,1.31,2.05,2.62
2,19.9,48.7,0.34,1.3,2.04,2.57
2,19.9,48.7,0.34,1.3,2.04,2.59
2,19.9,48.6,0.34,1.3,2.04,2.66
2,19.9,48.7,0.35,1.3,2.04,2.68
2,19.9,48.6,0.35,1.3,2.04,2.7
2,19.9,48.7,0.35,1.31,2.04,2.71
2,19.8,48.7,0.36,1.31,2.05,2.71
2,19.8,48.7,0.36,1.31,2.05,2.7
2,19.9,48.7,0.36,1.31,2.05,2.68
2,19.9,48.7,0.35,1.31,2.05,2.63
2,19.9,48.7,0.35,1.3,2.04,2.61
2,19.9,48.7,0.35,1.3,2.04,2.63
2,19.8,48.6,0.35,1.3,2.04,2.59
2,19.9,48.7,0.35,1.3,2.03,2.63
2,19.9,48.7,0.35,1.3,2.03,2.63
2,19.9,48.7,0.34,1.29,2.03,2.58
2,19.9,48.7,0.34,1.29,2.03,2.59
2,19.9,48.7,0.34,1.29,2.02,2.6
2,19.9,48.7,0.34,1.29,2.02,2.66
2,19.9,48.7,0.35,1.29,2.02,2.69
2,19.9,48.7,0.35,1.29,2.03,2.71
2,19.9,48.7,0.35,1.3,2.03,2.67
2,19.9,48.7,0.35,1.3,2.03,2.66
2,19.9,48.7,0.35,1.3,2.04,2.7
2,19.9,48.7,0.36,1.3,2.04,2.69
2,19.9,48.7,0.36,1.3,2.05,2.69
2,19.9,48.7,0.36,1.3,2.05,2.68
2,19.9,48.7,0.36,1.31,2.05,2.71
2,19.9,48.7,0.37,1.31,2.05,2.72
2,19.9,48.7,0.37,1.31,2.06,2.74
2,19.9,48.7,0.37,1.32,2.06,2.73
2,19.9,48.7,0.37,1.32,2.06,2.71
2,19.8,48.7,0.37,1.32,2.06,2.72
2,19.9,48.7,0.37,1.32,2.06,2.71
2,19.8,48.7,0.36,1.32,2.06,2.68
2,19.9,48.7,0.36,1.32,2.05,2.65
2,19.9,48.7,0.35,1.31,2.06,2.61
2,19.9,48.7,0.35,1.32,2.05,2.63
2,19.9,48.7,0.35,1.31,2.06,2.65
2,19.9,48.7,0.36,1.32,2.06,2.68
2,19.9,48.7,0.36,1.32,2.06,2.72
2,19.8,48.7,0.37,1.32,2.07,2.73
2,19.9,48.7,0.37,1.32,2.07,2.73
2,19.8,48.7,0.37,1.33,2.07,2.73
2,19.8,48.7,0.37,1.33,2.07,2.7
2,19.9,48.8,0.36,1.33,2.07,2.65
2,19.8,48.7,0.36,1.32,2.07,2.63
2,19.9,48.7,0.35,1.32,2.06,2.64
2,19.9,48.7,0.35,1.31,2.06,2.59
2,19.9,48.7,0.35,1.31,2.06,2.65
2,19.9,48.7,0.35,1.31,2.05,2.69
2,19.8,48.7,0.36,1.31,2.06,2.71
2,19.9,48.7,0.36,1.31,2.06,2.67
2,19.9,48.8,0.35,1.31,2.06,2.63
2,19.8,48.8,0.35,1.31,2.06,2.61
2,19.8,48.7,0.35,1.31,2.06,2.65
2,19.9,48.7,0.35,1.31,2.06,2.69
2,19.8,48.7,0.36,1.31,2.06,2.71
2,19.8,48.8,0.36,1.32,2.06,2.73
2,19.8,48.7,0.37,1.32,2.06,2.7
2,19.9,48.8,0.36,1.32,2.06,2.66
2,19.8,48.8,0.36,1.32,2.06,2.66
2,19.8,48.7,0.35,1.32,2.06,2.63
2,19.9,48.7,0.35,1.31,2.06,2.61
2,19.9,48.7,0.35,1.31,2.06,2.6
2,19.9,48.7,0.34,1.31,2.05,2.59
2,19.9,48.7,0.35,1.31,2.05,2.65
2,19.8,48.7,0.35,1.3,2.05,2.68
2,19.8,48.7,0.35,1.31,2.05,2.68
2,19.9,48.7,0.35,1.31,2.05,2.67
2,19.9,48.7,0.35,1.3,2.04,2.62
2,19.8,48.7,0.35,1.3,2.04,2.57
2,19.9,48.7,0.34,1.3,2.04,2.56
2,19.8,48.7,0.34,1.3,2.04,2.57
2,19.9,48.7,0.34,1.3,2.05,2.64
2,19.8,48.7,0.34,1.31,2.05,2.69
2,19.9,48.7,0.35,1.32,2.06,2.7
2,19.9,48.7,0.35,1.32,2.06,2.61
2,19.9,48.8,0.34,1.31,2.06,2.57
2,19.9,48.7,0.34,1.31,2.05,2.55
2,19.9,48.7,0.34,1.31,2.05,2.61
2,19.9,48.7,0.34,1.31,2.05,2.57
2,19.9,48.7,0.34,1.3,2.05,2.56
2,19.9,48.7,0.33,1.3,2.04,2.56
2,19.9,48.7,0.33,1.3,2.04,2.57
2,19.9,48.7,0.33,1.3,2.04,2.61
2,19.9,48.7,0.33,1.3,2.04,2.58
2,19.9,48.7,0.33,1.3,2.04,2.6
2,19.9,48.7,0.33,1.3,2.04,2.58
2,19.9,48.7,0.33,1.29,2.04,2.59
2,19.9,48.7,0.34,1.3,2.04,2.64
2,19.9,48.6,0.33,1.3,2.04,2.6
2,19.9,48.7,0.33,1.3,2.04,2.6
2,19.9,48.7,0.33,1.29,2.04,2.58
2,19.9,48.6,0.33,1.3,2.04,2.58
2,19.9,48.7,0.33,1.29,2.04,2.59
2,19.9,48.7,0.34,1.3,2.05,2.6
2,19.9,48.7,0.34,1.29,2.04,2.63
2,19.9,48.7,0.34,1.29,2.04,2.63
2,19.9,48.7,0.33,1.29,2.04,2.56
2,19.9,48.7,0.33,1.29,2.04,2.59
2,19.9,48.7,0.34,1.29,2.04,2.62
2,19.9,48.7,0.34,1.3,2.05,2.69
2,19.9,48.7,0.34,1.3,2.05,2.68
2,19.9,48.7,0.35,1.32,2.06,2.76
2,19.9,48.7,0.35,1.32,2.07,2.67
2,19.9,48.7,0.35,1.33,2.07,2.7
2,19.9,48.7,0.34,1.33,2.07,2.63
2,19.9,48.7,0.35,1.32,2.07,2.65
2,19.9,48.7,0.34,1.32,2.06,2.63
2,19.9,48.7,0.34,1.31,2.06,2.59
2,19.9,48.7,0.34,1.31,2.05,2.59
2,19.9,48.7,0.34,1.31,2.06,2.61
2,19.9,48.7,0.34,1.31,2.06,2.63
2,19.9,48.7,0.34,1.31,2.05,2.62
2,19.9,48.7,0.34,1.32,2.06,2.62
2,19.9,48.7,0.34,1.32,2.06,2.64
2,19.9,48.7,0.34,1.32,2.05,2.64
2,19.9,48.7,0.34,1.32,2.06,2.61
2,19.9,48.6,0.34,1.32,2.06,2.6
2,19.9,48.7,0.34,1.32,2.05,2.61
2,19.9,48.6,0.33,1.31,2.05,2.57
2,19.9,48.6,0.33,1.31,2.05,2.59
2,19.9,48.6,0.33,1.31,2.05,2.59
2,19.9,48.7,0.33,1.31,2.05,2.6
2,19.9,48.7,0.34,1.31,2.05,2.59
2,19.9,48.6,0.34,1.31,2.05,2.63
2,19.9,48.7,0.34,1.31,2.05,2.6
2,19.9,48.7,0.34,1.31,2.05,2.65
2,19.9,48.7,0.34,1.31,2.05,2.68
2,19.9,48.7,0.35,1.3,2.04,2.67
2,19.9,48.6,0.35,1.3,2.04,2.65
2,19.9,48.7,0.35,1.3,2.04,2.63
2,19.9,48.7,0.34,1.3,2.03,2.56
2,19.9,48.6,0.34,1.3,2.03,2.53
2,19.9,48.6,0.34,1.29,2.03,2.58
2,19.9,48.7,0.33,1.29,2.03,2.56
2,19.9,48.7,0.33,1.29,2.03,2.55
2,19.9,48.7,0.33,1.29,2.03,2.53
2,19.9,48.7,0.33,1.29,2.02,2.55
2,19.9,48.7,0.33,1.28,2.01,2.58
2,19.9,48.6,0.33,1.28,2.01,2.61
2,19.9,48.7,0.33,1.28,2.01,2.55
2,19.9,48.7,0.33,1.28,2.01,2.6
2,19.9,48.6,0.33,1.28,2.01,2.6
2,19.9,48.6,0.34,1.28,2.01,2.64
2,19.9,48.6,0.34,1.28,2.01,2.67
2,19.9,48.7,0.35,1.29,2.02,2.71
2,19.9,48.7,0.35,1.29,2.02,2.7
2,19.9,48.7,0.36,1.3,2.03,2.71
2,19.9,48.7,0.36,1.31,2.03,2.72
2,19.9,48.7,0.37,1.31,2.04,2.72
2,19.9,48.7,0.37,1.32,2.05,2.72
2,19.9,48.7,0.37,1.32,2.05,2.73
2,19.9,48.7,0.37,1.33,2.05,2.72
2,19.9,48.7,0.37,1.33,2.06,2.71
2,19.9,48.7,0.37,1.32,2.05,2.7
2,19.9,48.7,0.37,1.32,2.05,2.69
2,19.9,48.7,0.37,1.32,2.05,2.68
2,19.9,48.7,0.37,1.32,2.05,2.69
2,19.9,48.7,0.36,1.31,2.05,2.65
2,19.9,48.7,0.36,1.31,2.05,2.62
2,19.9,48.7,0.35,1.31,2.04,2.6
2,19.9,48.7,0.35,1.3,2.04,2.61
2,19.9,48.7,0.35,1.31,2.04,2.61
2,19.9,48.7,0.35,1.31,2.04,2.62
2,19.9,48.6,0.35,1.3,2.05,2.65
2,19.9,48.7,0.35,1.31,2.05,2.65
2,19.9,48.7,0.35,1.31,2.05,2.68
2,19.9,48.7,0.35,1.31,2.05,2.67
2,19.9,48.7,0.35,1.31,2.06,2.67
2,19.9,48.7,0.35,1.31,2.06,2.67
2,19.9,48.7,0.35,1.31,2.06,2.66
2,19.9,48.7,0.36,1.31,2.05,2.67
2,19.9,48.7,0.36,1.31,2.06,2.69
2,19.9,48.7,0.36,1.31,2.05,2.69
2,19.9,48.7,0.36,1.32,2.06,2.68
2,19.9,48.7,0.36,1.31,2.05,2.69
2,19.9,48.7,0.37,1.31,2.05,2.71
2,19.9,48.7,0.36,1.32,2.05,2.69
2,19.9,48.7,0.36,1.31,2.05,2.66
2,19.9,48.7,0.35,1.31,2.05,2.65
2,19.8,48.7,0.35,1.31,2.05,2.6
2,19.9,48.7,0.35,1.31,2.05,2.57
2,19.9,48.7,0.35,1.3,2.04,2.59
2,19.9,48.7,0.35,1.3,2.03,2.61
2,19.9,48.6,0.34,1.3,2.03,2.6
2,19.9,48.7,0.34,1.29,2.02,2.56
2,19.9,48.7,0.34,1.29,2.01,2.61
2,19.9,48.7,0.34,1.29,2.01,2.58
2,19.9,48.7,0.34,1.28,2.01,2.6
2,19.9,48.7,0.34,1.28,2.0,2.62
2,19.9,48.6,0.34,1.28,2.0,2.62
2,19.9,48.7,0.35,1.28,2.0,2.65
2,19.9,48.7,0.35,1.29,2.01,2.66
2,19.9,48.7,0.35,1.28,2.01,2.65
2,19.9,48.7,0.35,1.29,2.01,2.64
2,19.9,48.7,0.35,1.29,2.02,2.59
2,19.9,48.7,0.34,1.28,2.01,2.57
2,19.9,48.7,0.34,1.28,2.01,2.58
2,19.8,48.7,0.34,1.28,2.01,2.61
2,19.9,48.7,0.35,1.29,2.01,2.68
2,19.9,48.7,0.36,1.29,2.02,2.71
2,19.8,48.7,0.36,1.31,2.03,2.74
2,19.9,48.8,0.38,1.32,2.04,2.76
2,19.8,48.8,0.38,1.33,2.06,2.75
2,19.9,48.8,0.38,1.33,2.06,2.74
2,19.9,48.8,0.38,1.33,2.06,2.72
2,19.8,48.8,0.37,1.32,2.06,2.68
2,19.8,48.8,0.37,1.32,2.06,2.68
2,19.9,48.8,0.37,1.32,2.06,2.68
2,19.9,48.8,0.37,1.32,2.06,2.67
2,19.9,48.7,0.36,1.32,2.05,2.66
2,19.9,48.8,0.36,1.32,2.05,2.66
2,19.8,48.7,0.36,1.32,2.05,2.67
2,19.9,48.7,0.36,1.31,2.05,2.61
2,19.9,48.8,0.35,1.31,2.05,2.6
2,19.9,48.7,0.35,1.31,2.05,2.57
2,19.8,48.8,0.35,1.3,2.04,2.6
2,19.9,48.7,0.35,1.3,2.04,2.64
2,19.8,48.7,0.35,1.3,2.04,2.65
2,19.8,48.7,0.35,1.31,2.04,2.69
2,19.9,48.7,0.36,1.31,2.05,2.72
2,19.8,48.7,0.37,1.32,2.05,2.72
2,19.9,48.8,0.37,1.32,2.06,2.7
2,19.9,48.8,0.37,1.32,2.06,2.68
2,19.9,48.8,0.36,1.32,2.06,2.65
2,19.9,48.8,0.35,1.32,2.06,2.6
2,19.8,48.7,0.35,1.31,2.06,2.58
2,19.8,48.7,0.35,1.31,2.05,2.56
2,19.9,48.7,0.34,1.3,2.05,2.57
2,19.8,48.7,0.34,1.3,2.04,2.57
2,19.8,48.7,0.34,1.3,2.04,2.54
2,19.9,48.7,0.34,1.3,2.04,2.56
2,19.9,48.7,0.34,1.3,2.04,2.58
2,19.8,48.7,0.34,1.3,2.04,2.6
2,19.9,48.7,0.34,1.3,2.04,2.58
2,19.8,48.7,0.33,1.3,2.04,2.57
2,19.9,48.7,0.33,1.3,2.04,2.55
3,20.0,48.5,0.37,1.36,2.08,2.66
3,20.0,48.5,0.37,1.36,2.08,2.67
3,20.0,48.5,0.37,1.36,2.07,2.65
3,20.0,48.5,0.37,1.35,2.07,2.65
3,20.0,48.5,0.36,1.35,2.07,2.65
3,20.0,48.5,0.36,1.35,2.06,2.58
3,20.0,48.5,0.35,1.35,2.06,2.57
3,20.0,48.5,0.35,1.34,2.06,2.59
3,20.0,48.5,0.35,1.35,2.06,2.63
3,20.0,48.5,0.35,1.34,2.06,2.61
3,20.0,48.5,0.35,1.34,2.06,2.59
3,20.0,48.5,0.35,1.34,2.05,2.59
3,20.0,48.5,0.35,1.34,2.05,2.6
3,20.0,48.5,0.35,1.33,2.05,2.63
3,20.0,48.5,0.35,1.33,2.05,2.65
3,20.0,48.5,0.35,1.34,2.05,2.65
3,20.0,48.5,0.35,1.33,2.05,2.62
3,20.0,48.5,0.35,1.33,2.05,2.59
3,20.0,48.5,0.35,1.33,2.05,2.63
3,20.0,48.5,0.35,1.34,2.05,2.67
3,20.0,48.5,0.36,1.34,2.05,2.71
3,20.0,48.5,0.37,1.34,2.07,2.71
3,20.0,48.5,0.37,1.35,2.07,2.72
3,20.0,48.5,0.38,1.36,2.08,2.73
3,20.0,48.5,0.38,1.37,2.08,2.72
3,20.0,48.6,0.38,1.37,2.09,2.71
3,20.0,48.5,0.38,1.37,2.09,2.7
3,20.0,48.5,0.38,1.37,2.09,2.7
3,20.0,48.5,0.37,1.37,2.09,2.69
3,20.0,48.5,0.38,1.37,2.09,2.69
3,20.0,48.5,0.38,1.37,2.09,2.69
3,20.0,48.5,0.38,1.37,2.08,2.71
3,20.0,48.5,0.38,1.37,2.09,2.72
3,20.0,48.5,0.38,1.39,2.09,2.72
3,20.0,48.5,0.38,1.39,2.09,2.72
3,20.0,48.5,0.38,1.4,2.1,2.71
3,20.0,48.5,0.38,1.4,2.1,2.71
3,20.0,48.5,0.38,1.4,2.09,2.7
3,20.0,48.5,0.38,1.41,2.1,2.7
3,20.0,48.5,0.38,1.41,2.09,2.7
3,20.0,48.5,0.38,1.41,2.09,2.67
3,20.0,48.5,0.37,1.41,2.09,2.65
3,20.0,48.5,0.37,1.41,2.08,2.66
3,20.0,48.5,0.37,1.41,2.08,2.68
3,20.0,48.5,0.37,1.41,2.08,2.71
3,20.0,48.5,0.38,1.43,2.09,2.73
3,20.0,48.5,0.38,1.43,2.1,2.72
3,20.0,48.6,0.38,1.42,2.1,2.71
3,20.0,48.5,0.38,1.42,2.1,2.7
3,20.0,48.6,0.38,1.42,2.1,2.71
3,20.0,48.5,0.38,1.42,2.1,2.71
3,20.0,48.6,0.38,1.42,2.1,2.7
3,20.0,48.5,0.38,1.42,2.1,2.71
3,20.0,48.5,0.38,1.42,2.1,2.7
3,20.0,48.5,0.38,1.43,2.1,2.71
3,20.0,48.5,0.39,1.43,2.1,2.7
3,20.0,48.5,0.38,1.43,2.1,2.71
3,20.0,48.5,0.39,1.43,2.11,2.73
3,20.0,48.5,0.39,1.43,2.11,2.73
3,20.0,48.5,0.39,1.43,2.11,2.71
3,20.0,48.6,0.39,1.43,2.11,2.7
3,20.0,48.6,0.38,1.43,2.11,2.69
3,20.0,48.5,0.38,1.43,2.1,2.68
3,20.0,48.5,0.38,1.44,2.1,2.69
3,20.0,48.5,0.38,1.44,2.1,2.69
3,20.0,48.5,0.38,1.44,2.1,2.68
3,20.0,48.5,0.38,1.44,2.1,2.69
3,20.0,48.5,0.38,1.43,2.09,2.65
3,20.0,48.5,0.37,1.43,2.09,2.69
3,20.0,48.5,0.38,1.43,2.1,2.72
3,20.0,48.5,0.38,1.43,2.1,2.71
3,20.0,48.5,0.38,1.43,2.1,2.7
3,20.0,48.5,0.39,1.43,2.1,2.71
3,20.0,48.5,0.38,1.42,2.11,2.69
3,20.0,48.5,0.38,1.42,2.1,2.68
3,20.0,48.5,0.38,1.41,2.1,2.67
3,20.0,48.5,0.38,1.41,2.09,2.67
3,20.0,48.5,0.38,1.41,2.09,2.66
3,20.0,48.5,0.38,1.41,2.09,2.67
3,20.0,48.5,0.37,1.4,2.09,2.67
3,20.0,48.5,0.37,1.4,2.09,2.64
3,20.0,48.5,0.37,1.4,2.08,2.63
3,20.0,48.5,0.37,1.39,2.08,2.61
3,20.0,48.5,0.36,1.38,2.08,2.63
3,20.0,48.5,0.37,1.38,2.07,2.64
3,20.0,48.5,0.37,1.38,2.07,2.68
3,20.0,48.5,0.37,1.39,2.07,2.69
3,20.0,48.5,0.37,1.39,2.08,2.7
3,20.0,48.5,0.37,1.39,2.08,2.67
3,20.0,48.5,0.36,1.39,2.07,2.58
3,20.0,48.5,0.35,1.37,2.06,2.52
3,20.0,48.4,0.35,1.37,2.07,2.62
3,20.0,48.4,0.35,1.37,2.07,2.64
3,20.0,48.4,0.35,1.38,2.08,2.54
3,20.0,48.5,0.34,1.37,2.06,2.49
3,20.0,48.4,0.34,1.36,2.05,2.53
3,20.0,48.4,0.34,1.36,2.05,2.59
3,20.0,48.4,0.34,1.36,2.05,2.6
3,20.0,48.4,0.35,1.37,2.06,2.63
3,20.0,48.5,0.35,1.37,2.07,2.68
3,20.0,48.5,0.35,1.38,2.08,2.7
3,20.0,48.5,0.35,1.38,2.08,2.65
3,20.0,48.5,0.35,1.38,2.08,2.63
3,20.0,48.4,0.35,1.38,2.08,2.55
3,20.0,48.4,0.35,1.37,2.08,2.62
3,20.0,48.4,0.35,1.37,2.08,2.56
3,20.0,48.4,0.34,1.36,2.07,2.52
3,20.0,48.5,0.34,1.36,2.06,2.56
3,20.0,48.4,0.35,1.37,2.07,2.69
3,20.0,48.4,0.35,1.37,2.08,2.63
3,20.0,48.5,0.34,1.36,2.08,2.57
3,20.0,48.5,0.34,1.36,2.08,2.56
3,20.0,48.5,0.34,1.36,2.07,2.52
3,20.0,48.5,0.34,1.35,2.07,2.52
3,20.0,48.4,0.34,1.35,2.07,2.56
3,20.0,48.4,0.34,1.35,2.07,2.58
3,20.0,48.5,0.34,1.35,2.07,2.63
3,20.0,48.5,0.34,1.35,2.07,2.58
3,20.0,48.5,0.34,1.35,2.07,2.55
3,20.0,48.5,0.34,1.35,2.07,2.55
3,20.0,48.5,0.33,1.34,2.06,2.54
3,20.0,48.5,0.33,1.34,2.06,2.55
3,20.0,48.5,0.33,1.34,2.06,2.54
3,20.0,48.5,0.33,1.33,2.06,2.55
3,20.0,48.5,0.34,1.34,2.07,2.59
3,20.0,48.5,0.34,1.34,2.06,2.58
3,20.0,48.5,0.33,1.33,2.06,2.54
3,20.0,48.5,0.33,1.33,2.06,2.55
3,20.0,48.5,0.33,1.33,2.06,2.51
3,20.0,48.5,0.33,1.33,2.06,2.58
3,20.0,48.5,0.34,1.33,2.06,2.62
3,20.0,48.5,0.34,1.33,2.06,2.58
3,20.0,48.5,0.35,1.34,2.08,2.64
3,20.0,48.5,0.35,1.34,2.08,2.57
3,20.0,48.5,0.33,1.33,2.07,2.5
3,20.0,48.5,0.33,1.32,2.06,2.49
3,20.0,48.5,0.33,1.32,2.05,2.5
3,20.0,48.5,0.32,1.32,2.05,2.51
3,20.0,48.5,0.33,1.31,2.05,2.48
3,20.0,48.4,0.33,1.31,2.04,2.46
3,20.0,48.5,0.33,1.31,2.05,2.53
3,20.0,48.5,0.33,1.31,2.05,2.56
3,20.0,48.5,0.33,1.31,2.05,2.51
3,20.0,48.5,0.32,1.31,2.05,2.54
3,20.0,48.4,0.33,1.3,2.05,2.52
3,20.0,48.4,0.33,1.3,2.05,2.55
3,20.0,48.5,0.32,1.3,2.05,2.5
3,20.0,48.5,0.32,1.3,2.04,2.53
3,20.0,48.5,0.32,1.3,2.05,2.52
3,20.0,48.5,0.32,1.29,2.04,2.52
3,20.0,48.5,0.32,1.29,2.04,2.52
3,20.0,48.5,0.32,1.29,2.04,2.51
3,20.0,48.5,0.32,1.29,2.04,2.54
3,20.0,48.5,0.33,1.29,2.04,2.56
3,20.0,48.5,0.33,1.29,2.04,2.6
3,20.0,48.5,0.34,1.29,2.04,2.61
3,20.0,48.5,0.34,1.29,2.05,2.6
3,20.0,48.5,0.34,1.3,2.05,2.62
3,20.0,48.5,0.35,1.3,2.05,2.64
3,20.0,48.5,0.35,1.3,2.05,2.68
3,20.0,48.5,0.36,1.31,2.05,2.72
3,20.0,48.5,0.37,1.33,2.07,2.75
3,20.0,48.6,0.37,1.34,2.08,2.72
3,20.0,48.5,0.37,1.35,2.08,2.73
3,20.0,48.5,0.37,1.35,2.08,2.68
3,20.0,48.5,0.37,1.35,2.07,2.66
3,20.0,48.5,0.36,1.34,2.07,2.62
3,20.0,48.5,0.35,1.33,2.06,2.58
3,20.0,48.5,0.35,1.33,2.06,2.61
3,20.0,48.5,0.35,1.33,2.05,2.65
3,20.0,48.5,0.36,1.33,2.06,2.65
3,20.0,48.5,0.36,1.33,2.05,2.65
3,20.0,48.5,0.35,1.32,2.05,2.54
3,20.0,48.5,0.35,1.32,2.05,2.55
3,20.0,48.5,0.35,1.32,2.05,2.55
3,20.0,48.5,0.34,1.31,2.05,2.54
3,20.0,48.5,0.34,1.31,2.05,2.52
3,20.0,48.5,0.33,1.3,2.04,2.52
3,20.0,48.5,0.33,1.3,2.05,2.54
3,20.0,48.5,0.33,1.31,2.05,2.56
3,20.0,48.5,0.33,1.31,2.05,2.59
3,20.0,48.5,0.34,1.31,2.05,2.58
3,20.0,48.5,0.34,1.31,2.05,2.58
3,20.0,48.5,0.34,1.32,2.06,2.59
3,20.0,48.5,0.35,1.32,2.06,2.66
3,20.0,48.5,0.35,1.32,2.06,2.7
3,20.0,48.5,0.36,1.33,2.07,2.73
3,20.0,48.5,0.36,1.33,2.08,2.69
3,20.0,48.5,0.36,1.33,2.08,2.67
3,20.0,48.5,0.36,1.33,2.07,2.61
3,20.0,48.5,0.35,1.33,2.07,2.57
3,20.0,48.6,0.35,1.33,2.06,2.6
3,20.0,48.5,0.35,1.32,2.06,2.61
3,20.0,48.5,0.35,1.33,2.06,2.61
3,20.0,48.5,0.35,1.33,2.06,2.58
3,20.0,48.5,0.34,1.32,2.06,2.56
3,20.0,48.5,0.34,1.32,2.06,2.6
3,20.0,48.5,0.34,1.32,2.05,2.55
3,20.0,48.5,0.34,1.32,2.05,2.56
3,20.0,48.5,0.34,1.32,2.04,2.58
3,20.0,48.5,0.34,1.32,2.04,2.61
3,20.0,48.5,0.35,1.32,2.04,2.64
3,20.0,48.5,0.35,1.32,2.05,2.69
3,20.0,48.5,0.36,1.33,2.06,2.7
3,20.0,48.6,0.36,1.34,2.06,2.72
3,20.0,48.6,0.37,1.35,2.07,2.73
3,20.0,48.6,0.38,1.37,2.08,2.73
3,20.0,48.6,0.38,1.38,2.09,2.73
3,20.0,48.6,0.38,1.38,2.1,2.74
3,20.0,48.6,0.39,1.4,2.1,2.73
3,20.0,48.6,0.39,1.41,2.11,2.71
3,20.0,48.6,0.38,1.4,2.1,2.67
3,20.0,48.6,0.37,1.39,2.09,2.66
3,20.0,48.6,0.37,1.39,2.09,2.67
3,20.0,48.6,0.38,1.4,2.09,2.7
3,20.0,48.6,0.38,1.4,2.09,2.71
3,20.0,48.6,0.38,1.4,2.09,2.69
3,20.0,48.6,0.37,1.39,2.09,2.66
3,20.0,48.6,0.37,1.39,2.08,2.62
3,20.0,48.6,0.37,1.38,2.07,2.63
3,20.0,48.6,0.36,1.38,2.07,2.64
3,20.0,48.6,0.36,1.37,2.07,2.63
3,20.0,48.6,0.36,1.36,2.06,2.6
3,20.0,48.5,0.35,1.36,2.06,2.59
3,20.0,48.5,0.35,1.35,2.06,2.59
3,20.0,48.5,0.35,1.35,2.06,2.63
3,20.0,48.5,0.36,1.35,2.05,2.65
3,20.0,48.5,0.36,1.35,2.05,2.64
3,20.0,48.5,0.36,1.35,2.05,2.64
3,20.0,48.5,0.36,1.35,2.05,2.64
3,20.0,48.5,0.36,1.35,2.05,2.63
3,20.0,48.6,0.36,1.35,2.05,2.61
3,20.0,48.5,0.36,1.34,2.05,2.62
3,20.0,48.5,0.36,1.35,2.05,2.63
3,20.0,48.5,0.35,1.34,2.05,2.59
3,20.0,48.5,0.35,1.34,2.04,2.61
3,20.0,48.5,0.36,1.34,2.04,2.61
3,20.0,48.5,0.35,1.33,2.04,2.57
3,20.0,48.5,0.35,1.33,2.04,2.56
3,20.0,48.5,0.35,1.33,2.04,2.53
3,20.0,48.5,0.34,1.32,2.04,2.53
3,20.0,48.5,0.34,1.32,2.04,2.52
3,20.0,48.6,0.34,1.32,2.04,2.5
3,20.0,48.5,0.34,1.31,2.03,2.5
3,20.0,48.6,0.33,1.31,2.03,2.52
3,20.0,48.5,0.34,1.3,2.03,2.59
3,20.0,48.5,0.34,1.3,2.04,2.53
3,20.0,48.5,0.34,1.31,2.03,2.55
3,20.0,48.5,0.34,1.3,2.04,2.57
3,20.0,48.5,0.34,1.3,2.04,2.56
3,20.0,48.6,0.33,1.3,2.04,2.54
3,20.0,48.6,0.33,1.3,2.04,2.55
3,20.0,48.5,0.34,1.3,2.04,2.61
3,20.0,48.6,0.34,1.3,2.04,2.6
3,20.0,48.6,0.35,1.3,2.04,2.63
3,20.0,48.5,0.34,1.3,2.04,2.59
3,20.0,48.6,0.34,1.3,2.04,2.59
3,20.0,48.6,0.34,1.31,2.04,2.58
3,20.0,48.5,0.35,1.31,2.04,2.6
3,20.0,48.6,0.35,1.31,2.04,2.61
3,20.0,48.5,0.35,1.31,2.04,2.63
3,20.0,48.5,0.35,1.31,2.04,2.61
3,20.0,48.5,0.35,1.31,2.03,2.6
3,20.0,48.6,0.34,1.3,2.03,2.56
3,20.0,48.5,0.34,1.3,2.03,2.56
3,20.0,48.5,0.34,1.3,2.03,2.56
3,20.0,48.5,0.34,1.3,2.03,2.58
3,20.0,48.6,0.34,1.3,2.03,2.59
3,20.0,48.5,0.34,1.3,2.03,2.57
3,20.0,48.5,0.34,1.3,2.03,2.57
3,20.0,48.5,0.33,1.3,2.03,2.56
3,20.0,48.6,0.33,1.3,2.03,2.57
3,20.0,48.6,0.33,1.3,2.03,2.55
3,20.0,48.6,0.34,1.3,2.03,2.63
3,20.0,48.5,0.34,1.31,2.04,2.66
3,20.0,48.6,0.35,1.31,2.04,2.7
3,20.0,48.6,0.36,1.32,2.05,2.7
3,20.0,48.6,0.36,1.32,2.05,2.7
3,20.0,48.6,0.37,1.33,2.07,2.72
3,20.0,48.6,0.37,1.34,2.07,2.71
3,20.0,48.6,0.37,1.35,2.07,2.71
3,20.0,48.6,0.37,1.36,2.08,2.69
3,20.0,48.6,0.37,1.36,2.07,2.68
3,20.0,48.6,0.37,1.37,2.08,2.69
3,20.0,48.6,0.38,1.38,2.08,2.7
3,20.0,48.6,0.38,1.38,2.08,2.7
3,20.0,48.6,0.38,1.39,2.08,2.7
3,20.0,48.6,0.38,1.39,2.09,2.69
3,20.0,48.6,0.38,1.4,2.09,2.71
3,20.0,48.6,0.38,1.41,2.09,2.71
3,20.0,48.6,0.38,1.41,2.09,2.72
3,20.0,48.6,0.38,1.41,2.1,2.7
3,20.0,48.6,0.38,1.42,2.1,2.69
3,20.0,48.6,0.38,1.42,2.1,2.7
3,20.0,48.6,0.38,1.43,2.1,2.7
3,20.0,48.6,0.38,1.43,2.1,2.7
3,20.0,48.6,0.38,1.41,2.1,2.66
3,20.0,48.6,0.37,1.41,2.09,2.65
3,20.0,48.6,0.37,1.4,2.08,2.64
3,20.0,48.6,0.37,1.39,2.08,2.64
3,20.0,48.5,0.37,1.39,2.08,2.66
3,20.0,48.6,0.37,1.38,2.08,2.66
3,20.0,48.6,0.37,1.38,2.08,2.69
3,20.0,48.6,0.37,1.39,2.08,2.68
3,20.0,48.6,0.37,1.39,2.08,2.7
3,20.0,48.6,0.37,1.39,2.09,2.68
3,20.0,48.6,0.37,1.39,2.08,2.66
3,20.0,48.6,0.37,1.39,2.08,2.65
3,20.0,48.6,0.37,1.39,2.08,2.7
3,20.0,48.6,0.38,1.39,2.09,2.69
3,20.0,48.6,0.37,1.38,2.09,2.63
3,20.0,48.6,0.36,1.37,2.07,2.55
3,20.0,48.6,0.35,1.36,2.07,2.54
3,20.0,48.6,0.35,1.36,2.06,2.57
3,20.0,48.6,0.35,1.36,2.06,2.61
3,20.0,48.6,0.35,1.36,2.06,2.63
3,20.0,48.6,0.36,1.36,2.06,2.67
3,20.0,48.6,0.36,1.36,2.06,2.67
3,20.0,48.6,0.37,1.37,2.07,2.67
3,20.0,48.6,0.37,1.36,2.07,2.65
3,20.0,48.6,0.36,1.36,2.06,2.64
3,20.0,48.6,0.36,1.36,2.06,2.64
3,20.0,48.6,0.37,1.36,2.06,2.66
3,20.0,48.6,0.37,1.37,2.06,2.68
3,20.0,48.6,0.37,1.37,2.07,2.67
3,20.0,48.6,0.37,1.37,2.07,2.65
3,20.0,48.6,0.37,1.37,2.07,2.65
3,20.0,48.6,0.37,1.37,2.07,2.65
3,20.0,48.6,0.37,1.37,2.06,2.66
3,20.0,48.6,0.37,1.37,2.07,2.68
3,20.0,48.6,0.37,1.37,2.07,2.68
3,20.0,48.6,0.37,1.37,2.07,2.67
3,20.0,48.6,0.37,1.37,2.07,2.65
3,20.0,48.6,0.37,1.37,2.07,2.66
3,20.0,48.5,0.37,1.37,2.07,2.66
3,20.0,48.6,0.37,1.37,2.07,2.67
3,20.0,48.6,0.37,1.37,2.07,2.65
3,20.0,48.6,0.37,1.36,2.07,2.62
3,20.0,48.6,0.36,1.36,2.07,2.59
3,20.0,48.6,0.36,1.36,2.06,2.6
3,20.0,48.6,0.37,1.37,2.06,2.69
3,20.0,48.6,0.37,1.37,2.07,2.68
3,20.0,48.6,0.37,1.36,2.07,2.62
3,20.0,48.6,0.36,1.36,2.06,2.57
3,20.0,48.6,0.35,1.35,2.05,2.52
3,20.0,48.6,0.35,1.35,2.05,2.56
3,20.0,48.5,0.35,1.35,2.05,2.58
3,20.0,48.6,0.35,1.35,2.05,2.61
3,20.0,48.6,0.35,1.35,2.04,2.62
3,20.0,48.6,0.36,1.34,2.04,2.63
3,20.0,48.6,0.35,1.35,2.04,2.64
3,20.0,48.6,0.36,1.35,2.04,2.65
3,20.0,48.6,0.36,1.36,2.05,2.69
3,20.0,48.6,0.37,1.36,2.06,2.7
3,20.0,48.6,0.37,1.36,2.06,2.68
3,20.0,48.6,0.37,1.35,2.06,2.68
3,20.0,48.6,0.37,1.36,2.06,2.65
3,20.0,48.6,0.37,1.36,2.06,2.65
3,20.0,48.6,0.36,1.35,2.06,2.63
3,20.0,48.6,0.36,1.35,2.06,2.62
3,20.0,48.6,0.36,1.35,2.05,2.63
3,20.0,48.6,0.36,1.35,2.05,2.63
3,20.0,48.6,0.36,1.35,2.05,2.64
3,20.0,48.6,0.36,1.35,2.05,2.66
3,20.0,48.6,0.37,1.36,2.05,2.67
3,20.0,48.6,0.37,1.36,2.06,2.67
3,20.0,48.6,0.37,1.37,2.06,2.66
3,20.0,48.6,0.37,1.37,2.06,2.67
3,20.0,48.6,0.37,1.38,2.07,2.69
3,20.0,48.6,0.38,1.39,2.08,2.71
3,20.0,48.6,0.38,1.4,2.08,2.7
3,20.0,48.7,0.38,1.42,2.08,2.7
3,20.0,48.7,0.39,1.43,2.09,2.71
3,20.0,48.7,0.39,1.44,2.09,2.69
3,20.0,48.7,0.39,1.44,2.09,2.68
3,20.0,48.6,0.38,1.44,2.09,2.68
3,20.0,48.6,0.38,1.43,2.09,2.67
3,20.0,48.7,0.38,1.44,2.09,2.67
3,20.0,48.6,0.38,1.45,2.09,2.67
3,20.0,48.7,0.38,1.45,2.09,2.68
3,20.0,48.6,0.38,1.46,2.09,2.66
3,20.0,48.7,0.38,1.47,2.09,2.67
3,20.0,48.6,0.38,1.47,2.09,2.69
3,20.0,48.6,0.39,1.48,2.1,2.7
3,20.0,48.7,0.38,1.48,2.1,2.68
3,20.0,48.6,0.39,1.47,2.1,2.69
3,20.0,48.6,0.39,1.47,2.11,2.69
3,20.0,48.6,0.39,1.46,2.11,2.7
3,20.0,48.6,0.38,1.46,2.11,2.69
3,20.0,48.6,0.38,1.45,2.1,2.68
3,20.0,48.6,0.38,1.45,2.1,2.68
3,20.0,48.6,0.38,1.45,2.1,2.69
3,20.0,48.6,0.38,1.45,2.1,2.68
3,20.0,48.6,0.38,1.44,2.09,2.66
3,20.0,48.6,0.38,1.44,2.09,2.65
3,20.0,48.6,0.38,1.44,2.09,2.67
3,20.0,48.6,0.38,1.44,2.09,2.68
3,20.0,48.6,0.38,1.44,2.09,2.66
3,20.0,48.6,0.38,1.43,2.09,2.65
3,20.0,48.6,0.37,1.42,2.08,2.64
3,20.0,48.6,0.37,1.42,2.08,2.63
3,20.0,48.6,0.37,1.41,2.08,2.66
3,20.0,48.6,0.37,1.42,2.08,2.68
3,20.0,48.6,0.37,1.42,2.08,2.67
3,20.0,48.6,0.38,1.42,2.08,2.67
3,20.0,48.6,0.38,1.42,2.08,2.65
3,20.0,48.6,0.37,1.41,2.08,2.63
3,20.0,48.6,0.37,1.4,2.07,2.6
3,20.0,48.6,0.36,1.4,2.07,2.62
3,20.0,48.6,0.36,1.39,2.07,2.6
3,20.0,48.6,0.36,1.39,2.06,2.62
3,20.0,48.6,0.36,1.38,2.06,2.64
3,20.0,48.6,0.37,1.38,2.06,2.67
3,20.0,48.6,0.37,1.39,2.07,2.68
3,20.0,48.6,0.38,1.41,2.07,2.68
3,20.0,48.6,0.38,1.41,2.08,2.69
3,20.0,48.6,0.38,1.42,2.08,2.68
3,20.0,48.6,0.38,1.42,2.08,2.67
3,20.0,48.7,0.38,1.43,2.08,2.67
3,20.0,48.6,0.38,1.43,2.08,2.65
3,20.0,48.7,0.37,1.42,2.08,2.65
3,20.0,48.6,0.37,1.43,2.07,2.65
3,20.0,48.6,0.37,1.43,2.07,2.65
3,20.0,48.6,0.37,1.42,2.07,2.65
3,20.0,48.6,0.37,1.42,2.07,2.63
3,20.0,48.6,0.37,1.4,2.07,2.63
3,20.0,48.6,0.37,1.41,2.07,2.65
3,20.0,48.6,0.37,1.41,2.07,2.68
3,20.0,48.6,0.38,1.42,2.08,2.7
3,20.0,48.6,0.38,1.43,2.08,2.68
3,20.0,48.7,0.38,1.45,2.08,2.66
3,20.0,48.6,0.37,1.45,2.08,2.65
3,20.0,48.6,0.38,1.45,2.08,2.65
3,20.0,48.6,0.38,1.46,2.08,2.64
3,20.0,48.6,0.38,1.46,2.07,2.63
3,20.0,48.6,0.37,1.46,2.07,2.63
3,20.0,48.6,0.37,1.46,2.07,2.65
3,20.0,48.6,0.37,1.46,2.08,2.65
3,20.0,48.6,0.37,1.46,2.08,2.65
3,20.0,48.7,0.37,1.45,2.07,2.65
3,20.0,48.6,0.37,1.45,2.07,2.62
3,20.0,48.6,0.36,1.44,2.06,2.55
3,20.0,48.6,0.35,1.42,2.06,2.53
3,20.0,48.6,0.35,1.41,2.05,2.53
3,20.0,48.6,0.34,1.4,2.05,2.48
3,20.0,48.6,0.34,1.39,2.05,2.49
3,20.0,48.6,0.34,1.38,2.05,2.55
3,20.0,48.6,0.34,1.38,2.04,2.55
3,20.0,48.6,0.35,1.37,2.04,2.58
3,20.0,48.6,0.35,1.37,2.04,2.57
3,20.0,48.6,0.35,1.37,2.04,2.61
3,20.0,48.6,0.35,1.37,2.04,2.6
3,20.0,48.6,0.35,1.36,2.04,2.62
3,20.0,48.6,0.36,1.37,2.04,2.64
3,20.0,48.6,0.36,1.37,2.04,2.65
3,20.0,48.6,0.36,1.38,2.04,2.63
3,20.0,48.6,0.36,1.37,2.04,2.64
3,20.0,48.6,0.36,1.38,2.05,2.66
3,20.0,48.6,0.36,1.38,2.05,2.66
3,20.0,48.6,0.37,1.39,2.05,2.68
3,20.0,48.6,0.37,1.39,2.06,2.66
3,20.0,48.6,0.37,1.38,2.06,2.65
3,20.0,48.6,0.36,1.38,2.05,2.62
3,20.0,48.6,0.36,1.38,2.05,2.59
3,20.0,48.6,0.35,1.37,2.05,2.57
3,20.0,48.6,0.35,1.36,2.04,2.55
3,20.0,48.6,0.35,1.36,2.04,2.6
3,20.0,48.6,0.35,1.36,2.04,2.6
3,20.0,48.6,0.36,1.36,2.04,2.64
3,20.0,48.6,0.36,1.37,2.04,2.68
3,20.0,48.6,0.37,1.38,2.05,2.68
3,20.0,48.6,0.37,1.38,2.05,2.66
3,20.0,48.6,0.36,1.38,2.05,2.65
3,20.0,48.6,0.36,1.37,2.05,2.63
3,20.0,48.6,0.36,1.37,2.05,2.65
3,20.0,48.6,0.36,1.36,2.05,2.63
3,20.0,48.6,0.36,1.36,2.05,2.63
3,20.0,48.6,0.36,1.36,2.05,2.65
3,20.0,48.6,0.36,1.36,2.05,2.62
3,20.0,48.6,0.35,1.36,2.05,2.56
3,20.0,48.6,0.35,1.35,2.03,2.47
3,20.0,48.6,0.34,1.35,2.03,2.46
3,20.0,48.6,0.34,1.34,2.03,2.5
3,20.0,48.6,0.34,1.34,2.03,2.52
3,20.0,48.6,0.34,1.34,2.03,2.56
3,20.0,48.6,0.35,1.34,2.03,2.6
3,20.0,48.6,0.35,1.34,2.03,2.62
3,20.0,48.6,0.35,1.34,2.03,2.61
3,20.0,48.6,0.35,1.34,2.03,2.59
3,20.0,48.6,0.35,1.34,2.03,2.54
3,20.0,48.6,0.34,1.33,2.03,2.52
3,20.0,48.6,0.34,1.33,2.03,2.5
3,20.0,48.6,0.34,1.32,2.02,2.52
3,20.0,48.6,0.34,1.32,2.02,2.51
3,20.0,48.6,0.34,1.32,2.02,2.53
3,20.0,48.6,0.34,1.32,2.02,2.55
3,20.0,48.6,0.34,1.32,2.01,2.55
3,20.0,48.6,0.34,1.32,2.01,2.53
3,20.0,48.6,0.33,1.31,2.01,2.54
3,20.0,48.6,0.33,1.31,2.01,2.53
3,20.0,48.6,0.34,1.32,2.01,2.63
3,20.0,48.6,0.35,1.32,2.02,2.65
3,20.0,48.7,0.35,1.32,2.02,2.65
3,20.0,48.6,0.35,1.32,2.03,2.66
3,20.0,48.6,0.36,1.32,2.04,2.67
3,20.0,48.6,0.36,1.33,2.04,2.66
3,20.0,48.6,0.36,1.33,2.04,2.64
3,20.0,48.7,0.36,1.33,2.04,2.64
3,20.0,48.6,0.35,1.33,2.04,2.61
3,20.0,48.6,0.35,1.33,2.03,2.6
3,20.0,48.7,0.35,1.33,2.04,2.6
3,20.0,48.6,0.35,1.33,2.04,2.59
3,19.9,48.7,0.35,1.32,2.03,2.58
3,20.0,48.7,0.35,1.32,2.03,2.53
3,19.9,48.6,0.35,1.32,2.03,2.55
3,19.9,48.6,0.35,1.32,2.03,2.58
3,20.0,48.6,0.35,1.32,2.03,2.61
3,20.0,48.6,0.35,1.32,2.03,2.6
3,20.0,48.7,0.35,1.32,2.03,2.6
3,20.0,48.6,0.35,1.31,2.02,2.56
3,20.0,48.7,0.35,1.31,2.02,2.56
3,20.0,48.6,0.35,1.31,2.02,2.58
3,20.0,48.7,0.35,1.31,2.02,2.58
3,20.0,48.6,0.35,1.31,2.02,2.61
3,19.9,48.6,0.35,1.31,2.02,2.64
3,20.0,48.7,0.36,1.33,2.03,2.69
3,20.0,48.7,0.37,1.35,2.04,2.69
3,19.9,48.7,0.37,1.36,2.05,2.69
3,20.0,48.7,0.37,1.37,2.05,2.66
3,20.0,48.7,0.36,1.36,2.05,2.64
3,19.9,48.7,0.36,1.36,2.04,2.6
3,19.9,48.7,0.36,1.35,2.04,2.6
3,19.9,48.6,0.36,1.35,2.04,2.61
3,20.0,48.7,0.36,1.35,2.03,2.61
3,20.0,48.6,0.35,1.34,2.03,2.6
3,20.0,48.6,0.36,1.34,2.03,2.62
3,20.0,48.6,0.35,1.34,2.03,2.62
3,20.0,48.6,0.35,1.34,2.03,2.61
3,20.0,48.6,0.36,1.34,2.03,2.61
3,20.0,48.6,0.35,1.34,2.03,2.6
3,19.9,48.6,0.36,1.34,2.03,2.64
3,20.0,48.6,0.36,1.34,2.03,2.65
3,20.0,48.7,0.36,1.34,2.03,2.62
3,19.9,48.7,0.36,1.34,2.03,2.6
3,19.9,48.7,0.35,1.33,2.03,2.58
3,20.0,48.7,0.35,1.33,2.02,2.54
3,20.0,48.7,0.35,1.33,2.02,2.55
3,19.9,48.7,0.35,1.32,2.03,2.59
3,20.0,48.6,0.35,1.32,2.02,2.59
3,19.9,48.6,0.35,1.32,2.03,2.6
3,20.0,48.6,0.35,1.32,2.03,2.6
3,20.0,48.6,0.35,1.32,2.03,2.58
3,19.9,48.7,0.35,1.32,2.02,2.54
3,20.0,48.7,0.35,1.31,2.03,2.56
3,19.9,48.7,0.34,1.31,2.02,2.52
3,20.0,48.6,0.35,1.31,2.02,2.55
3,20.0,48.7,0.34,1.3,2.02,2.5
3,20.0,48.6,0.33,1.3,2.02,2.46
3,20.0,48.6,0.33,1.3,2.02,2.49
3,19.9,48.6,0.33,1.29,2.01,2.47
3,19.9,48.6,0.33,1.3,2.01,2.48
3,19.9,48.7,0.33,1.29,2.01,2.49
3,20.0,48.6,0.33,1.29,2.01,2.57
3,19.9,48.6,0.34,1.29,2.01,2.59
3,19.9,48.6,0.33,1.3,2.01,2.54
3,20.0,48.7,0.33,1.3,2.01,2.54
3,19.9,48.6,0.34,1.3,2.02,2.56
3,19.9,48.7,0.33,1.3,2.01,2.51
3,19.9,48.7,0.33,1.29,2.01,2.5
3,19.9,48.7,0.33,1.29,2.01,2.52
3,19.9,48.6,0.33,1.29,2.01,2.49
3,19.9,48.7,0.33,1.29,2.01,2.48
3,20.0,48.7,0.32,1.28,2.01,2.44
3,20.0,48.7,0.32,1.28,2.0,2.49
3,20.0,48.7,0.32,1.28,2.01,2.53
3,20.0,48.7,0.33,1.28,2.02,2.53
3,19.9,48.7,0.33,1.29,2.02,2.55
3,19.9,48.7,0.33,1.29,2.02,2.59
3,19.9,48.7,0.33,1.29,2.02,2.5
3,20.0,48.6,0.33,1.29,2.02,2.52
3,19.9,48.6,0.33,1.29,2.02,2.53
3,20.0,48.7,0.33,1.29,2.02,2.57
3,19.9,48.7,0.33,1.29,2.01,2.53
3,19.9,48.7,0.33,1.29,2.01,2.61
3,19.9,48.6,0.34,1.29,2.01,2.63
3,20.0,48.7,0.35,1.3,2.02,2.63
3,19.9,48.7,0.34,1.29,2.02,2.58
3,20.0,48.7,0.34,1.29,2.02,2.55
3,19.9,48.7,0.34,1.29,2.02,2.58
3,20.0,48.6,0.34,1.29,2.01,2.57
3,19.9,48.6,0.33,1.29,2.01,2.49
3,20.0,48.7,0.33,1.29,2.01,2.48
3,20.0,48.7,0.33,1.28,2.01,2.51
3,20.0,48.7,0.33,1.28,2.01,2.48
3,19.9,48.7,0.33,1.29,2.01,2.54
3,20.0,48.7,0.33,1.28,2.01,2.54
3,20.0,48.7,0.33,1.28,2.01,2.53
3,20.0,48.6,0.33,1.29,2.0,2.57
3,20.0,48.6,0.34,1.29,2.01,2.61
3,20.0,48.7,0.34,1.29,2.02,2.64
3,19.9,48.7,0.35,1.3,2.02,2.66
3,20.0,48.7,0.36,1.3,2.03,2.66
3,20.0,48.7,0.35,1.3,2.04,2.65
3,19.9,48.7,0.35,1.3,2.03,2.63
3,19.9,48.7,0.35,1.3,2.03,2.62
3,19.9,48.7,0.35,1.3,2.04,2.64
3,20.0,48.7,0.36,1.3,2.03,2.64
3,20.0,48.7,0.35,1.3,2.04,2.63
3,20.0,48.7,0.36,1.31,2.03,2.63
3,19.9,48.7,0.36,1.31,2.03,2.63
3,19.9,48.7,0.35,1.31,2.03,2.63
3,19.9,48.7,0.36,1.31,2.03,2.61
3,19.9,48.7,0.35,1.31,2.03,2.6
3,19.9,48.7,0.35,1.3,2.03,2.6
3,19.9,48.7,0.36,1.31,2.03,2.62
3,19.9,48.7,0.35,1.31,2.03,2.6
3,19.9,48.7,0.35,1.31,2.04,2.65
3,19.9,48.7,0.35,1.31,2.05,2.64
3,19.9,48.7,0.35,1.32,2.05,2.66
3,19.9,48.7,0.35,1.32,2.05,2.6
3,19.9,48.7,0.34,1.31,2.04,2.47
3,19.9,48.7,0.34,1.3,2.03,2.5
3,19.9,48.7,0.33,1.3,2.03,2.53
3,19.9,48.7,0.34,1.3,2.04,2.57
3,19.9,48.7,0.35,1.3,2.04,2.64
3,19.9,48.7,0.35,1.3,2.05,2.65
3,19.9,48.7,0.36,1.31,2.05,2.64
3,20.0,48.8,0.35,1.31,2.05,2.61
3,19.9,48.7,0.36,1.31,2.05,2.63
3,19.9,48.7,0.36,1.32,2.05,2.66
3,19.9,48.8,0.36,1.33,2.05,2.62
3,19.9,48.8,0.36,1.32,2.04,2.61
3,19.9,48.8,0.35,1.32,2.04,2.61
3,20.0,48.7,0.35,1.32,2.03,2.58
3,20.0,48.8,0.35,1.31,2.03,2.56
3,19.9,48.7,0.35,1.31,2.02,2.52
3,19.9,48.7,0.34,1.31,2.02,2.55
3,19.9,48.7,0.34,1.31,2.02,2.52
3,19.9,48.7,0.34,1.3,2.02,2.51
3,20.0,48.7,0.34,1.3,2.03,2.52
3,19.9,48.7,0.34,1.3,2.02,2.49
3,20.0,48.7,0.34,1.3,2.02,2.5
3,20.0,48.7,0.33,1.29,2.02,2.54
3,19.9,48.7,0.33,1.29,2.02,2.58
3,20.0,48.7,0.34,1.3,2.03,2.53
3,19.9,48.7,0.34,1.29,2.02,2.58
3,19.9,48.7,0.35,1.3,2.02,2.64
3,19.9,48.7,0.35,1.3,2.03,2.65
3,19.9,48.7,0.35,1.31,2.03,2.63
3,19.9,48.7,0.35,1.31,2.03,2.63
3,19.9,48.7,0.35,1.31,2.03,2.59
3,19.9,48.7,0.35,1.31,2.03,2.57
3,19.9,48.7,0.35,1.3,2.03,2.59
3,19.9,48.7,0.35,1.3,2.03,2.62
3,19.9,48.7,0.35,1.31,2.03,2.62
3,19.9,48.7,0.35,1.31,2.03,2.61
3,19.9,48.8,0.35,1.3,2.03,2.57
3,19.9,48.7,0.35,1.3,2.03,2.58
3,19.9,48.7,0.35,1.3,2.02,2.57
3,19.9,48.7,0.35,1.3,2.02,2.56
3,19.9,48.7,0.35,1.3,2.02,2.55
3,19.9,48.7,0.34,1.3,2.02,2.59
3,19.9,48.7,0.35,1.3,2.02,2.61
3,19.9,48.7,0.35,1.3,2.02,2.62
3,19.9,48.7,0.35,1.3,2.03,2.62
3,19.9,48.7,0.35,1.3,2.02,2.62
3,19.9,48.7,0.35,1.3,2.02,2.64
3,19.9,48.7,0.36,1.31,2.03,2.65
3,19.9,48.7,0.36,1.31,2.03,2.65
3,19.9,48.7,0.36,1.32,2.03,2.64
3,19.9,48.8,0.36,1.32,2.03,2.63
3,19.9,48.7,0.36,1.33,2.03,2.63
3,19.9,48.7,0.36,1.34,2.04,2.64
3,19.9,48.8,0.37,1.35,2.04,2.66
3,19.9,48.7,0.36,1.35,2.04,2.64
3,19.9,48.8,0.36,1.35,2.04,2.63
3,19.9,48.7,0.36,1.35,2.04,2.6
3,19.9,48.7,0.35,1.34,2.04,2.57
3,19.9,48.7,0.35,1.33,2.03,2.51
3,19.9,48.7,0.34,1.32,2.02,2.51
3,19.9,48.7,0.34,1.32,2.02,2.56
3,19.9,48.7,0.34,1.32,2.02,2.56
3,20.0,48.7,0.34,1.32,2.02,2.58
3,19.9,48.7,0.34,1.31,2.02,2.57
3,19.9,48.7,0.35,1.31,2.02,2.6
3,19.9,48.7,0.35,1.31,2.02,2.61
3,19.9,48.7,0.35,1.31,2.02,2.61
3,19.9,48.7,0.35,1.31,2.02,2.59
3,19.9,48.7,0.34,1.31,2.02,2.53
3,19.9,48.7,0.34,1.3,2.01,2.5
3,19.9,48.7,0.33,1.3,2.01,2.48
3,19.9,48.7,0.33,1.3,2.01,2.52
3,19.9,48.7,0.33,1.3,2.01,2.49
3,19.9,48.7,0.32,1.3,2.01,2.48
3,19.9,48.7,0.32,1.29,2.01,2.48
3,19.9,48.6,0.33,1.29,2.01,2.56
3,20.0,48.7,0.34,1.29,2.02,2.62
3,19.9,48.7,0.35,1.29,2.02,2.62
3,19.9,48.7,0.35,1.29,2.02,2.63
3,19.9,48.7,0.35,1.29,2.02,2.62
3,19.9,48.7,0.35,1.29,2.02,2.6
3,19.9,48.7,0.35,1.3,2.02,2.59
3,19.9,48.7,0.35,1.29,2.02,2.61
3,19.9,48.7,0.35,1.3,2.03,2.62
3,19.9,48.7,0.35,1.3,2.02,2.62
3,19.9,48.7,0.35,1.3,2.02,2.61
3,19.9,48.7,0.35,1.3,2.02,2.58
3,19.9,48.7,0.35,1.29,2.02,2.51
3,19.9,48.7,0.34,1.29,2.02,2.53
3,19.9,48.7,0.34,1.29,2.01,2.52
3,19.9,48.7,0.34,1.29,2.01,2.54
3,19.9,48.7,0.34,1.29,2.01,2.55
3,19.9,48.7,0.34,1.29,2.01,2.59
3,19.9,48.7,0.35,1.29,2.02,2.6
3,19.9,48.7,0.35,1.3,2.02,2.62
3,19.9,48.7,0.35,1.3,2.02,2.64
3,19.9,48.7,0.35,1.3,2.02,2.63
3,19.9,48.7,0.35,1.3,2.02,2.64
3,19.9,48.7,0.36,1.31,2.03,2.65
3,19.9,48.8,0.35,1.31,2.03,2.66
3,19.9,48.7,0.36,1.32,2.03,2.66
3,19.9,48.8,0.36,1.32,2.04,2.66
3,19.9,48.8,0.36,1.32,2.03,2.63
3,19.9,48.7,0.36,1.32,2.04,2.62
3,19.9,48.8,0.36,1.32,2.03,2.61
3,19.9,48.7,0.35,1.32,2.03,2.63
3,19.9,48.7,0.36,1.32,2.04,2.66
3,19.9,48.8,0.36,1.34,2.04,2.65
3,19.9,48.8,0.37,1.36,2.04,2.65
3,19.9,48.8,0.37,1.38,2.05,2.67
3,19.9,48.8,0.37,1.39,2.06,2.66
3,19.9,48.8,0.37,1.39,2.06,2.65
3,19.9,48.8,0.37,1.39,2.05,2.65
3,19.9,48.8,0.37,1.39,2.05,2.65
3,19.9,48.7,0.37,1.38,2.06,2.65
3,19.9,48.7,0.37,1.37,2.05,2.63
3,19.9,48.8,0.36,1.37,2.05,2.62
3,19.9,48.8,0.36,1.36,2.05,2.64
3,19.9,48.7,0.37,1.38,2.05,2.67
3,19.9,48.8,0.37,1.4,2.06,2.67
3,19.9,48.8,0.37,1.42,2.07,2.68
3,19.9,48.8,0.38,1.43,2.07,2.66
3,19.9,48.8,0.38,1.44,2.07,2.67
3,19.9,48.8,0.38,1.45,2.08,2.68
3,19.9,48.8,0.38,1.44,2.08,2.68
3,19.9,48.8,0.38,1.44,2.08,2.65
3,19.9,48.8,0.37,1.43,2.07,2.63
3,19.9,48.8,0.37,1.41,2.07,2.63
3,19.9,48.8,0.37,1.41,2.06,2.61
3,19.9,48.8,0.37,1.4,2.06,2.63
3,19.9,48.8,0.36,1.4,2.06,2.65
3,20.0,48.8,0.37,1.41,2.06,2.65
3,19.9,48.7,0.37,1.42,2.06,2.65
3,19.9,48.7,0.37,1.44,2.07,2.65
3,19.9,48.8,0.37,1.44,2.07,2.67
3,20.0,48.8,0.37,1.45,2.07,2.65
3,19.9,48.8,0.37,1.45,2.07,2.63
3,19.9,48.8,0.37,1.47,2.07,2.63
3,19.9,48.8,0.37,1.47,2.07,2.63
3,19.9,48.8,0.37,1.47,2.06,2.63
3,19.9,48.8,0.37,1.47,2.06,2.64
3,20.0,48.8,0.37,1.47,2.07,2.67
3,19.9,48.8,0.38,1.47,2.07,2.66
3,19.9,48.8,0.37,1.46,2.07,2.66
3,19.9,48.8,0.37,1.45,2.07,2.65
3,19.9,48.8,0.37,1.43,2.07,2.61
3,19.9,48.8,0.37,1.42,2.06,2.56
3,19.9,48.8,0.36,1.42,2.05,2.58
3,20.0,48.7,0.36,1.41,2.05,2.58
3,19.9,48.8,0.35,1.41,2.05,2.58
3,19.9,48.7,0.35,1.4,2.04,2.6
3,19.9,48.8,0.35,1.39,2.04,2.58
3,19.9,48.8,0.35,1.39,2.04,2.6
3,19.9,48.7,0.36,1.39,2.04,2.63
3,19.9,48.7,0.36,1.39,2.04,2.65
3,19.9,48.7,0.37,1.39,2.05,2.64
3,19.9,48.7,0.36,1.4,2.05,2.64
3,19.9,48.8,0.37,1.42,2.05,2.65
3,19.9,48.8,0.37,1.44,2.06,2.66
3,19.9,48.8,0.37,1.45,2.07,2.67
3,19.9,48.8,0.38,1.44,2.07,2.66
3,19.9,48.8,0.38,1.44,2.06,2.64
3,19.9,48.8,0.37,1.43,2.06,2.6
3,19.9,48.8,0.36,1.42,2.05,2.58
3,19.9,48.8,0.36,1.4,2.05,2.6
3,19.9,48.8,0.36,1.4,2.04,2.62
3,19.9,48.7,0.37,1.41,2.05,2.65
3,19.9,48.8,0.37,1.42,2.05,2.67
3,19.9,48.7,0.37,1.43,2.06,2.66
3,20.0,48.8,0.37,1.44,2.06,2.66
3,19.9,48.8,0.37,1.44,2.06,2.65
3,20.0,48.8,0.37,1.45,2.06,2.65
3,19.9,48.8,0.37,1.45,2.07,2.65
3,19.9,48.8,0.38,1.45,2.07,2.66
3,19.9,48.8,0.38,1.46,2.07,2.65
3,19.9,48.8,0.38,1.45,2.07,2.64
3,19.9,48.8,0.37,1.45,2.07,2.63
3,19.9,48.7,0.37,1.44,2.06,2.64
3,19.9,48.8,0.37,1.43,2.06,2.62
3,19.9,48.8,0.37,1.43,2.06,2.61
3,19.9,48.7,0.36,1.42,2.05,2.59
3,19.9,48.7,0.36,1.41,2.05,2.56
3,19.9,48.7,0.35,1.4,2.05,2.56
3,19.9,48.7,0.35,1.39,2.05,2.56
3,19.9,48.7,0.35,1.39,2.04,2.61
3,19.9,48.7,0.35,1.39,2.04,2.64
3,19.9,48.7,0.36,1.39,2.05,2.63
3,19.9,48.7,0.36,1.39,2.05,2.62
3,19.9,48.8,0.36,1.38,2.05,2.6
3,20.0,48.7,0.35,1.38,2.04,2.6
3,19.9,48.7,0.35,1.37,2.04,2.56
3,20.0,48.7,0.35,1.37,2.04,2.49
3,19.9,48.7,0.34,1.36,2.03,2.48
3,19.9,48.7,0.34,1.36,2.02,2.51
3,19.9,48.7,0.33,1.35,2.02,2.46
3,20.0,48.7,0.33,1.35,2.02,2.48
3,20.0,48.7,0.33,1.35,2.02,2.47
3,19.9,48.7,0.33,1.34,2.01,2.47
3,20.0,48.7,0.32,1.33,2.01,2.47
3,19.9,48.7,0.32,1.33,2.0,2.43
3,19.9,48.7,0.32,1.32,2.0,2.45
3,19.9,48.7,0.32,1.32,1.99,2.49
3,20.0,48.7,0.32,1.32,2.0,2.48
3,20.0,48.7,0.32,1.32,2.0,2.49
3,19.9,48.7,0.33,1.32,2.0,2.55
3,19.9,48.7,0.33,1.32,2.0,2.56
3,20.0,48.7,0.34,1.32,2.0,2.58
3,20.0,48.7,0.34,1.32,2.0,2.54
3,19.9,48.7,0.34,1.32,2.0,2.52
3,20.0,48.7,0.33,1.31,2.0,2.48
3,19.9,48.7,0.33,1.31,2.0,2.47
3,19.9,48.7,0.32,1.31,2.0,2.45
3,19.9,48.7,0.32,1.3,1.99,2.44
3,19.9,48.7,0.32,1.3,1.99,2.47
3,19.9,48.7,0.32,1.3,2.0,2.51
3,19.9,48.7,0.32,1.3,2.0,2.49
3,20.0,48.7,0.33,1.3,2.01,2.55
3,19.9,48.7,0.33,1.3,2.01,2.47
3,19.9,48.7,0.33,1.3,2.0,2.48
3,19.9,48.7,0.33,1.3,2.01,2.54
3,20.0,48.7,0.33,1.3,2.0,2.59
3,19.9,48.7,0.34,1.3,2.01,2.61
3,20.0,48.7,0.34,1.3,2.01,2.61
3,20.0,48.7,0.34,1.3,2.01,2.58
3,19.9,48.7,0.34,1.3,2.0,2.53
3,19.9,48.7,0.34,1.3,2.0,2.56
3,20.0,48.7,0.34,1.3,2.01,2.59
3,19.9,48.7,0.34,1.3,2.0,2.59
3,19.9,48.7,0.34,1.3,2.0,2.57
3,20.0,48.7,0.35,1.3,2.0,2.62
3,19.9,48.7,0.35,1.3,2.01,2.6
3,19.9,48.7,0.35,1.3,2.01,2.63
3,19.9,48.7,0.35,1.31,2.02,2.6
3,20.0,48.7,0.35,1.3,2.01,2.57
3,19.9,48.7,0.35,1.3,2.01,2.55
3,19.9,48.7,0.34,1.3,2.01,2.5
3,19.9,48.8,0.34,1.3,2.01,2.5
3,19.9,48.7,0.33,1.29,2.0,2.47
3,19.9,48.7,0.33,1.29,2.0,2.45
3,19.9,48.7,0.33,1.29,1.99,2.46
3,19.9,48.7,0.33,1.29,1.99,2.51
3,19.9,48.7,0.33,1.29,1.99,2.53
3,19.9,48.7,0.33,1.29,2.0,2.61
3,19.9,48.7,0.35,1.29,2.0,2.63
3,19.9,48.8,0.35,1.3,2.01,2.66
3,19.9,48.8,0.36,1.31,2.03,2.68
3,19.9,48.8,0.36,1.31,2.03,2.66
3,19.9,48.8,0.35,1.3,2.03,2.5
3,19.9,48.8,0.34,1.3,2.02,2.5
3,19.9,48.8,0.34,1.3,2.01,2.54
3,19.9,48.7,0.34,1.3,2.01,2.57
3,19.9,48.8,0.34,1.3,2.01,2.61
3,19.9,48.7,0.35,1.3,2.01,2.63
3,19.9,48.8,0.35,1.31,2.02,2.62
3,19.9,48.7,0.35,1.31,2.02,2.61
3,19.9,48.8,0.35,1.31,2.02,2.62
3,19.9,48.8,0.35,1.31,2.02,2.59
3,19.9,48.8,0.35,1.31,2.02,2.59
3,19.9,48.8,0.35,1.31,2.01,2.55
3,19.9,48.8,0.35,1.3,2.01,2.54
3,19.9,48.8,0.34,1.3,2.01,2.57
3,19.9,48.7,0.34,1.3,2.01,2.59
3,19.9,48.8,0.34,1.3,2.01,2.55
3,19.9,48.7,0.34,1.3,2.01,2.51
3,19.9,48.7,0.34,1.3,2.01,2.55
3,19.9,48.7,0.34,1.3,2.01,2.53
3,19.9,48.7,0.34,1.3,2.01,2.59
3,19.9,48.7,0.34,1.3,2.01,2.6
3,19.9,48.8,0.34,1.3,2.01,2.56
3,19.9,48.7,0.34,1.29,2.01,2.57
3,19.9,48.8,0.34,1.29,2.01,2.53
3,19.9,48.8,0.34,1.29,2.01,2.49
3,19.9,48.8,0.34,1.29,2.0,2.56
3,19.9,48.8,0.34,1.29,2.0,2.53
3,19.9,48.7,0.33,1.29,2.0,2.46
3,19.9,48.8,0.33,1.29,2.0,2.46
3,19.9,48.8,0.33,1.28,2.0,2.52
3,19.9,48.8,0.34,1.29,2.0,2.6
3,19.9,48.8,0.35,1.29,2.01,2.64
3,19.9,48.8,0.35,1.31,2.01,2.67
3,19.9,48.8,0.36,1.33,2.03,2.69
3,19.9,48.8,0.36,1.34,2.04,2.68
3,19.9,48.8,0.37,1.36,2.04,2.68
3,19.9,48.8,0.37,1.36,2.05,2.67
3,19.9,48.8,0.37,1.36,2.05,2.66
3,19.9,48.8,0.37,1.36,2.05,2.64
3,19.9,48.8,0.37,1.35,2.05,2.62
3,19.9,48.8,0.36,1.35,2.04,2.59
3,19.9,48.8,0.35,1.35,2.04,2.54
3,19.9,48.8,0.35,1.33,2.03,2.46
3,19.9,48.8,0.35,1.33,2.02,2.55
3,19.9,48.8,0.35,1.33,2.02,2.6
3,19.9,48.8,0.35,1.33,2.03,2.64
3,19.9,48.8,0.36,1.35,2.03,2.68
3,19.9,48.8,0.37,1.36,2.05,2.68
3,19.9,48.8,0.37,1.37,2.05,2.68
3,19.9,48.8,0.37,1.37,2.05,2.66
3,19.9,48.8,0.37,1.37,2.05,2.65
3,19.9,48.8,0.37,1.36,2.05,2.65
3,19.9,48.8,0.37,1.36,2.05,2.61
3,19.9,48.8,0.36,1.35,2.05,2.58
3,19.9,48.8,0.36,1.35,2.04,2.58
3,19.9,48.8,0.35,1.35,2.04,2.55
3,19.9,48.8,0.35,1.34,2.03,2.53
3,19.9,48.8,0.34,1.34,2.03,2.55
3,19.9,48.8,0.35,1.33,2.02,2.53
3,19.9,48.8,0.35,1.33,2.02,2.6
3,19.9,48.8,0.35,1.34,2.02,2.6
3,19.9,48.7,0.35,1.33,2.02,2.62
3,19.9,48.8,0.36,1.34,2.03,2.64
3,19.9,48.8,0.36,1.35,2.03,2.65
3,19.9,48.8,0.36,1.35,2.04,2.66
3,19.9,48.8,0.37,1.36,2.05,2.67
3,19.9,48.8,0.37,1.36,2.05,2.66
3,19.9,48.8,0.37,1.37,2.05,2.66
3,19.9,48.8,0.37,1.37,2.05,2.65
3,19.9,48.8,0.36,1.37,2.05,2.64
3,19.9,48.8,0.37,1.37,2.05,2.63
3,19.9,48.8,0.37,1.37,2.05,2.62
3,19.9,48.8,0.36,1.37,2.05,2.64
3,19.9,48.8,0.36,1.37,2.05,2.64
3,19.9,48.8,0.37,1.37,2.05,2.65
3,19.9,48.8,0.37,1.38,2.05,2.66
3,19.9,48.8,0.37,1.38,2.05,2.66
3,19.9,48.8,0.37,1.38,2.06,2.66
3,19.9,48.8,0.37,1.38,2.06,2.64
3,19.9,48.8,0.37,1.38,2.06,2.63
3,19.9,48.8,0.37,1.38,2.05,2.65
3,19.9,48.8,0.37,1.37,2.05,2.64
3,19.9,48.8,0.37,1.38,2.05,2.62
3,19.9,48.8,0.37,1.37,2.05,2.62
3,19.9,48.8,0.36,1.37,2.05,2.61
3,20.0,48.8,0.36,1.37,2.05,2.61
3,19.9,48.8,0.37,1.37,2.05,2.63
3,19.9,48.8,0.37,1.39,2.05,2.65
3,19.9,48.8,0.37,1.4,2.05,2.64
3,19.9,48.8,0.37,1.41,2.05,2.64
3,19.9,48.8,0.37,1.42,2.06,2.63
3,19.9,48.8,0.37,1.41,2.05,2.63
3,19.9,48.8,0.37,1.4,2.05,2.61
3,19.9,48.8,0.37,1.4,2.05,2.62
3,19.9,48.8,0.37,1.39,2.05,2.62
3,19.9,48.8,0.36,1.38,2.05,2.61
3,19.9,48.8,0.36,1.38,2.05,2.6
3,19.9,48.8,0.36,1.37,2.04,2.58
3,19.9,48.8,0.36,1.37,2.04,2.58
3,19.9,48.8,0.36,1.37,2.04,2.59
3,19.9,48.8,0.36,1.36,2.03,2.6
3,19.9,48.8,0.36,1.36,2.03,2.62
3,19.9,48.8,0.36,1.36,2.03,2.57
3,19.9,48.8,0.35,1.35,2.03,2.56
3,19.9,48.8,0.35,1.35,2.02,2.51
3,19.9,48.8,0.34,1.34,2.02,2.48
3,19.9,48.7,0.34,1.34,2.02,2.55
3,19.9,48.8,0.35,1.34,2.02,2.55
3,19.9,48.8,0.35,1.34,2.02,2.57
3,19.9,48.8,0.35,1.33,2.02,2.56
3,19.9,48.8,0.35,1.34,2.02,2.61
3,19.9,48.8,0.35,1.34,2.02,2.61
3,19.9,48.8,0.35,1.34,2.03,2.64
3,19.9,48.8,0.36,1.34,2.03,2.64
3,19.9,48.8,0.36,1.35,2.04,2.63
3,19.9,48.8,0.36,1.35,2.04,2.62
3,19.9,48.8,0.36,1.35,2.03,2.62
3,19.9,48.8,0.36,1.34,2.03,2.6
3,19.9,48.8,0.35,1.34,2.03,2.59
3,19.9,48.8,0.35,1.34,2.03,2.58
3,19.9,48.8,0.35,1.34,2.03,2.57
3,19.9,48.8,0.35,1.33,2.02,2.54
3,19.9,48.8,0.34,1.33,2.01,2.48
3,19.9,48.8,0.34,1.33,2.01,2.5
3,19.9,48.8,0.34,1.32,2.01,2.46
3,19.9,48.8,0.33,1.31,2.01,2.44
3,19.9,48.8,0.32,1.31,2.0,2.42
3,19.9,48.8,0.33,1.3,2.0,2.44
3,19.9,48.8,0.33,1.3,2.0,2.45
3,19.9,48.8,0.33,1.29,1.99,2.49
3,19.9,48.8,0.33,1.3,1.99,2.55
3,19.9,48.7,0.33,1.3,1.99,2.57
3,19.9,48.8,0.34,1.3,1.99,2.54
4,19.9,49.0,0.38,1.41,2.13,2.57
4,19.9,49.0,0.38,1.41,2.13,2.57
4,19.9,49.0,0.38,1.4,2.12,2.56
4,19.9,49.0,0.38,1.4,2.12,2.58
4,19.9,49.0,0.38,1.41,2.13,2.64
4,19.9,49.0,0.39,1.41,2.14,2.65
4,19.9,49.0,0.38,1.41,2.14,2.6
4,19.9,49.0,0.39,1.41,2.13,2.71
4,19.9,49.0,0.41,1.42,2.14,2.72
4,19.9,49.0,0.41,1.43,2.14,2.71
4,19.9,49.0,0.42,1.43,2.14,2.72
4,19.9,49.0,0.42,1.43,2.14,2.72
4,19.9,49.0,0.42,1.43,2.15,2.71
4,19.9,49.1,0.42,1.43,2.14,2.67
4,19.9,49.0,0.41,1.42,2.14,2.67
4,19.9,49.0,0.38,1.4,2.12,2.59
4,19.9,49.0,0.38,1.4,2.12,2.6
4,19.9,49.0,0.38,1.4,2.12,2.59
4,19.9,49.0,0.38,1.4,2.12,2.63
4,19.9,49.0,0.38,1.4,2.13,2.64
4,19.9,49.0,0.39,1.41,2.13,2.62
4,19.9,49.0,0.38,1.41,2.13,2.6
4,19.9,49.0,0.38,1.4,2.13,2.6
4,19.9,49.0,0.38,1.4,2.13,2.59
4,19.9,49.0,0.38,1.4,2.13,2.61
4,19.9,49.0,0.38,1.4,2.13,2.59
4,19.9,49.0,0.38,1.4,2.13,2.6
4,19.9,49.0,0.39,1.4,2.14,2.63
4,19.9,49.0,0.38,1.4,2.13,2.62
4,19.9,49.0,0.39,1.4,2.13,2.66
4,19.9,49.0,0.4,1.4,2.14,2.71
4,19.9,49.0,0.4,1.4,2.14,2.71
4,19.9,49.0,0.41,1.4,2.14,2.7
4,19.9,49.1,0.41,1.41,2.14,2.71
4,19.9,49.0,0.41,1.41,2.14,2.65
4,19.9,49.0,0.4,1.4,2.13,2.61
4,19.9,49.0,0.4,1.4,2.12,2.67
4,19.9,49.0,0.41,1.4,2.13,2.71
4,19.9,49.0,0.41,1.4,2.13,2.7
4,19.9,49.0,0.41,1.41,2.13,2.73
4,19.9,49.0,0.43,1.42,2.15,2.75
4,19.9,49.1,0.43,1.42,2.15,2.73
4,19.9,49.1,0.42,1.42,2.15,2.71
4,19.9,49.0,0.42,1.41,2.15,2.68
4,19.9,49.1,0.42,1.41,2.15,2.68
4,19.9,49.0,0.42,1.41,2.15,2.68
4,19.9,49.0,0.42,1.41,2.15,2.68
4,19.9,49.0,0.42,1.41,2.15,2.68
4,19.9,49.0,0.41,1.4,2.14,2.66
4,19.9,49.0,0.41,1.4,2.14,2.69
4,19.9,49.0,0.41,1.41,2.14,2.71
4,19.9,49.1,0.42,1.42,2.14,2.74
4,19.9,49.0,0.43,1.42,2.15,2.75
4,19.9,49.0,0.43,1.42,2.15,2.73
4,19.9,49.0,0.43,1.42,2.16,2.71
4,19.9,49.0,0.41,1.41,2.15,2.63
4,19.9,49.0,0.4,1.4,2.15,2.57
4,19.9,49.0,0.39,1.4,2.14,2.54
4,19.9,49.0,0.38,1.39,2.14,2.54
4,19.9,49.0,0.38,1.39,2.13,2.55
4,19.9,49.0,0.38,1.39,2.13,2.57
4,19.9,49.0,0.39,1.39,2.12,2.66
4,19.9,49.0,0.4,1.39,2.13,2.7
4,19.9,49.0,0.41,1.39,2.13,2.71
4,19.9,49.0,0.41,1.4,2.13,2.69
4,19.9,49.0,0.4,1.39,2.12,2.61
4,19.9,49.0,0.39,1.39,2.12,2.5
4,19.9,49.0,0.38,1.38,2.11,2.51
4,19.9,49.0,0.38,1.38,2.11,2.57
4,19.9,49.0,0.38,1.38,2.12,2.62
4,19.9,49.0,0.38,1.38,2.12,2.6
4,19.9,49.0,0.38,1.39,2.13,2.56
4,19.9,49.0,0.38,1.39,2.12,2.57
4,19.9,49.0,0.37,1.38,2.12,2.57
4,19.9,49.0,0.37,1.38,2.11,2.54
4,19.9,49.0,0.37,1.38,2.11,2.58
4,19.9,48.9,0.37,1.38,2.12,2.62
4,19.9,49.0,0.37,1.38,2.12,2.59
4,19.9,49.0,0.37,1.37,2.11,2.54
4,19.9,49.0,0.37,1.37,2.1,2.6
4,19.9,48.9,0.38,1.38,2.11,2.66
4,19.9,48.9,0.39,1.38,2.11,2.7
4,19.9,49.0,0.4,1.39,2.12,2.72
4,19.9,49.0,0.41,1.39,2.13,2.71
4,19.9,49.0,0.41,1.39,2.13,2.74
4,19.9,49.0,0.42,1.4,2.14,2.74
4,19.9,49.0,0.42,1.4,2.14,2.7
4,19.9,49.1,0.41,1.4,2.14,2.64
4,19.9,49.0,0.39,1.4,2.13,2.56
4,19.9,49.0,0.39,1.39,2.13,2.58
4,19.9,49.0,0.38,1.39,2.13,2.62
4,19.9,49.0,0.38,1.39,2.13,2.57
4,19.9,49.0,0.38,1.38,2.13,2.55
4,19.9,49.0,0.37,1.38,2.12,2.58
4,19.9,49.0,0.37,1.39,2.12,2.6
4,19.9,49.0,0.38,1.38,2.12,2.6
4,19.9,49.0,0.39,1.39,2.13,2.7
4,19.9,49.0,0.4,1.39,2.13,2.72
4,19.9,49.0,0.4,1.39,2.14,2.71
4,19.9,49.0,0.4,1.39,2.14,2.67
4,19.9,49.1,0.39,1.39,2.14,2.61
4,19.9,49.0,0.39,1.4,2.14,2.63
4,19.9,49.0,0.39,1.4,2.14,2.64
4,19.9,49.0,0.39,1.4,2.14,2.62
4,19.9,49.0,0.39,1.4,2.15,2.65
4,19.9,49.0,0.39,1.4,2.15,2.64
4,19.9,49.0,0.39,1.4,2.14,2.58
4,19.9,49.0,0.38,1.4,2.14,2.6
4,19.9,49.0,0.38,1.4,2.14,2.63
4,19.9,49.0,0.38,1.4,2.13,2.59
4,19.9,49.0,0.38,1.4,2.13,2.6
4,19.9,49.0,0.38,1.4,2.13,2.61
4,19.9,49.0,0.38,1.39,2.13,2.61
4,19.9,49.0,0.38,1.39,2.13,2.63
4,19.9,49.0,0.38,1.4,2.13,2.63
4,19.9,49.0,0.38,1.39,2.13,2.6
4,19.9,49.0,0.38,1.39,2.12,2.63
4,19.9,49.0,0.38,1.39,2.12,2.63
4,19.9,49.0,0.39,1.39,2.12,2.64
4,19.9,49.1,0.39,1.39,2.12,2.68
4,19.9,49.0,0.39,1.39,2.12,2.64
4,19.9,49.0,0.39,1.39,2.12,2.68
4,19.9,49.0,0.39,1.39,2.12,2.65
4,19.9,49.0,0.39,1.39,2.12,2.67
4,19.9,49.0,0.39,1.39,2.12,2.63
4,19.9,49.0,0.39,1.38,2.12,2.63
4,19.9,49.0,0.39,1.39,2.13,2.62
4,19.9,49.0,0.39,1.39,2.13,2.68
4,19.9,49.0,0.4,1.39,2.13,2.71
4,19.9,49.0,0.4,1.4,2.13,2.71
4,19.9,49.0,0.41,1.4,2.13,2.69
4,19.9,49.0,0.41,1.4,2.14,2.69
4,19.9,49.0,0.41,1.4,2.14,2.68
4,19.9,49.1,0.4,1.39,2.14,2.65
4,19.9,49.1,0.4,1.39,2.14,2.64
4,19.9,49.0,0.39,1.39,2.13,2.65
4,19.9,49.0,0.39,1.39,2.13,2.59
4,19.9,49.0,0.39,1.39,2.13,2.63
4,19.9,49.0,0.39,1.39,2.13,2.64
4,19.9,49.0,0.39,1.39,2.13,2.66
4,19.9,49.0,0.4,1.39,2.13,2.65
4,19.9,49.0,0.39,1.38,2.12,2.62
4,19.9,49.0,0.39,1.38,2.12,2.6
4,19.9,49.0,0.38,1.38,2.11,2.61
4,19.9,49.0,0.39,1.38,2.11,2.65
4,19.9,49.0,0.39,1.38,2.11,2.67
4,19.9,49.1,0.4,1.38,2.11,2.7
4,19.9,49.0,0.4,1.38,2.12,2.69
4,19.8,49.0,0.41,1.39,2.12,2.69
4,19.9,49.0,0.41,1.39,2.12,2.7
4,19.9,49.0,0.41,1.39,2.13,2.7
4,19.9,49.0,0.42,1.39,2.13,2.71
4,19.9,49.0,0.42,1.4,2.13,2.7
4,19.9,49.1,0.42,1.4,2.13,2.7
4,19.9,49.0,0.42,1.4,2.13,2.7
4,19.9,49.0,0.42,1.41,2.14,2.71
4,19.9,49.0,0.42,1.41,2.14,2.71
4,19.9,49.1,0.42,1.41,2.14,2.71
4,19.9,49.0,0.42,1.42,2.14,2.71
4,19.9,49.0,0.43,1.42,2.14,2.7
4,19.9,49.0,0.42,1.42,2.14,2.69
4,19.9,49.0,0.42,1.42,2.14,2.68
4,19.9,49.0,0.42,1.41,2.13,2.66
4,19.9,49.0,0.41,1.41,2.13,2.64
4,19.9,49.0,0.4,1.4,2.13,2.61
4,19.9,49.0,0.4,1.4,2.13,2.62
4,19.9,49.0,0.39,1.39,2.12,2.57
4,19.9,49.0,0.39,1.39,2.12,2.6
4,19.9,49.0,0.39,1.39,2.13,2.58
4,19.9,49.0,0.38,1.39,2.12,2.6
4,19.9,49.0,0.38,1.38,2.12,2.6
4,19.9,49.0,0.38,1.39,2.12,2.6
4,19.9,49.0,0.39,1.38,2.12,2.63
4,19.9,49.0,0.39,1.39,2.12,2.65
4,19.9,49.0,0.4,1.39,2.12,2.71
4,19.9,49.0,0.41,1.39,2.12,2.71
4,19.9,49.0,0.41,1.4,2.12,2.68
4,19.9,49.0,0.41,1.4,2.12,2.67
4,19.9,49.0,0.41,1.4,2.12,2.67
4,19.9,49.0,0.41,1.4,2.12,2.67
4,19.9,49.0,0.41,1.39,2.12,2.65
4,19.9,49.0,0.4,1.38,2.11,2.62
4,19.9,49.0,0.4,1.38,2.1,2.62
4,19.9,49.0,0.4,1.38,2.1,2.68
4,19.9,49.0,0.41,1.39,2.11,2.69
4,19.9,49.0,0.41,1.38,2.11,2.65
4,19.9,49.0,0.4,1.38,2.11,2.64
4,19.9,49.0,0.39,1.38,2.1,2.63
4,19.9,49.0,0.39,1.38,2.1,2.61
4,19.9,48.9,0.39,1.37,2.09,2.61
4,19.9,49.0,0.39,1.37,2.09,2.62
4,19.9,49.0,0.39,1.37,2.09,2.62
4,19.9,49.0,0.38,1.37,2.09,2.6
4,19.9,49.0,0.38,1.37,2.09,2.55
4,19.9,49.0,0.37,1.36,2.09,2.55
4,19.9,49.0,0.37,1.36,2.09,2.54
4,19.9,49.0,0.37,1.36,2.09,2.53
4,19.9,49.0,0.36,1.36,2.09,2.54
4,19.9,49.0,0.37,1.35,2.09,2.54
4,19.9,49.0,0.37,1.35,2.08,2.62
4,19.9,48.9,0.37,1.35,2.08,2.59
4,19.9,49.0,0.37,1.35,2.08,2.59
4,19.9,49.0,0.37,1.35,2.08,2.54
4,19.9,49.0,0.37,1.35,2.08,2.54
4,19.9,49.0,0.37,1.35,2.09,2.55
4,19.9,49.0,0.37,1.36,2.09,2.62
4,19.9,49.0,0.37,1.36,2.1,2.64
4,19.9,49.0,0.38,1.37,2.11,2.61
4,19.9,49.0,0.38,1.36,2.11,2.58
4,19.9,49.0,0.37,1.36,2.1,2.57
4,19.9,49.0,0.37,1.36,2.1,2.57
4,19.9,49.0,0.37,1.36,2.1,2.6
4,19.9,49.0,0.37,1.36,2.11,2.62
4,19.9,49.0,0.38,1.36,2.11,2.6
4,19.8,49.0,0.38,1.36,2.11,2.56
4,19.9,49.0,0.37,1.36,2.11,2.59
4,19.9,49.0,0.38,1.36,2.1,2.56
4,19.9,49.0,0.37,1.35,2.1,2.54
4,19.9,49.0,0.37,1.35,2.1,2.55
4,19.9,49.0,0.37,1.35,2.1,2.57
4,19.9,49.0,0.37,1.35,2.1,2.59
4,19.9,49.0,0.37,1.36,2.1,2.59
4,19.9,49.0,0.37,1.36,2.1,2.59
4,19.9,49.0,0.37,1.36,2.11,2.63
4,19.9,49.0,0.38,1.36,2.1,2.68
4,19.9,49.0,0.39,1.36,2.11,2.66
4,19.9,49.0,0.39,1.36,2.11,2.64
4,19.9,49.0,0.39,1.37,2.12,2.64
4,19.9,49.1,0.38,1.37,2.12,2.59
4,19.9,49.1,0.38,1.37,2.12,2.6
4,19.8,49.1,0.37,1.37,2.12,2.56
4,19.9,49.1,0.37,1.37,2.11,2.59
4,19.9,49.0,0.37,1.37,2.11,2.58
4,19.9,49.0,0.37,1.37,2.11,2.58
4,19.8,49.0,0.37,1.37,2.11,2.57
4,19.9,49.1,0.37,1.37,2.12,2.62
4,19.9,49.0,0.37,1.37,2.11,2.57
4,19.9,49.0,0.38,1.38,2.12,2.68
4,19.9,49.0,0.38,1.39,2.12,2.71
4,19.9,49.1,0.39,1.4,2.13,2.69
4,19.9,49.1,0.39,1.41,2.13,2.72
4,19.9,49.1,0.4,1.41,2.15,2.67
4,19.9,49.1,0.39,1.41,2.15,2.65
4,19.9,49.1,0.39,1.41,2.14,2.67
4,19.9,49.1,0.39,1.42,2.14,2.68
4,19.9,49.0,0.38,1.41,2.14,2.58
4,19.9,49.0,0.37,1.4,2.13,2.49
4,19.9,49.0,0.37,1.39,2.11,2.55
4,19.9,49.0,0.36,1.39,2.11,2.55
4,19.9,49.0,0.37,1.39,2.11,2.61
4,19.9,49.0,0.38,1.39,2.12,2.64
4,19.9,49.0,0.38,1.4,2.13,2.64
4,19.9,49.0,0.39,1.4,2.14,2.62
4,19.9,49.0,0.39,1.41,2.14,2.65
4,19.9,49.0,0.38,1.4,2.13,2.55
4,19.9,49.0,0.38,1.4,2.13,2.63
4,19.9,49.0,0.39,1.4,2.14,2.64
4,19.9,49.0,0.39,1.41,2.15,2.64
4,19.9,49.0,0.38,1.41,2.14,2.62
4,19.9,49.0,0.39,1.42,2.14,2.64
4,19.9,49.0,0.38,1.41,2.14,2.56
4,19.9,49.0,0.38,1.41,2.14,2.6
4,19.9,49.0,0.38,1.41,2.13,2.61
4,19.9,49.0,0.38,1.41,2.13,2.68
4,19.9,49.0,0.39,1.41,2.13,2.7
4,19.9,49.0,0.41,1.41,2.14,2.73
4,19.9,49.0,0.41,1.41,2.15,2.74
4,19.9,49.0,0.42,1.42,2.15,2.73
4,19.9,49.0,0.42,1.42,2.15,2.7
4,19.9,49.0,0.41,1.41,2.15,2.64
4,19.9,49.0,0.4,1.41,2.13,2.55
4,19.9,49.0,0.38,1.4,2.12,2.5
4,19.9,49.0,0.38,1.4,2.12,2.57
4,19.9,49.0,0.38,1.4,2.13,2.63
4,19.9,49.0,0.39,1.41,2.14,2.66
4,19.9,49.0,0.39,1.41,2.14,2.65
4,19.9,49.0,0.4,1.41,2.15,2.7
4,19.9,49.0,0.4,1.41,2.15,2.67
4,19.9,49.0,0.4,1.41,2.15,2.66
4,19.9,49.0,0.4,1.41,2.15,2.67
4,19.9,49.0,0.41,1.41,2.15,2.7
4,19.9,49.0,0.4,1.41,2.15,2.69
4,19.9,49.0,0.41,1.41,2.15,2.67
4,19.9,49.1,0.4,1.4,2.15,2.65
4,19.9,49.0,0.4,1.4,2.14,2.67
4,19.9,49.0,0.4,1.4,2.14,2.66
4,19.9,49.0,0.4,1.39,2.14,2.66
4,19.9,49.0,0.4,1.39,2.13,2.65
4,19.9,49.0,0.4,1.39,2.13,2.63
4,19.9,49.0,0.4,1.39,2.13,2.65
4,19.9,49.0,0.4,1.39,2.13,2.65
4,19.9,49.0,0.4,1.39,2.12,2.65
4,19.9,49.0,0.39,1.38,2.12,2.64
4,19.9,49.0,0.39,1.39,2.11,2.63
4,19.9,49.0,0.4,1.38,2.12,2.65
4,19.9,49.0,0.39,1.38,2.11,2.65
4,19.9,49.0,0.39,1.38,2.11,2.64
4,19.9,49.0,0.39,1.38,2.11,2.6
4,19.9,49.0,0.38,1.37,2.1,2.57
4,19.9,49.0,0.38,1.37,2.1,2.56
4,19.9,49.0,0.38,1.37,2.1,2.6
4,19.9,49.0,0.38,1.37,2.1,2.62
4,19.9,49.0,0.38,1.37,2.1,2.67
4,19.9,49.0,0.39,1.38,2.11,2.67
4,19.9,49.0,0.39,1.38,2.11,2.67
4,19.9,49.0,0.4,1.38,2.11,2.69
4,19.9,49.1,0.4,1.38,2.12,2.69
4,19.9,49.1,0.41,1.39,2.12,2.7
4,19.9,49.1,0.41,1.39,2.13,2.71
4,19.9,49.1,0.42,1.39,2.13,2.71
4,19.9,49.1,0.42,1.39,2.13,2.7
4,19.9,49.1,0.41,1.39,2.13,2.66
4,19.9,49.1,0.4,1.39,2.13,2.63
4,19.8,49.1,0.4,1.39,2.13,2.66
4,19.8,49.0,0.4,1.39,2.12,2.65
4,19.8,49.0,0.4,1.38,2.13,2.64
4,19.9,49.0,0.4,1.39,2.12,2.63
4,19.9,49.0,0.39,1.38,2.12,2.62
4,19.9,49.1,0.39,1.38,2.12,2.59
4,19.9,49.0,0.38,1.38,2.12,2.57
4,19.8,49.0,0.38,1.38,2.12,2.58
4,19.8,49.1,0.38,1.38,2.11,2.57
4,19.9,49.0,0.38,1.37,2.12,2.57
4,19.9,49.0,0.38,1.38,2.11,2.58
4,19.9,49.0,0.38,1.37,2.11,2.59
4,19.9,49.0,0.37,1.37,2.11,2.54
4,19.9,49.0,0.37,1.37,2.11,2.58
4,19.8,49.0,0.37,1.37,2.11,2.56
4,19.9,49.0,0.37,1.37,2.11,2.59
4,19.9,49.0,0.37,1.37,2.11,2.62
4,19.9,49.0,0.38,1.37,2.11,2.63
4,19.9,49.0,0.37,1.37,2.11,2.59
4,19.9,49.0,0.37,1.37,2.1,2.55
4,19.9,49.0,0.37,1.37,2.1,2.5
4,19.9,49.0,0.37,1.36,2.1,2.54
4,19.9,49.0,0.37,1.36,2.11,2.58
4,19.9,49.0,0.37,1.37,2.11,2.55
4,19.8,49.0,0.36,1.37,2.1,2.56
4,19.9,49.0,0.36,1.36,2.1,2.56
4,19.9,49.0,0.36,1.36,2.1,2.55
4,19.9,49.0,0.37,1.36,2.1,2.56
4,19.8,49.0,0.37,1.36,2.1,2.59
4,19.8,49.0,0.36,1.36,2.1,2.52
4,19.9,49.0,0.36,1.36,2.1,2.55
4,19.9,49.0,0.36,1.36,2.1,2.54
4,19.9,49.0,0.36,1.35,2.1,2.54
4,19.8,49.0,0.36,1.36,2.09,2.54
4,19.9,49.0,0.35,1.35,2.09,2.49
4,19.9,49.0,0.36,1.35,2.09,2.6
4,19.9,49.0,0.36,1.35,2.09,2.61
4,19.9,49.0,0.37,1.36,2.1,2.61
4,19.9,49.0,0.37,1.37,2.1,2.61
4,19.9,49.0,0.38,1.38,2.12,2.71
4,19.9,49.1,0.39,1.4,2.13,2.72
4,19.9,49.1,0.39,1.4,2.13,2.7
4,19.9,49.1,0.39,1.4,2.13,2.57
4,19.9,49.0,0.38,1.4,2.12,2.59
4,19.9,49.0,0.38,1.39,2.12,2.61
4,19.9,49.0,0.38,1.39,2.12,2.64
4,19.9,49.0,0.39,1.39,2.12,2.64
4,19.9,49.0,0.39,1.39,2.12,2.65
4,19.9,49.0,0.39,1.39,2.12,2.67
4,19.9,49.0,0.39,1.39,2.12,2.64
4,19.9,49.0,0.39,1.38,2.11,2.61
4,19.9,49.0,0.39,1.38,2.11,2.64
4,19.9,49.0,0.39,1.38,2.11,2.65
4,19.9,49.0,0.4,1.38,2.12,2.68
4,19.9,49.0,0.41,1.39,2.12,2.72
4,19.9,49.0,0.42,1.39,2.13,2.74
4,19.9,49.1,0.42,1.4,2.14,2.73
4,19.9,49.0,0.42,1.4,2.14,2.71
4,19.9,49.1,0.42,1.4,2.14,2.67
4,19.9,49.1,0.41,1.4,2.14,2.69
4,19.9,49.0,0.41,1.39,2.14,2.69
4,19.9,49.0,0.41,1.4,2.14,2.69
4,19.9,49.1,0.41,1.4,2.14,2.69
4,19.9,49.1,0.41,1.4,2.14,2.65
4,19.9,49.0,0.41,1.39,2.13,2.65
4,19.9,49.1,0.4,1.39,2.13,2.65
4,19.9,49.0,0.4,1.39,2.14,2.62
4,19.9,49.1,0.4,1.39,2.13,2.66
4,19.9,49.1,0.39,1.39,2.13,2.62
4,19.9,49.1,0.39,1.39,2.14,2.64
4,19.9,49.1,0.39,1.39,2.14,2.68
4,19.9,49.1,0.4,1.39,2.14,2.68
4,19.9,49.0,0.4,1.39,2.14,2.68
4,19.9,49.1,0.4,1.39,2.14,2.69
4,19.9,49.1,0.41,1.4,2.14,2.7
4,19.9,49.1,0.41,1.39,2.14,2.65
4,19.9,49.1,0.4,1.39,2.14,2.6
4,19.9,49.1,0.4,1.4,2.14,2.64
4,19.9,49.1,0.4,1.4,2.14,2.63
4,19.9,49.1,0.39,1.4,2.15,2.64
4,19.9,49.1,0.39,1.4,2.15,2.63
4,19.9,49.1,0.39,1.4,2.15,2.65
4,19.9,49.1,0.39,1.4,2.15,2.67
4,19.9,49.1,0.4,1.4,2.15,2.67
4,19.9,49.1,0.4,1.41,2.15,2.68
4,19.9,49.1,0.4,1.41,2.15,2.69
4,19.9,49.1,0.4,1.4,2.15,2.65
4,19.9,49.1,0.4,1.4,2.15,2.66
4,19.9,49.1,0.4,1.41,2.16,2.68
4,19.9,49.1,0.4,1.41,2.16,2.62
4,19.9,49.1,0.39,1.41,2.15,2.57
4,19.9,49.1,0.39,1.41,2.15,2.59
4,19.9,49.1,0.39,1.41,2.14,2.59
4,19.9,49.1,0.38,1.41,2.15,2.58
4,19.9,49.1,0.38,1.4,2.14,2.63
4,19.9,49.1,0.39,1.41,2.14,2.64
4,19.9,49.1,0.39,1.4,2.15,2.62
4,19.9,49.1,0.39,1.41,2.14,2.67
4,19.8,49.1,0.39,1.4,2.14,2.66
4,19.9,49.1,0.39,1.4,2.14,2.62
4,19.9,49.1,0.38,1.39,2.14,2.59
4,19.9,49.1,0.37,1.39,2.13,2.56
4,19.9,49.1,0.37,1.4,2.13,2.6
4,19.9,49.1,0.37,1.39,2.13,2.52
4,19.9,49.1,0.37,1.39,2.12,2.52
4,19.9,49.1,0.37,1.39,2.12,2.55
4,19.9,49.0,0.37,1.39,2.12,2.56
4,19.9,49.1,0.37,1.39,2.12,2.56
4,19.9,49.0,0.37,1.38,2.11,2.55
4,19.8,49.0,0.37,1.38,2.12,2.57
4,19.9,49.0,0.37,1.38,2.12,2.61
4,19.9,49.1,0.38,1.38,2.12,2.64
4,19.9,49.1,0.38,1.39,2.12,2.65
4,19.9,49.1,0.39,1.39,2.13,2.66
4,19.9,49.1,0.39,1.39,2.13,2.67
4,19.9,49.1,0.4,1.39,2.13,2.7
4,19.9,49.1,0.41,1.39,2.13,2.7
4,19.9,49.1,0.41,1.4,2.13,2.69
4,19.8,49.1,0.41,1.4,2.14,2.66
4,19.9,49.1,0.4,1.39,2.13,2.65
4,19.9,49.1,0.4,1.39,2.12,2.64
4,19.9,49.1,0.4,1.39,2.12,2.65
4,19.9,49.1,0.41,1.39,2.12,2.68
4,19.9,49.1,0.41,1.4,2.12,2.68
4,19.9,49.1,0.41,1.4,2.12,2.65
4,19.9,49.1,0.41,1.4,2.12,2.65
4,19.9,49.1,0.41,1.4,2.12,2.66
4,19.9,49.1,0.41,1.4,2.12,2.69
4,19.9,49.0,0.42,1.41,2.13,2.71
4,19.9,49.1,0.43,1.42,2.14,2.74
4,19.9,49.1,0.44,1.43,2.15,2.75
4,19.9,49.1,0.43,1.43,2.15,2.7
4,19.9,49.1,0.42,1.42,2.15,2.67
4,19.9,49.1,0.42,1.41,2.14,2.6
4,19.9,49.1,0.4,1.41,2.13,2.58
4,19.9,49.1,0.4,1.4,2.13,2.61
4,19.9,49.1,0.4,1.4,2.12,2.65
4,19.9,49.0,0.4,1.4,2.13,2.68
4,19.8,49.1,0.41,1.41,2.13,2.69
4,19.9,49.1,0.41,1.41,2.13,2.68
4,19.9,49.1,0.41,1.41,2.13,2.68
4,19.9,49.1,0.41,1.41,2.13,2.69
4,19.9,49.1,0.42,1.41,2.14,2.7
4,19.9,49.1,0.43,1.41,2.15,2.72
4,19.9,49.1,0.43,1.41,2.15,2.71
4,19.9,49.1,0.43,1.41,2.14,2.7
4,19.9,49.1,0.42,1.41,2.15,2.67
4,19.9,49.1,0.42,1.41,2.14,2.67
4,19.9,49.1,0.41,1.41,2.14,2.67
4,19.9,49.1,0.42,1.41,2.14,2.67
4,19.9,49.1,0.42,1.41,2.13,2.68
4,19.9,49.1,0.42,1.41,2.13,2.66
4,19.9,49.1,0.42,1.41,2.13,2.66
4,19.9,49.0,0.42,1.41,2.13,2.68
4,19.9,49.0,0.42,1.41,2.13,2.69
4,19.9,49.0,0.42,1.41,2.13,2.68
4,19.9,49.1,0.42,1.41,2.13,2.67
4,19.9,49.1,0.42,1.41,2.13,2.67
4,19.9,49.0,0.42,1.4,2.13,2.68
4,19.9,49.1,0.42,1.4,2.13,2.68
4,19.9,49.0,0.42,1.41,2.13,2.67
4,19.9,49.1,0.41,1.4,2.13,2.65
4,19.9,49.0,0.41,1.4,2.12,2.65
4,19.9,49.0,0.41,1.4,2.12,2.66
4,19.9,49.0,0.41,1.4,2.12,2.65
4,19.9,49.0,0.41,1.39,2.12,2.66
4,19.9,49.0,0.41,1.4,2.12,2.68
4,19.9,49.0,0.42,1.41,2.13,2.69
4,19.9,49.0,0.42,1.41,2.13,2.71
4,19.9,49.1,0.42,1.41,2.13,2.68
4,19.9,49.1,0.41,1.41,2.14,2.67
4,19.9,49.1,0.41,1.4,2.13,2.63
4,19.9,49.1,0.4,1.4,2.13,2.63
4,19.9,49.1,0.4,1.4,2.13,2.64
4,19.9,49.1,0.4,1.4,2.13,2.62
4,19.9,49.0,0.4,1.39,2.13,2.62
4,19.9,49.0,0.39,1.39,2.13,2.62
4,19.9,49.0,0.39,1.39,2.12,2.61
4,19.9,49.0,0.39,1.39,2.12,2.64
4,19.9,49.1,0.38,1.39,2.13,2.6
4,19.9,49.0,0.38,1.39,2.12,2.57
4,19.8,49.1,0.38,1.38,2.11,2.54
4,19.8,49.0,0.37,1.38,2.11,2.55
4,19.9,49.0,0.38,1.37,2.11,2.57
4,19.9,49.0,0.37,1.37,2.11,2.54
4,19.9,49.0,0.37,1.37,2.11,2.57
4,19.9,49.0,0.37,1.37,2.11,2.53
4,19.9,49.1,0.37,1.37,2.11,2.54
4,19.9,49.0,0.37,1.37,2.1,2.56
4,19.9,49.0,0.37,1.37,2.1,2.61
4,19.9,49.0,0.38,1.37,2.11,2.62
4,19.9,49.1,0.38,1.37,2.11,2.65
4,19.9,49.0,0.38,1.37,2.12,2.62
4,19.8,49.1,0.38,1.37,2.12,2.6
4,19.9,49.1,0.38,1.37,2.11,2.58
4,19.9,49.1,0.38,1.37,2.11,2.58
4,19.9,49.1,0.37,1.37,2.11,2.55
4,19.9,49.1,0.38,1.37,2.11,2.58
4,19.9,49.1,0.38,1.37,2.11,2.64
4,19.9,49.1,0.38,1.37,2.11,2.61
4,19.9,49.1,0.38,1.37,2.11,2.6
4,19.8,49.0,0.38,1.37,2.11,2.57
4,19.8,49.0,0.38,1.36,2.1,2.58
4,19.8,49.0,0.37,1.36,2.1,2.58
4,19.8,49.0,0.38,1.36,2.1,2.59
4,19.9,49.0,0.38,1.36,2.1,2.65
4,19.9,49.1,0.39,1.36,2.11,2.66
4,19.8,49.1,0.39,1.37,2.11,2.68
4,19.9,49.1,0.39,1.37,2.11,2.66
4,19.8,49.1,0.39,1.37,2.12,2.64
4,19.9,49.1,0.39,1.37,2.12,2.65
4,19.9,49.1,0.39,1.37,2.12,2.65
4,19.8,49.1,0.4,1.37,2.12,2.64
4,19.9,49.1,0.39,1.36,2.11,2.62
4,19.8,49.1,0.4,1.37,2.12,2.64
4,19.8,49.1,0.39,1.37,2.12,2.61
4,19.9,49.1,0.38,1.36,2.11,2.58
4,19.8,49.1,0.38,1.36,2.11,2.58
4,19.9,49.1,0.38,1.36,2.11,2.6
4,19.8,49.1,0.38,1.36,2.11,2.61
4,19.9,49.1,0.38,1.36,2.11,2.61
4,19.8,49.1,0.39,1.36,2.1,2.65
4,19.8,49.1,0.39,1.36,2.1,2.64
4,19.8,49.1,0.4,1.37,2.11,2.67
4,19.8,49.1,0.4,1.37,2.11,2.68
4,19.8,49.1,0.41,1.37,2.11,2.69
4,19.9,49.1,0.41,1.38,2.11,2.67
4,19.9,49.1,0.4,1.37,2.11,2.63
4,19.9,49.1,0.39,1.37,2.11,2.62
4,19.8,49.1,0.39,1.37,2.11,2.58
4,19.8,49.1,0.38,1.36,2.11,2.58
4,19.9,49.1,0.38,1.36,2.11,2.59
4,19.8,49.1,0.38,1.36,2.11,2.59
4,19.8,49.1,0.38,1.37,2.11,2.58
4,19.8,49.1,0.38,1.37,2.11,2.55
4,19.9,49.1,0.37,1.36,2.11,2.57
4,19.8,49.1,0.38,1.36,2.11,2.57
4,19.8,49.1,0.38,1.36,2.11,2.59
4,19.8,49.1,0.38,1.36,2.11,2.61
4,19.9,49.1,0.37,1.36,2.11,2.57
4,19.8,49.1,0.38,1.36,2.1,2.59
4,19.8,49.1,0.37,1.36,2.1,2.57
4,19.8,49.1,0.37,1.36,2.1,2.55
4,19.8,49.1,0.37,1.36,2.11,2.55
4,19.8,49.1,0.37,1.36,2.1,2.54
4,19.8,49.1,0.37,1.36,2.1,2.59
4,19.9,49.1,0.37,1.36,2.1,2.55
4,19.8,49.1,0.37,1.36,2.1,2.59
4,19.9,49.1,0.37,1.35,2.1,2.53
4,19.8,49.1,0.36,1.35,2.1,2.55
4,19.9,49.1,0.37,1.36,2.1,2.63
4,19.8,49.1,0.37,1.37,2.1,2.6
4,19.8,49.1,0.37,1.37,2.1,2.59
4,19.8,49.0,0.37,1.37,2.1,2.59
4,19.8,49.1,0.37,1.37,2.1,2.6
4,19.8,49.1,0.38,1.38,2.11,2.65
4,19.9,49.1,0.38,1.38,2.11,2.63
4,19.9,49.1,0.38,1.37,2.11,2.62
4,19.8,49.1,0.38,1.37,2.11,2.62
4,19.9,49.1,0.38,1.37,2.11,2.62
4,19.9,49.1,0.38,1.37,2.11,2.62
4,19.8,49.1,0.39,1.37,2.11,2.66
4,19.8,49.1,0.39,1.37,2.11,2.66
4,19.9,49.1,0.4,1.37,2.11,2.68
4,19.8,49.1,0.4,1.38,2.12,2.68
4,19.8,49.1,0.4,1.38,2.12,2.68
4,19.8,49.1,0.4,1.38,2.12,2.64
4,19.8,49.1,0.4,1.38,2.11,2.68
4,19.8,49.1,0.41,1.38,2.12,2.71
4,19.8,49.1,0.41,1.39,2.13,2.71
4,19.8,49.1,0.42,1.39,2.13,2.71
4,19.8,49.1,0.41,1.39,2.13,2.7
4,19.8,49.1,0.41,1.39,2.13,2.68
4,19.8,49.1,0.41,1.39,2.13,2.66
4,19.9,49.1,0.41,1.39,2.12,2.61
4,19.9,49.1,0.4,1.38,2.11,2.6
4,19.8,49.1,0.39,1.38,2.11,2.58
4,19.8,49.1,0.38,1.37,2.1,2.53
4,19.9,49.1,0.38,1.37,2.1,2.53
4,19.8,49.1,0.38,1.37,2.1,2.56
4,19.8,49.1,0.38,1.37,2.11,2.65
4,19.8,49.1,0.39,1.37,2.11,2.66
4,19.8,49.1,0.4,1.37,2.11,2.67
4,19.8,49.1,0.41,1.38,2.12,2.71
4,19.8,49.1,0.41,1.39,2.12,2.71
4,19.8,49.1,0.42,1.39,2.13,2.71
4,19.8,49.1,0.42,1.4,2.13,2.71
4,19.8,49.1,0.42,1.4,2.13,2.68
4,19.8,49.1,0.42,1.39,2.13,2.68
4,19.9,49.1,0.41,1.39,2.13,2.64
4,19.8,49.1,0.4,1.39,2.13,2.56
4,19.8,49.1,0.39,1.38,2.12,2.54
4,19.8,49.1,0.38,1.38,2.12,2.53
4,19.8,49.1,0.38,1.38,2.12,2.62
4,19.8,49.1,0.38,1.39,2.12,2.61
4,19.8,49.1,0.39,1.4,2.13,2.72
4,19.9,49.1,0.4,1.41,2.13,2.64
4,19.8,49.1,0.39,1.41,2.13,2.63
4,19.8,49.1,0.38,1.4,2.13,2.56
4,19.8,49.1,0.38,1.4,2.12,2.54
4,19.9,49.1,0.38,1.39,2.12,2.58
4,19.8,49.1,0.38,1.39,2.12,2.59
4,19.8,49.1,0.38,1.39,2.11,2.59
4,19.9,49.1,0.38,1.38,2.11,2.61
4,19.8,49.1,0.38,1.38,2.11,2.62
4,19.8,49.1,0.38,1.38,2.11,2.62
4,19.9,49.1,0.39,1.38,2.11,2.64
4,19.8,49.1,0.39,1.38,2.11,2.62
4,19.8,49.1,0.38,1.38,2.11,2.59
4,19.8,49.1,0.38,1.37,2.1,2.54
4,19.8,49.1,0.37,1.37,2.1,2.52
4,19.9,49.1,0.37,1.37,2.1,2.49
4,19.8,49.1,0.37,1.37,2.1,2.56
4,19.8,49.1,0.36,1.36,2.09,2.55
4,19.8,49.1,0.37,1.36,2.09,2.6
4,19.8,49.1,0.38,1.36,2.1,2.61
4,19.8,49.1,0.38,1.36,2.1,2.63
4,19.8,49.1,0.38,1.36,2.1,2.56
4,19.8,49.1,0.37,1.36,2.1,2.55
4,19.9,49.1,0.37,1.36,2.1,2.54
4,19.8,49.1,0.37,1.36,2.1,2.54
4,19.8,49.1,0.37,1.36,2.09,2.54
4,19.8,49.1,0.37,1.35,2.1,2.55
4,19.8,49.1,0.37,1.36,2.1,2.56
4,19.8,49.1,0.37,1.35,2.1,2.56
4,19.8,49.1,0.37,1.35,2.1,2.56
4,19.8,49.1,0.37,1.35,2.1,2.53
4,19.8,49.1,0.37,1.35,2.09,2.58
4,19.8,49.1,0.37,1.36,2.1,2.64
4,19.8,49.1,0.37,1.37,2.1,2.66
4,19.9,49.1,0.37,1.37,2.11,2.58
4,19.8,49.1,0.37,1.37,2.11,2.55
4,19.9,49.1,0.37,1.36,2.1,2.53
4,19.8,49.1,0.37,1.36,2.1,2.57
4,19.9,49.1,0.37,1.36,2.1,2.53
4,19.9,49.1,0.37,1.36,2.1,2.6
4,19.9,49.1,0.37,1.36,2.1,2.56
4,19.9,49.1,0.37,1.35,2.1,2.57
4,19.9,49.1,0.37,1.36,2.1,2.52
4,19.9,49.1,0.36,1.36,2.09,2.55
4,19.9,49.1,0.36,1.35,2.09,2.52
4,19.9,49.0,0.36,1.35,2.09,2.52
4,19.9,49.0,0.36,1.35,2.09,2.53
4,19.8,49.1,0.36,1.35,2.09,2.53
4,19.9,49.1,0.37,1.35,2.09,2.56
4,19.9,49.0,0.37,1.35,2.1,2.59
4,19.9,49.0,0.36,1.35,2.09,2.52
4,19.9,49.0,0.36,1.35,2.09,2.54
4,19.9,49.0,0.37,1.35,2.09,2.58
4,19.9,49.1,0.36,1.35,2.09,2.47
4,19.9,49.0,0.35,1.35,2.09,2.46
4,19.9,49.0,0.36,1.34,2.08,2.48
4,19.8,49.0,0.36,1.34,2.08,2.51
4,19.9,49.0,0.36,1.34,2.08,2.53
4,19.9,49.0,0.36,1.34,2.09,2.57
4,19.9,49.0,0.37,1.35,2.09,2.65
4,19.8,49.1,0.38,1.36,2.1,2.64
4,19.9,49.1,0.38,1.37,2.11,2.69
4,19.9,49.1,0.39,1.38,2.13,2.71
4,19.9,49.1,0.39,1.39,2.13,2.69
4,19.9,49.1,0.39,1.4,2.13,2.62
4,19.9,49.1,0.39,1.39,2.12,2.63
4,19.9,49.1,0.39,1.39,2.12,2.65
4,19.9,49.0,0.39,1.38,2.11,2.62
4,19.9,49.1,0.39,1.38,2.11,2.63
4,19.9,49.0,0.38,1.37,2.1,2.57
4,19.9,49.0,0.38,1.37,2.1,2.52
4,19.9,49.0,0.38,1.38,2.11,2.62
4,19.9,49.1,0.38,1.38,2.11,2.61
4,19.9,49.1,0.38,1.39,2.11,2.57
4,19.9,49.1,0.38,1.39,2.11,2.64
4,19.9,49.1,0.38,1.39,2.11,2.62
4,19.9,49.1,0.38,1.39,2.11,2.54
4,19.9,49.0,0.38,1.39,2.1,2.6
4,19.9,49.0,0.38,1.39,2.1,2.63
4,19.9,49.0,0.38,1.39,2.11,2.54
4,19.9,49.1,0.37,1.38,2.1,2.52
4,19.9,49.1,0.37,1.38,2.1,2.54
4,19.9,49.0,0.37,1.38,2.1,2.52
4,19.9,49.0,0.36,1.38,2.09,2.51
4,19.9,49.1,0.36,1.37,2.09,2.53
4,19.9,49.0,0.37,1.37,2.09,2.57
4,19.9,49.0,0.37,1.37,2.09,2.62
4,19.9,49.0,0.37,1.37,2.1,2.6
4,19.9,49.0,0.38,1.37,2.1,2.6
4,19.9,49.0,0.38,1.37,2.09,2.58
4,19.9,49.0,0.37,1.37,2.09,2.6
4,19.9,49.0,0.37,1.36,2.09,2.56
4,19.9,49.0,0.37,1.36,2.09,2.57
4,19.9,49.1,0.37,1.36,2.09,2.58
4,19.9,49.0,0.37,1.36,2.09,2.58
4,19.9,49.0,0.37,1.36,2.09,2.6
4,19.9,49.1,0.37,1.36,2.09,2.55
4,19.9,49.0,0.37,1.36,2.09,2.56
4,19.9,49.0,0.37,1.36,2.09,2.53
4,19.9,49.0,0.36,1.36,2.09,2.55
4,19.9,49.0,0.36,1.36,2.09,2.55
4,19.9,49.0,0.37,1.36,2.09,2.64
4,19.8,49.0,0.38,1.36,2.09,2.62
4,19.9,49.1,0.39,1.36,2.1,2.65
4,19.9,49.0,0.39,1.37,2.1,2.66
4,19.9,49.1,0.39,1.37,2.1,2.68
4,19.9,49.1,0.4,1.37,2.11,2.69
4,19.9,49.1,0.41,1.37,2.11,2.7
4,19.9,49.1,0.41,1.38,2.12,2.71
4,19.9,49.1,0.42,1.38,2.12,2.7
4,19.9,49.1,0.41,1.38,2.12,2.67
4,19.9,49.1,0.4,1.38,2.12,2.61
4,19.9,49.1,0.39,1.37,2.11,2.59
4,19.9,49.1,0.39,1.37,2.1,2.59
4,19.9,49.1,0.39,1.37,2.1,2.59
4,19.9,49.1,0.39,1.36,2.1,2.62
4,19.9,49.1,0.39,1.36,2.09,2.62
4,19.9,49.0,0.39,1.36,2.09,2.63
4,19.9,49.1,0.4,1.36,2.1,2.63
4,19.8,49.1,0.39,1.36,2.1,2.62
4,19.9,49.1,0.39,1.36,2.1,2.58
4,19.9,49.1,0.38,1.36,2.1,2.53
4,19.8,49.1,0.38,1.36,2.1,2.54
4,19.9,49.1,0.37,1.35,2.09,2.51
4,19.8,49.1,0.37,1.35,2.09,2.54
4,19.8,49.1,0.37,1.35,2.09,2.55
4,19.8,49.1,0.37,1.35,2.09,2.58
4,19.8,49.1,0.37,1.35,2.09,2.6
4,19.8,49.1,0.38,1.35,2.09,2.62
4,19.8,49.1,0.39,1.35,2.09,2.65
4,19.8,49.1,0.39,1.35,2.09,2.65
4,19.8,49.1,0.39,1.35,2.09,2.63
4,19.9,49.1,0.39,1.35,2.09,2.59
4,19.8,49.1,0.38,1.35,2.08,2.52
4,19.8,49.1,0.37,1.35,2.08,2.51
4,19.9,49.1,0.37,1.35,2.08,2.54
4,19.8,49.1,0.37,1.35,2.08,2.54
4,19.8,49.1,0.37,1.35,2.08,2.54
4,19.8,49.1,0.37,1.35,2.08,2.56
4,19.8,49.1,0.37,1.35,2.09,2.58
4,19.8,49.1,0.37,1.35,2.08,2.56
4,19.8,49.1,0.37,1.34,2.09,2.53
4,19.8,49.1,0.37,1.34,2.09,2.54
4,19.8,49.1,0.36,1.34,2.09,2.52
4,19.8,49.1,0.36,1.34,2.09,2.54
4,19.8,49.1,0.37,1.34,2.08,2.55
4,19.8,49.1,0.36,1.34,2.08,2.56
4,19.8,49.1,0.36,1.34,2.07,2.5
4,19.8,49.1,0.36,1.33,2.07,2.54
4,19.8,49.1,0.37,1.34,2.07,2.6
4,19.8,49.1,0.37,1.34,2.07,2.59
4,19.8,49.1,0.37,1.34,2.07,2.63
4,19.8,49.1,0.38,1.34,2.07,2.66
4,19.8,49.1,0.39,1.35,2.08,2.66
4,19.8,49.1,0.39,1.35,2.08,2.65
4,19.8,49.1,0.39,1.35,2.08,2.56
4,19.8,49.1,0.38,1.34,2.08,2.5
4,19.8,49.1,0.37,1.34,2.08,2.54
4,19.8,49.1,0.37,1.34,2.08,2.51
4,19.8,49.1,0.37,1.34,2.08,2.52
4,19.8,49.1,0.36,1.34,2.08,2.53
4,19.8,49.1,0.37,1.34,2.08,2.54
4,19.8,49.1,0.37,1.34,2.08,2.56
4,19.8,49.1,0.36,1.34,2.08,2.54
4,19.8,49.1,0.36,1.33,2.08,2.54
4,19.8,49.1,0.36,1.34,2.08,2.52
4,19.8,49.1,0.37,1.34,2.08,2.53
4,19.8,49.1,0.36,1.34,2.08,2.56
4,19.8,49.1,0.37,1.34,2.08,2.61
4,19.8,49.1,0.37,1.34,2.08,2.61
4,19.8,49.1,0.37,1.34,2.08,2.56
4,19.8,49.1,0.37,1.34,2.08,2.59
4,19.8,49.1,0.37,1.34,2.08,2.59
4,19.8,49.1,0.37,1.34,2.08,2.59
4,19.8,49.1,0.37,1.34,2.08,2.55
4,19.8,49.1,0.37,1.34,2.08,2.54
4,19.8,49.1,0.36,1.34,2.08,2.56
4,19.8,49.1,0.36,1.34,2.08,2.56
4,19.8,49.1,0.37,1.34,2.08,2.55
4,19.8,49.1,0.36,1.34,2.08,2.53
4,19.8,49.1,0.36,1.34,2.08,2.54
4,19.8,49.1,0.36,1.34,2.07,2.51
4,19.8,49.1,0.36,1.33,2.07,2.47
4,19.8,49.1,0.36,1.33,2.07,2.49
4,19.8,49.1,0.36,1.33,2.07,2.53
4,19.8,49.1,0.36,1.33,2.07,2.53
4,19.8,49.1,0.36,1.33,2.07,2.53
4,19.8,49.1,0.36,1.33,2.07,2.51
4,19.8,49.1,0.36,1.33,2.07,2.51
4,19.8,49.1,0.36,1.33,2.07,2.55
4,19.8,49.1,0.36,1.34,2.07,2.58
4,19.8,49.1,0.37,1.34,2.08,2.55
4,19.8,49.1,0.36,1.34,2.08,2.59
4,19.8,49.1,0.38,1.35,2.09,2.68
4,19.8,49.2,0.38,1.35,2.1,2.6
4,19.8,49.2,0.38,1.36,2.11,2.73
4,19.8,49.2,0.38,1.37,2.12,2.61
4,19.8,49.2,0.37,1.37,2.11,2.57
4,19.8,49.2,0.37,1.36,2.1,2.5
4,19.8,49.1,0.37,1.36,2.1,2.53
4,19.8,49.1,0.36,1.35,2.09,2.49
4,19.8,49.1,0.35,1.35,2.08,2.46
4,19.9,49.1,0.35,1.35,2.08,2.51
4,19.8,49.1,0.35,1.34,2.07,2.45
4,19.8,49.1,0.35,1.34,2.06,2.43
4,19.9,49.1,0.35,1.33,2.07,2.52
4,19.8,49.1,0.35,1.34,2.07,2.54
4,19.8,49.1,0.36,1.34,2.07,2.59
4,19.9,49.1,0.37,1.35,2.08,2.62
4,19.8,49.1,0.36,1.34,2.08,2.57
4,19.8,49.1,0.36,1.34,2.08,2.55
4,19.8,49.1,0.36,1.34,2.08,2.55
4,19.9,49.1,0.36,1.34,2.08,2.54
4,19.9,49.1,0.36,1.34,2.08,2.55
4,19.8,49.1,0.36,1.34,2.08,2.58
4,19.8,49.1,0.36,1.34,2.08,2.6
4,19.9,49.1,0.36,1.34,2.08,2.56
4,19.9,49.1,0.37,1.34,2.08,2.55
4,19.9,49.1,0.37,1.34,2.08,2.55
4,19.8,49.1,0.37,1.34,2.08,2.53
4,19.8,49.1,0.36,1.34,2.08,2.55
4,19.8,49.1,0.36,1.34,2.08,2.56
4,19.8,49.1,0.36,1.34,2.08,2.52
4,19.9,49.1,0.36,1.34,2.08,2.49
4,19.8,49.1,0.36,1.34,2.08,2.53
4,19.9,49.1,0.36,1.34,2.08,2.62
4,19.8,49.1,0.37,1.34,2.08,2.62
4,19.9,49.1,0.36,1.35,2.09,2.55
4,19.8,49.1,0.37,1.34,2.09,2.57
4,19.8,49.1,0.37,1.35,2.08,2.6
4,19.8,49.1,0.37,1.35,2.09,2.63
4,19.8,49.1,0.37,1.36,2.1,2.6
4,19.9,49.1,0.38,1.35,2.1,2.61
4,19.8,49.1,0.37,1.35,2.1,2.64
4,19.8,49.1,0.38,1.36,2.1,2.67
4,19.9,49.1,0.4,1.36,2.11,2.67
4,19.8,49.1,0.38,1.36,2.11,2.59
4,19.9,49.1,0.39,1.36,2.11,2.62
4,19.8,49.1,0.39,1.36,2.11,2.61
4,19.9,49.1,0.39,1.37,2.11,2.6
4,19.8,49.2,0.39,1.38,2.12,2.66
4,19.8,49.2,0.39,1.38,2.13,2.68
4,19.8,49.1,0.4,1.39,2.14,2.66
4,19.8,49.2,0.39,1.39,2.13,2.57
4,19.8,49.2,0.38,1.38,2.13,2.56
4,19.8,49.2,0.38,1.39,2.12,2.54
4,19.9,49.1,0.38,1.37,2.12,2.55
4,19.8,49.1,0.37,1.37,2.12,2.59
4,19.8,49.1,0.37,1.37,2.12,2.54
4,19.8,49.1,0.37,1.37,2.11,2.54
4,19.8,49.1,0.37,1.37,2.11,2.58
4,19.8,49.1,0.37,1.37,2.1,2.59
4,19.8,49.1,0.37,1.37,2.1,2.61
4,19.8,49.1,0.37,1.36,2.1,2.59
4,19.9,49.1,0.36,1.36,2.09,2.51
4,19.9,49.1,0.36,1.35,2.09,2.49
4,19.8,49.1,0.36,1.35,2.08,2.52
4,19.9,49.1,0.36,1.35,2.08,2.5
4,19.8,49.1,0.36,1.35,2.08,2.55
4,19.8,49.1,0.36,1.35,2.08,2.55
4,19.9,49.1,0.36,1.35,2.08,2.56
4,19.8,49.1,0.37,1.35,2.08,2.62
4,19.9,49.1,0.37,1.35,2.09,2.61
4,19.9,49.1,0.38,1.35,2.09,2.63
4,19.8,49.1,0.39,1.35,2.09,2.64
4,19.8,49.1,0.39,1.35,2.09,2.64
4,19.8,49.1,0.38,1.35,2.09,2.61
4,19.8,49.1,0.38,1.35,2.09,2.61
4,19.8,49.1,0.38,1.35,2.08,2.58
4,19.8,49.1,0.38,1.35,2.08,2.58
4,19.9,49.1,0.37,1.35,2.08,2.6
4,19.8,49.1,0.38,1.35,2.08,2.58
4,19.8,49.1,0.38,1.35,2.08,2.65
4,19.8,49.1,0.39,1.35,2.08,2.68
4,19.8,49.1,0.4,1.36,2.09,2.69
4,19.8,49.1,0.4,1.36,2.1,2.7
4,19.8,49.1,0.41,1.36,2.1,2.68
4,19.8,49.2,0.4,1.36,2.1,2.65
4,19.8,49.2,0.4,1.36,2.1,2.62
4,19.8,49.2,0.4,1.36,2.1,2.65
4,19.8,49.2,0.4,1.36,2.11,2.64
4,19.8,49.2,0.39,1.36,2.1,2.58
4,19.8,49.1,0.39,1.36,2.1,2.57
4,19.8,49.1,0.38,1.35,2.09,2.55
4,19.8,49.1,0.37,1.35,2.09,2.52
4,19.8,49.1,0.37,1.35,2.08,2.53
4,19.8,49.1,0.37,1.35,2.08,2.56
4,19.8,49.1,0.37,1.35,2.09,2.59
4,19.8,49.1,0.37,1.35,2.09,2.57
4,19.8,49.1,0.38,1.35,2.09,2.62
4,19.8,49.1,0.38,1.35,2.09,2.62
4,19.8,49.1,0.39,1.35,2.1,2.67
4,19.8,49.2,0.39,1.36,2.1,2.69
4,19.8,49.2,0.4,1.36,2.11,2.71
4,19.8,49.2,0.41,1.37,2.11,2.7
4,19.8,49.2,0.41,1.37,2.12,2.69
4,19.8,49.2,0.41,1.37,2.12,2.68
4,19.8,49.2,0.41,1.38,2.12,2.68
4,19.8,49.2,0.41,1.38,2.12,2.66
4,19.8,49.2,0.41,1.37,2.11,2.64
4,19.8,49.2,0.4,1.37,2.11,2.59
4,19.8,49.2,0.39,1.36,2.11,2.54
4,19.8,49.2,0.38,1.36,2.1,2.55
4,19.8,49.2,0.38,1.36,2.1,2.54
4,19.8,49.1,0.37,1.35,2.1,2.54
4,19.8,49.2,0.37,1.36,2.1,2.55
4,19.8,49.2,0.37,1.36,2.09,2.55
4,19.7,49.2,0.37,1.35,2.09,2.54
4,19.8,49.2,0.37,1.35,2.09,2.57
4,19.8,49.2,0.37,1.35,2.09,2.52
4,19.8,49.2,0.36,1.35,2.08,2.51
4,19.8,49.1,0.36,1.35,2.08,2.5
4,19.8,49.1,0.36,1.35,2.08,2.51
4,19.8,49.2,0.36,1.34,2.08,2.55
4,19.8,49.1,0.37,1.35,2.08,2.61
4,19.8,49.2,0.38,1.35,2.09,2.63
4,19.8,49.2,0.38,1.35,2.09,2.63
4,19.8,49.2,0.37,1.34,2.09,2.56
4,19.8,49.2,0.37,1.34,2.09,2.55
4,19.8,49.1,0.37,1.34,2.08,2.52
4,19.8,49.1,0.37,1.34,2.08,2.55
4,19.8,49.1,0.37,1.35,2.08,2.59
4,19.8,49.1,0.37,1.34,2.08,2.55
4,19.8,49.2,0.37,1.34,2.08,2.57
4,19.8,49.2,0.37,1.34,2.08,2.6
4,19.8,49.2,0.37,1.34,2.08,2.56
4,19.8,49.1,0.38,1.34,2.08,2.62
4,19.8,49.2,0.39,1.34,2.08,2.63
4,19.8,49.1,0.39,1.34,2.08,2.64
4,19.8,49.2,0.39,1.35,2.08,2.65
4,19.8,49.2,0.4,1.35,2.08,2.66
4,19.8,49.2,0.4,1.35,2.09,2.67
4,19.8,49.2,0.41,1.36,2.09,2.67
4,19.7,49.2,0.4,1.36,2.1,2.62
4,19.8,49.2,0.39,1.35,2.08,2.57
4,19.8,49.2,0.38,1.35,2.07,2.48
4,19.8,49.1,0.37,1.34,2.06,2.54
4,19.8,49.1,0.38,1.34,2.06,2.6
4,19.8,49.1,0.38,1.34,2.07,2.65
4,19.8,49.1,0.39,1.35,2.07,2.65
4,19.8,49.1,0.39,1.35,2.07,2.65
4,19.8,49.1,0.39,1.35,2.07,2.65
4,19.8,49.1,0.4,1.35,2.08,2.66
4,19.8,49.1,0.4,1.35,2.08,2.65
4,19.8,49.2,0.4,1.35,2.09,2.6
4,19.8,49.2,0.39,1.35,2.09,2.57
4,19.8,49.2,0.38,1.35,2.09,2.54
4,19.8,49.1,0.37,1.35,2.09,2.59
4,19.8,49.1,0.38,1.34,2.09,2.55
4,19.8,49.2,0.38,1.34,2.08,2.64
4,19.8,49.1,0.39,1.35,2.09,2.66
4,19.8,49.2,0.4,1.35,2.09,2.68
4,19.8,49.2,0.4,1.35,2.1,2.67
4,19.8,49.1,0.4,1.35,2.1,2.65
4,19.8,49.2,0.4,1.35,2.1,2.62
4,19.8,49.2,0.39,1.35,2.1,2.57
4,19.8,49.2,0.38,1.35,2.09,2.53
4,19.8,49.2,0.37,1.35,2.09,2.52
4,19.8,49.1,0.38,1.35,2.09,2.59
4,19.8,49.2,0.38,1.35,2.09,2.54
4,19.9,49.2,0.37,1.35,2.09,2.55
4,19.8,49.1,0.37,1.35,2.09,2.53
4,19.8,49.2,0.37,1.35,2.09,2.5
4,19.8,49.1,0.36,1.35,2.08,2.52
4,19.8,49.1,0.36,1.35,2.07,2.56
4,19.8,49.1,0.37,1.35,2.08,2.63
4,19.8,49.1,0.38,1.35,2.09,2.63
4,19.8,49.2,0.38,1.35,2.09,2.62
4,19.8,49.1,0.38,1.35,2.09,2.56
4,19.8,49.2,0.37,1.35,2.08,2.54
4,19.8,49.1,0.37,1.35,2.08,2.55
4,19.8,49.1,0.38,1.35,2.08,2.58
4,19.8,49.1,0.38,1.35,2.07,2.61
4,19.8,49.1,0.39,1.35,2.07,2.66
4,19.8,49.1,0.4,1.35,2.08,2.7
4,19.8,49.1,0.41,1.36,2.09,2.7
4,19.8,49.2,0.41,1.36,2.1,2.67
4,19.8,49.2,0.4,1.35,2.1,2.62
4,19.8,49.2,0.4,1.35,2.09,2.6
4,19.8,49.2,0.39,1.35,2.09,2.59
4,19.8,49.1,0.39,1.35,2.08,2.6
4,19.8,49.1,0.39,1.35,2.08,2.61
4,19.8,49.1,0.39,1.35,2.08,2.63
4,19.8,49.2,0.39,1.35,2.08,2.62
4,19.8,49.2,0.39,1.35,2.08,2.64
4,19.8,49.2,0.4,1.35,2.08,2.66
4,19.8,49.1,0.4,1.36,2.08,2.67
4,19.8,49.2,0.41,1.37,2.09,2.68
4,19.8,49.2,0.41,1.38,2.1,2.68
4,19.8,49.2,0.42,1.39,2.1,2.69
4,19.8,49.2,0.42,1.38,2.11,2.67
